2025-05-25 10:04:57,970 [Worker-5: Loading available Gradle versions] INFO  o.e.b.c.i.u.g.PublishedGradleVersions - Gradle version information cache is up-to-date. Trying to read.
2025-05-25 10:19:28,102 [Worker-33: Importing Maven projects] INFO  o.e.m.c.i.e.AbstractTransferListenerAdapter - Downloading https://repo.spring.io/milestone/org/springframework/boot/spring-boot-starter-parent/3.3.0-M3/spring-boot-starter-parent-3.3.0-M3.pom
2025-05-25 10:19:28,309 [Worker-33: Importing Maven projects] INFO  o.e.m.c.i.e.AbstractTransferListenerAdapter - Downloaded https://repo.spring.io/milestone/org/springframework/boot/spring-boot-starter-parent/3.3.0-M3/spring-boot-starter-parent-3.3.0-M3.pom
2025-05-25 10:19:28,544 [Worker-33: Importing Maven projects] INFO  o.e.m.c.i.e.AbstractTransferListenerAdapter - Downloading https://repo.spring.io/milestone/org/springframework/boot/spring-boot-dependencies/3.3.0-M3/spring-boot-dependencies-3.3.0-M3.pom
2025-05-25 10:19:28,979 [Worker-33: Importing Maven projects] INFO  o.e.m.c.i.e.AbstractTransferListenerAdapter - Downloaded https://repo.spring.io/milestone/org/springframework/boot/spring-boot-dependencies/3.3.0-M3/spring-boot-dependencies-3.3.0-M3.pom
2025-05-25 10:19:29,239 [Worker-33: Importing Maven projects] INFO  o.e.m.c.i.e.AbstractTransferListenerAdapter - Downloaded https://repo.spring.io/milestone/org/assertj/assertj-bom/3.25.3/assertj-bom-3.25.3.pom
2025-05-25 10:19:29,288 [Worker-33: Importing Maven projects] INFO  o.e.m.c.i.e.AbstractTransferListenerAdapter - Downloading https://repo.maven.apache.org/maven2/org/assertj/assertj-bom/3.25.3/assertj-bom-3.25.3.pom
2025-05-25 10:19:29,292 [Worker-33: Importing Maven projects] INFO  o.e.m.c.i.e.AbstractTransferListenerAdapter - Downloaded https://repo.maven.apache.org/maven2/org/assertj/assertj-bom/3.25.3/assertj-bom-3.25.3.pom
2025-05-25 10:19:29,517 [Worker-33: Importing Maven projects] INFO  o.e.m.c.i.e.AbstractTransferListenerAdapter - Downloaded https://repo.spring.io/milestone/io/zipkin/reporter2/zipkin-reporter-bom/3.3.0/zipkin-reporter-bom-3.3.0.pom
2025-05-25 10:19:29,532 [Worker-33: Importing Maven projects] INFO  o.e.m.c.i.e.AbstractTransferListenerAdapter - Downloading https://repo.maven.apache.org/maven2/io/zipkin/reporter2/zipkin-reporter-bom/3.3.0/zipkin-reporter-bom-3.3.0.pom
2025-05-25 10:19:29,536 [Worker-33: Importing Maven projects] INFO  o.e.m.c.i.e.AbstractTransferListenerAdapter - Downloaded https://repo.maven.apache.org/maven2/io/zipkin/reporter2/zipkin-reporter-bom/3.3.0/zipkin-reporter-bom-3.3.0.pom
2025-05-25 10:19:29,763 [Worker-33: Importing Maven projects] INFO  o.e.m.c.i.e.AbstractTransferListenerAdapter - Downloaded https://repo.spring.io/milestone/io/zipkin/brave/brave-bom/6.0.2/brave-bom-6.0.2.pom
2025-05-25 10:19:29,775 [Worker-33: Importing Maven projects] INFO  o.e.m.c.i.e.AbstractTransferListenerAdapter - Downloading https://repo.maven.apache.org/maven2/io/zipkin/brave/brave-bom/6.0.2/brave-bom-6.0.2.pom
2025-05-25 10:19:29,782 [Worker-33: Importing Maven projects] INFO  o.e.m.c.i.e.AbstractTransferListenerAdapter - Downloaded https://repo.maven.apache.org/maven2/io/zipkin/brave/brave-bom/6.0.2/brave-bom-6.0.2.pom
2025-05-25 10:19:30,004 [Worker-33: Importing Maven projects] INFO  o.e.m.c.i.e.AbstractTransferListenerAdapter - Downloaded https://repo.spring.io/milestone/com/datastax/oss/java-driver-bom/4.17.0/java-driver-bom-4.17.0.pom
2025-05-25 10:19:30,015 [Worker-33: Importing Maven projects] INFO  o.e.m.c.i.e.AbstractTransferListenerAdapter - Downloading https://repo.maven.apache.org/maven2/com/datastax/oss/java-driver-bom/4.17.0/java-driver-bom-4.17.0.pom
2025-05-25 10:19:30,018 [Worker-33: Importing Maven projects] INFO  o.e.m.c.i.e.AbstractTransferListenerAdapter - Downloaded https://repo.maven.apache.org/maven2/com/datastax/oss/java-driver-bom/4.17.0/java-driver-bom-4.17.0.pom
2025-05-25 10:19:30,246 [Worker-33: Importing Maven projects] INFO  o.e.m.c.i.e.AbstractTransferListenerAdapter - Downloaded https://repo.spring.io/milestone/org/apache/groovy/groovy-bom/4.0.20/groovy-bom-4.0.20.pom
2025-05-25 10:19:30,256 [Worker-33: Importing Maven projects] INFO  o.e.m.c.i.e.AbstractTransferListenerAdapter - Downloading https://repo.maven.apache.org/maven2/org/apache/groovy/groovy-bom/4.0.20/groovy-bom-4.0.20.pom
2025-05-25 10:19:30,263 [Worker-33: Importing Maven projects] INFO  o.e.m.c.i.e.AbstractTransferListenerAdapter - Downloaded https://repo.maven.apache.org/maven2/org/apache/groovy/groovy-bom/4.0.20/groovy-bom-4.0.20.pom
2025-05-25 10:19:30,480 [Worker-33: Importing Maven projects] INFO  o.e.m.c.i.e.AbstractTransferListenerAdapter - Downloaded https://repo.spring.io/milestone/org/infinispan/infinispan-bom/15.0.0.Final/infinispan-bom-15.0.0.Final.pom
2025-05-25 10:19:30,491 [Worker-33: Importing Maven projects] INFO  o.e.m.c.i.e.AbstractTransferListenerAdapter - Downloading https://repo.maven.apache.org/maven2/org/infinispan/infinispan-bom/15.0.0.Final/infinispan-bom-15.0.0.Final.pom
2025-05-25 10:19:30,496 [Worker-33: Importing Maven projects] INFO  o.e.m.c.i.e.AbstractTransferListenerAdapter - Downloaded https://repo.maven.apache.org/maven2/org/infinispan/infinispan-bom/15.0.0.Final/infinispan-bom-15.0.0.Final.pom
2025-05-25 10:19:30,712 [Worker-33: Importing Maven projects] INFO  o.e.m.c.i.e.AbstractTransferListenerAdapter - Downloaded https://repo.spring.io/milestone/org/infinispan/infinispan-build-configuration-parent/15.0.0.Final/infinispan-build-configuration-parent-15.0.0.Final.pom
2025-05-25 10:19:30,727 [Worker-33: Importing Maven projects] INFO  o.e.m.c.i.e.AbstractTransferListenerAdapter - Downloading https://repo.maven.apache.org/maven2/org/infinispan/infinispan-build-configuration-parent/15.0.0.Final/infinispan-build-configuration-parent-15.0.0.Final.pom
2025-05-25 10:19:30,732 [Worker-33: Importing Maven projects] INFO  o.e.m.c.i.e.AbstractTransferListenerAdapter - Downloaded https://repo.maven.apache.org/maven2/org/infinispan/infinispan-build-configuration-parent/15.0.0.Final/infinispan-build-configuration-parent-15.0.0.Final.pom
2025-05-25 10:19:30,958 [Worker-33: Importing Maven projects] INFO  o.e.m.c.i.e.AbstractTransferListenerAdapter - Downloaded https://repo.spring.io/milestone/com/fasterxml/jackson/jackson-bom/2.17.0/jackson-bom-2.17.0.pom
2025-05-25 10:19:30,968 [Worker-33: Importing Maven projects] INFO  o.e.m.c.i.e.AbstractTransferListenerAdapter - Downloading https://repo.maven.apache.org/maven2/com/fasterxml/jackson/jackson-bom/2.17.0/jackson-bom-2.17.0.pom
2025-05-25 10:19:30,973 [Worker-33: Importing Maven projects] INFO  o.e.m.c.i.e.AbstractTransferListenerAdapter - Downloaded https://repo.maven.apache.org/maven2/com/fasterxml/jackson/jackson-bom/2.17.0/jackson-bom-2.17.0.pom
2025-05-25 10:19:31,198 [Worker-33: Importing Maven projects] INFO  o.e.m.c.i.e.AbstractTransferListenerAdapter - Downloaded https://repo.spring.io/milestone/org/glassfish/jersey/jersey-bom/3.1.5/jersey-bom-3.1.5.pom
2025-05-25 10:19:31,207 [Worker-33: Importing Maven projects] INFO  o.e.m.c.i.e.AbstractTransferListenerAdapter - Downloading https://repo.maven.apache.org/maven2/org/glassfish/jersey/jersey-bom/3.1.5/jersey-bom-3.1.5.pom
2025-05-25 10:19:31,210 [Worker-33: Importing Maven projects] INFO  o.e.m.c.i.e.AbstractTransferListenerAdapter - Downloaded https://repo.maven.apache.org/maven2/org/glassfish/jersey/jersey-bom/3.1.5/jersey-bom-3.1.5.pom
2025-05-25 10:19:31,426 [Worker-33: Importing Maven projects] INFO  o.e.m.c.i.e.AbstractTransferListenerAdapter - Downloaded https://repo.spring.io/milestone/org/eclipse/ee4j/project/1.0.8/project-1.0.8.pom
2025-05-25 10:19:31,436 [Worker-33: Importing Maven projects] INFO  o.e.m.c.i.e.AbstractTransferListenerAdapter - Downloading https://repo.maven.apache.org/maven2/org/eclipse/ee4j/project/1.0.8/project-1.0.8.pom
2025-05-25 10:19:31,439 [Worker-33: Importing Maven projects] INFO  o.e.m.c.i.e.AbstractTransferListenerAdapter - Downloaded https://repo.maven.apache.org/maven2/org/eclipse/ee4j/project/1.0.8/project-1.0.8.pom
2025-05-25 10:19:31,657 [Worker-33: Importing Maven projects] INFO  o.e.m.c.i.e.AbstractTransferListenerAdapter - Downloaded https://repo.spring.io/milestone/org/eclipse/jetty/ee10/jetty-ee10-bom/12.0.7/jetty-ee10-bom-12.0.7.pom
2025-05-25 10:19:31,669 [Worker-33: Importing Maven projects] INFO  o.e.m.c.i.e.AbstractTransferListenerAdapter - Downloading https://repo.maven.apache.org/maven2/org/eclipse/jetty/ee10/jetty-ee10-bom/12.0.7/jetty-ee10-bom-12.0.7.pom
2025-05-25 10:19:31,671 [Worker-33: Importing Maven projects] INFO  o.e.m.c.i.e.AbstractTransferListenerAdapter - Downloaded https://repo.maven.apache.org/maven2/org/eclipse/jetty/ee10/jetty-ee10-bom/12.0.7/jetty-ee10-bom-12.0.7.pom
2025-05-25 10:19:31,888 [Worker-33: Importing Maven projects] INFO  o.e.m.c.i.e.AbstractTransferListenerAdapter - Downloaded https://repo.spring.io/milestone/org/eclipse/jetty/jetty-bom/12.0.7/jetty-bom-12.0.7.pom
2025-05-25 10:19:31,898 [Worker-33: Importing Maven projects] INFO  o.e.m.c.i.e.AbstractTransferListenerAdapter - Downloading https://repo.maven.apache.org/maven2/org/eclipse/jetty/jetty-bom/12.0.7/jetty-bom-12.0.7.pom
2025-05-25 10:19:31,902 [Worker-33: Importing Maven projects] INFO  o.e.m.c.i.e.AbstractTransferListenerAdapter - Downloaded https://repo.maven.apache.org/maven2/org/eclipse/jetty/jetty-bom/12.0.7/jetty-bom-12.0.7.pom
2025-05-25 10:19:32,123 [Worker-33: Importing Maven projects] INFO  o.e.m.c.i.e.AbstractTransferListenerAdapter - Downloaded https://repo.spring.io/milestone/org/jetbrains/kotlin/kotlin-bom/1.9.23/kotlin-bom-1.9.23.pom
2025-05-25 10:19:32,134 [Worker-33: Importing Maven projects] INFO  o.e.m.c.i.e.AbstractTransferListenerAdapter - Downloading https://repo.maven.apache.org/maven2/org/jetbrains/kotlin/kotlin-bom/1.9.23/kotlin-bom-1.9.23.pom
2025-05-25 10:19:32,136 [Worker-33: Importing Maven projects] INFO  o.e.m.c.i.e.AbstractTransferListenerAdapter - Downloaded https://repo.maven.apache.org/maven2/org/jetbrains/kotlin/kotlin-bom/1.9.23/kotlin-bom-1.9.23.pom
2025-05-25 10:19:32,353 [Worker-33: Importing Maven projects] INFO  o.e.m.c.i.e.AbstractTransferListenerAdapter - Downloaded https://repo.spring.io/milestone/org/jetbrains/kotlinx/kotlinx-coroutines-bom/1.8.0/kotlinx-coroutines-bom-1.8.0.pom
2025-05-25 10:19:32,365 [Worker-33: Importing Maven projects] INFO  o.e.m.c.i.e.AbstractTransferListenerAdapter - Downloading https://repo.maven.apache.org/maven2/org/jetbrains/kotlinx/kotlinx-coroutines-bom/1.8.0/kotlinx-coroutines-bom-1.8.0.pom
2025-05-25 10:19:32,367 [Worker-33: Importing Maven projects] INFO  o.e.m.c.i.e.AbstractTransferListenerAdapter - Downloaded https://repo.maven.apache.org/maven2/org/jetbrains/kotlinx/kotlinx-coroutines-bom/1.8.0/kotlinx-coroutines-bom-1.8.0.pom
2025-05-25 10:19:32,587 [Worker-33: Importing Maven projects] INFO  o.e.m.c.i.e.AbstractTransferListenerAdapter - Downloaded https://repo.spring.io/milestone/org/apache/logging/log4j/log4j-bom/2.23.1/log4j-bom-2.23.1.pom
2025-05-25 10:19:32,597 [Worker-33: Importing Maven projects] INFO  o.e.m.c.i.e.AbstractTransferListenerAdapter - Downloading https://repo.maven.apache.org/maven2/org/apache/logging/log4j/log4j-bom/2.23.1/log4j-bom-2.23.1.pom
2025-05-25 10:19:32,600 [Worker-33: Importing Maven projects] INFO  o.e.m.c.i.e.AbstractTransferListenerAdapter - Downloaded https://repo.maven.apache.org/maven2/org/apache/logging/log4j/log4j-bom/2.23.1/log4j-bom-2.23.1.pom
2025-05-25 10:19:32,815 [Worker-33: Importing Maven projects] INFO  o.e.m.c.i.e.AbstractTransferListenerAdapter - Downloaded https://repo.spring.io/milestone/org/apache/logging/logging-parent/10.6.0/logging-parent-10.6.0.pom
2025-05-25 10:19:32,825 [Worker-33: Importing Maven projects] INFO  o.e.m.c.i.e.AbstractTransferListenerAdapter - Downloading https://repo.maven.apache.org/maven2/org/apache/logging/logging-parent/10.6.0/logging-parent-10.6.0.pom
2025-05-25 10:19:32,835 [Worker-33: Importing Maven projects] INFO  o.e.m.c.i.e.AbstractTransferListenerAdapter - Downloaded https://repo.maven.apache.org/maven2/org/apache/logging/logging-parent/10.6.0/logging-parent-10.6.0.pom
2025-05-25 10:19:33,061 [Worker-33: Importing Maven projects] INFO  o.e.m.c.i.e.AbstractTransferListenerAdapter - Downloading https://repo.spring.io/milestone/io/micrometer/micrometer-bom/1.13.0-M2/micrometer-bom-1.13.0-M2.pom
2025-05-25 10:19:33,065 [Worker-33: Importing Maven projects] INFO  o.e.m.c.i.e.AbstractTransferListenerAdapter - Downloaded https://repo.spring.io/milestone/io/micrometer/micrometer-bom/1.13.0-M2/micrometer-bom-1.13.0-M2.pom
2025-05-25 10:19:33,291 [Worker-33: Importing Maven projects] INFO  o.e.m.c.i.e.AbstractTransferListenerAdapter - Downloading https://repo.spring.io/milestone/io/micrometer/micrometer-tracing-bom/1.3.0-M2/micrometer-tracing-bom-1.3.0-M2.pom
2025-05-25 10:19:33,295 [Worker-33: Importing Maven projects] INFO  o.e.m.c.i.e.AbstractTransferListenerAdapter - Downloaded https://repo.spring.io/milestone/io/micrometer/micrometer-tracing-bom/1.3.0-M2/micrometer-tracing-bom-1.3.0-M2.pom
2025-05-25 10:19:33,518 [Worker-33: Importing Maven projects] INFO  o.e.m.c.i.e.AbstractTransferListenerAdapter - Downloaded https://repo.spring.io/milestone/org/mockito/mockito-bom/5.11.0/mockito-bom-5.11.0.pom
2025-05-25 10:19:33,531 [Worker-33: Importing Maven projects] INFO  o.e.m.c.i.e.AbstractTransferListenerAdapter - Downloading https://repo.maven.apache.org/maven2/org/mockito/mockito-bom/5.11.0/mockito-bom-5.11.0.pom
2025-05-25 10:19:33,533 [Worker-33: Importing Maven projects] INFO  o.e.m.c.i.e.AbstractTransferListenerAdapter - Downloaded https://repo.maven.apache.org/maven2/org/mockito/mockito-bom/5.11.0/mockito-bom-5.11.0.pom
2025-05-25 10:19:33,752 [Worker-33: Importing Maven projects] INFO  o.e.m.c.i.e.AbstractTransferListenerAdapter - Downloaded https://repo.spring.io/milestone/io/netty/netty-bom/4.1.107.Final/netty-bom-4.1.107.Final.pom
2025-05-25 10:19:33,775 [Worker-33: Importing Maven projects] INFO  o.e.m.c.i.e.AbstractTransferListenerAdapter - Downloading https://repo.maven.apache.org/maven2/io/netty/netty-bom/4.1.107.Final/netty-bom-4.1.107.Final.pom
2025-05-25 10:19:33,777 [Worker-33: Importing Maven projects] INFO  o.e.m.c.i.e.AbstractTransferListenerAdapter - Downloaded https://repo.maven.apache.org/maven2/io/netty/netty-bom/4.1.107.Final/netty-bom-4.1.107.Final.pom
2025-05-25 10:19:34,000 [Worker-33: Importing Maven projects] INFO  o.e.m.c.i.e.AbstractTransferListenerAdapter - Downloaded https://repo.spring.io/milestone/io/opentelemetry/opentelemetry-bom/1.36.0/opentelemetry-bom-1.36.0.pom
2025-05-25 10:19:34,012 [Worker-33: Importing Maven projects] INFO  o.e.m.c.i.e.AbstractTransferListenerAdapter - Downloading https://repo.maven.apache.org/maven2/io/opentelemetry/opentelemetry-bom/1.36.0/opentelemetry-bom-1.36.0.pom
2025-05-25 10:19:34,014 [Worker-33: Importing Maven projects] INFO  o.e.m.c.i.e.AbstractTransferListenerAdapter - Downloaded https://repo.maven.apache.org/maven2/io/opentelemetry/opentelemetry-bom/1.36.0/opentelemetry-bom-1.36.0.pom
2025-05-25 10:19:34,232 [Worker-33: Importing Maven projects] INFO  o.e.m.c.i.e.AbstractTransferListenerAdapter - Downloaded https://repo.spring.io/milestone/com/oracle/database/jdbc/ojdbc-bom/21.9.0.0/ojdbc-bom-21.9.0.0.pom
2025-05-25 10:19:34,243 [Worker-33: Importing Maven projects] INFO  o.e.m.c.i.e.AbstractTransferListenerAdapter - Downloading https://repo.maven.apache.org/maven2/com/oracle/database/jdbc/ojdbc-bom/21.9.0.0/ojdbc-bom-21.9.0.0.pom
2025-05-25 10:19:34,245 [Worker-33: Importing Maven projects] INFO  o.e.m.c.i.e.AbstractTransferListenerAdapter - Downloaded https://repo.maven.apache.org/maven2/com/oracle/database/jdbc/ojdbc-bom/21.9.0.0/ojdbc-bom-21.9.0.0.pom
2025-05-25 10:19:34,470 [Worker-33: Importing Maven projects] INFO  o.e.m.c.i.e.AbstractTransferListenerAdapter - Downloaded https://repo.spring.io/milestone/org/apache/pulsar/pulsar-bom/3.2.1/pulsar-bom-3.2.1.pom
2025-05-25 10:19:34,731 [Worker-33: Importing Maven projects] INFO  o.e.m.c.i.e.AbstractTransferListenerAdapter - Downloading https://repo.maven.apache.org/maven2/org/apache/pulsar/pulsar-bom/3.2.1/pulsar-bom-3.2.1.pom
2025-05-25 10:19:34,735 [Worker-33: Importing Maven projects] INFO  o.e.m.c.i.e.AbstractTransferListenerAdapter - Downloaded https://repo.maven.apache.org/maven2/org/apache/pulsar/pulsar-bom/3.2.1/pulsar-bom-3.2.1.pom
2025-05-25 10:19:34,960 [Worker-33: Importing Maven projects] INFO  o.e.m.c.i.e.AbstractTransferListenerAdapter - Downloaded https://repo.spring.io/milestone/io/projectreactor/reactor-bom/2023.0.4/reactor-bom-2023.0.4.pom
2025-05-25 10:19:34,970 [Worker-33: Importing Maven projects] INFO  o.e.m.c.i.e.AbstractTransferListenerAdapter - Downloading https://repo.maven.apache.org/maven2/io/projectreactor/reactor-bom/2023.0.4/reactor-bom-2023.0.4.pom
2025-05-25 10:19:34,973 [Worker-33: Importing Maven projects] INFO  o.e.m.c.i.e.AbstractTransferListenerAdapter - Downloaded https://repo.maven.apache.org/maven2/io/projectreactor/reactor-bom/2023.0.4/reactor-bom-2023.0.4.pom
2025-05-25 10:19:35,192 [Worker-33: Importing Maven projects] INFO  o.e.m.c.i.e.AbstractTransferListenerAdapter - Downloaded https://repo.spring.io/milestone/io/rest-assured/rest-assured-bom/5.4.0/rest-assured-bom-5.4.0.pom
2025-05-25 10:19:35,203 [Worker-33: Importing Maven projects] INFO  o.e.m.c.i.e.AbstractTransferListenerAdapter - Downloading https://repo.maven.apache.org/maven2/io/rest-assured/rest-assured-bom/5.4.0/rest-assured-bom-5.4.0.pom
2025-05-25 10:19:35,205 [Worker-33: Importing Maven projects] INFO  o.e.m.c.i.e.AbstractTransferListenerAdapter - Downloaded https://repo.maven.apache.org/maven2/io/rest-assured/rest-assured-bom/5.4.0/rest-assured-bom-5.4.0.pom
2025-05-25 10:19:35,429 [Worker-33: Importing Maven projects] INFO  o.e.m.c.i.e.AbstractTransferListenerAdapter - Downloaded https://repo.spring.io/milestone/org/seleniumhq/selenium/selenium-bom/4.18.1/selenium-bom-4.18.1.pom
2025-05-25 10:19:35,440 [Worker-33: Importing Maven projects] INFO  o.e.m.c.i.e.AbstractTransferListenerAdapter - Downloading https://repo.maven.apache.org/maven2/org/seleniumhq/selenium/selenium-bom/4.18.1/selenium-bom-4.18.1.pom
2025-05-25 10:19:35,442 [Worker-33: Importing Maven projects] INFO  o.e.m.c.i.e.AbstractTransferListenerAdapter - Downloaded https://repo.maven.apache.org/maven2/org/seleniumhq/selenium/selenium-bom/4.18.1/selenium-bom-4.18.1.pom
2025-05-25 10:19:35,662 [Worker-33: Importing Maven projects] INFO  o.e.m.c.i.e.AbstractTransferListenerAdapter - Downloaded https://repo.spring.io/milestone/org/springframework/amqp/spring-amqp-bom/3.1.3/spring-amqp-bom-3.1.3.pom
2025-05-25 10:19:35,676 [Worker-33: Importing Maven projects] INFO  o.e.m.c.i.e.AbstractTransferListenerAdapter - Downloading https://repo.maven.apache.org/maven2/org/springframework/amqp/spring-amqp-bom/3.1.3/spring-amqp-bom-3.1.3.pom
2025-05-25 10:19:35,679 [Worker-33: Importing Maven projects] INFO  o.e.m.c.i.e.AbstractTransferListenerAdapter - Downloaded https://repo.maven.apache.org/maven2/org/springframework/amqp/spring-amqp-bom/3.1.3/spring-amqp-bom-3.1.3.pom
2025-05-25 10:19:35,898 [Worker-33: Importing Maven projects] INFO  o.e.m.c.i.e.AbstractTransferListenerAdapter - Downloaded https://repo.spring.io/milestone/org/springframework/batch/spring-batch-bom/5.1.1/spring-batch-bom-5.1.1.pom
2025-05-25 10:19:35,909 [Worker-33: Importing Maven projects] INFO  o.e.m.c.i.e.AbstractTransferListenerAdapter - Downloading https://repo.maven.apache.org/maven2/org/springframework/batch/spring-batch-bom/5.1.1/spring-batch-bom-5.1.1.pom
2025-05-25 10:19:35,911 [Worker-33: Importing Maven projects] INFO  o.e.m.c.i.e.AbstractTransferListenerAdapter - Downloaded https://repo.maven.apache.org/maven2/org/springframework/batch/spring-batch-bom/5.1.1/spring-batch-bom-5.1.1.pom
2025-05-25 10:19:36,131 [Worker-33: Importing Maven projects] INFO  o.e.m.c.i.e.AbstractTransferListenerAdapter - Downloaded https://repo.spring.io/milestone/org/springframework/data/spring-data-bom/2024.0.0-M2/spring-data-bom-2024.0.0-M2.pom
2025-05-25 10:19:36,359 [Worker-33: Importing Maven projects] INFO  o.e.m.c.i.e.AbstractTransferListenerAdapter - Downloaded https://repo.maven.apache.org/maven2/org/springframework/data/spring-data-bom/2024.0.0-M2/spring-data-bom-2024.0.0-M2.pom
2025-05-25 10:19:36,578 [Worker-33: Importing Maven projects] INFO  o.e.m.c.i.e.AbstractTransferListenerAdapter - Downloaded https://repo.spring.io/milestone/org/springframework/spring-framework-bom/6.1.5/spring-framework-bom-6.1.5.pom
2025-05-25 10:19:36,589 [Worker-33: Importing Maven projects] INFO  o.e.m.c.i.e.AbstractTransferListenerAdapter - Downloading https://repo.maven.apache.org/maven2/org/springframework/spring-framework-bom/6.1.5/spring-framework-bom-6.1.5.pom
2025-05-25 10:19:36,591 [Worker-33: Importing Maven projects] INFO  o.e.m.c.i.e.AbstractTransferListenerAdapter - Downloaded https://repo.maven.apache.org/maven2/org/springframework/spring-framework-bom/6.1.5/spring-framework-bom-6.1.5.pom
2025-05-25 10:19:36,816 [Worker-33: Importing Maven projects] INFO  o.e.m.c.i.e.AbstractTransferListenerAdapter - Downloading https://repo.spring.io/milestone/org/springframework/integration/spring-integration-bom/6.3.0-M2/spring-integration-bom-6.3.0-M2.pom
2025-05-25 10:19:36,820 [Worker-33: Importing Maven projects] INFO  o.e.m.c.i.e.AbstractTransferListenerAdapter - Downloaded https://repo.spring.io/milestone/org/springframework/integration/spring-integration-bom/6.3.0-M2/spring-integration-bom-6.3.0-M2.pom
2025-05-25 10:19:37,046 [Worker-33: Importing Maven projects] INFO  o.e.m.c.i.e.AbstractTransferListenerAdapter - Downloading https://repo.spring.io/milestone/org/springframework/pulsar/spring-pulsar-bom/1.1.0-M2/spring-pulsar-bom-1.1.0-M2.pom
2025-05-25 10:19:37,048 [Worker-33: Importing Maven projects] INFO  o.e.m.c.i.e.AbstractTransferListenerAdapter - Downloaded https://repo.spring.io/milestone/org/springframework/pulsar/spring-pulsar-bom/1.1.0-M2/spring-pulsar-bom-1.1.0-M2.pom
2025-05-25 10:19:37,267 [Worker-33: Importing Maven projects] INFO  o.e.m.c.i.e.AbstractTransferListenerAdapter - Downloaded https://repo.spring.io/milestone/org/springframework/restdocs/spring-restdocs-bom/3.0.1/spring-restdocs-bom-3.0.1.pom
2025-05-25 10:19:37,276 [Worker-33: Importing Maven projects] INFO  o.e.m.c.i.e.AbstractTransferListenerAdapter - Downloading https://repo.maven.apache.org/maven2/org/springframework/restdocs/spring-restdocs-bom/3.0.1/spring-restdocs-bom-3.0.1.pom
2025-05-25 10:19:37,278 [Worker-33: Importing Maven projects] INFO  o.e.m.c.i.e.AbstractTransferListenerAdapter - Downloaded https://repo.maven.apache.org/maven2/org/springframework/restdocs/spring-restdocs-bom/3.0.1/spring-restdocs-bom-3.0.1.pom
2025-05-25 10:19:37,524 [Worker-33: Importing Maven projects] INFO  o.e.m.c.i.e.AbstractTransferListenerAdapter - Downloading https://repo.spring.io/milestone/org/springframework/security/spring-security-bom/6.3.0-M3/spring-security-bom-6.3.0-M3.pom
2025-05-25 10:19:37,527 [Worker-33: Importing Maven projects] INFO  o.e.m.c.i.e.AbstractTransferListenerAdapter - Downloaded https://repo.spring.io/milestone/org/springframework/security/spring-security-bom/6.3.0-M3/spring-security-bom-6.3.0-M3.pom
2025-05-25 10:19:37,754 [Worker-33: Importing Maven projects] INFO  o.e.m.c.i.e.AbstractTransferListenerAdapter - Downloading https://repo.spring.io/milestone/org/springframework/session/spring-session-bom/3.3.0-M3/spring-session-bom-3.3.0-M3.pom
2025-05-25 10:19:37,759 [Worker-33: Importing Maven projects] INFO  o.e.m.c.i.e.AbstractTransferListenerAdapter - Downloaded https://repo.spring.io/milestone/org/springframework/session/spring-session-bom/3.3.0-M3/spring-session-bom-3.3.0-M3.pom
2025-05-25 10:19:37,977 [Worker-33: Importing Maven projects] INFO  o.e.m.c.i.e.AbstractTransferListenerAdapter - Downloaded https://repo.spring.io/milestone/org/springframework/ws/spring-ws-bom/4.0.10/spring-ws-bom-4.0.10.pom
2025-05-25 10:19:37,988 [Worker-33: Importing Maven projects] INFO  o.e.m.c.i.e.AbstractTransferListenerAdapter - Downloading https://repo.maven.apache.org/maven2/org/springframework/ws/spring-ws-bom/4.0.10/spring-ws-bom-4.0.10.pom
2025-05-25 10:19:37,990 [Worker-33: Importing Maven projects] INFO  o.e.m.c.i.e.AbstractTransferListenerAdapter - Downloaded https://repo.maven.apache.org/maven2/org/springframework/ws/spring-ws-bom/4.0.10/spring-ws-bom-4.0.10.pom
2025-05-25 10:19:38,209 [Worker-33: Importing Maven projects] INFO  o.e.m.c.i.e.AbstractTransferListenerAdapter - Downloaded https://repo.spring.io/milestone/org/testcontainers/testcontainers-bom/1.19.7/testcontainers-bom-1.19.7.pom
2025-05-25 10:19:38,220 [Worker-33: Importing Maven projects] INFO  o.e.m.c.i.e.AbstractTransferListenerAdapter - Downloading https://repo.maven.apache.org/maven2/org/testcontainers/testcontainers-bom/1.19.7/testcontainers-bom-1.19.7.pom
2025-05-25 10:19:38,223 [Worker-33: Importing Maven projects] INFO  o.e.m.c.i.e.AbstractTransferListenerAdapter - Downloaded https://repo.maven.apache.org/maven2/org/testcontainers/testcontainers-bom/1.19.7/testcontainers-bom-1.19.7.pom
2025-05-25 10:19:38,593 [Worker-33: Importing Maven projects] INFO  o.e.m.c.i.e.AbstractTransferListenerAdapter - Downloading https://repo.spring.io/milestone/org/springframework/boot/spring-boot-maven-plugin/3.3.0-M3/spring-boot-maven-plugin-3.3.0-M3.pom
2025-05-25 10:19:38,597 [Worker-33: Importing Maven projects] INFO  o.e.m.c.i.e.AbstractTransferListenerAdapter - Downloaded https://repo.spring.io/milestone/org/springframework/boot/spring-boot-maven-plugin/3.3.0-M3/spring-boot-maven-plugin-3.3.0-M3.pom
2025-05-25 10:19:38,908 [Worker-33: Importing Maven projects] INFO  o.e.m.c.i.e.AbstractTransferListenerAdapter - Downloading https://repo.spring.io/milestone/org/springframework/boot/spring-boot-maven-plugin/3.3.0-M3/spring-boot-maven-plugin-3.3.0-M3.jar
2025-05-25 10:19:39,367 [Worker-33: Importing Maven projects] INFO  o.e.m.c.i.e.AbstractTransferListenerAdapter - Downloaded https://repo.spring.io/milestone/org/springframework/boot/spring-boot-maven-plugin/3.3.0-M3/spring-boot-maven-plugin-3.3.0-M3.jar
2025-05-25 10:19:39,618 [Worker-33: Importing Maven projects] INFO  o.e.m.c.i.e.AbstractTransferListenerAdapter - Downloaded https://repo.spring.io/milestone/org/apache/maven/plugins/maven-clean-plugin/3.3.2/maven-clean-plugin-3.3.2.jar
2025-05-25 10:19:39,631 [Worker-33: Importing Maven projects] INFO  o.e.m.c.i.e.AbstractTransferListenerAdapter - Downloading https://repo.maven.apache.org/maven2/org/apache/maven/plugins/maven-clean-plugin/3.3.2/maven-clean-plugin-3.3.2.jar
2025-05-25 10:19:39,642 [Worker-33: Importing Maven projects] INFO  o.e.m.c.i.e.AbstractTransferListenerAdapter - Downloaded https://repo.maven.apache.org/maven2/org/apache/maven/plugins/maven-clean-plugin/3.3.2/maven-clean-plugin-3.3.2.jar
2025-05-25 10:19:39,872 [Worker-33: Importing Maven projects] INFO  o.e.m.c.i.e.AbstractTransferListenerAdapter - Downloaded https://repo.spring.io/milestone/org/apache/maven/plugins/maven-surefire-plugin/3.2.5/maven-surefire-plugin-3.2.5.jar
2025-05-25 10:19:39,887 [Worker-33: Importing Maven projects] INFO  o.e.m.c.i.e.AbstractTransferListenerAdapter - Downloading https://repo.maven.apache.org/maven2/org/apache/maven/plugins/maven-surefire-plugin/3.2.5/maven-surefire-plugin-3.2.5.jar
2025-05-25 10:19:39,894 [Worker-33: Importing Maven projects] INFO  o.e.m.c.i.e.AbstractTransferListenerAdapter - Downloaded https://repo.maven.apache.org/maven2/org/apache/maven/plugins/maven-surefire-plugin/3.2.5/maven-surefire-plugin-3.2.5.jar
2025-05-25 10:19:40,114 [Worker-33: Importing Maven projects] INFO  o.e.m.c.i.e.AbstractTransferListenerAdapter - Downloaded https://repo.spring.io/milestone/org/apache/maven/plugins/maven-jar-plugin/3.3.0/maven-jar-plugin-3.3.0.jar
2025-05-25 10:19:40,125 [Worker-33: Importing Maven projects] INFO  o.e.m.c.i.e.AbstractTransferListenerAdapter - Downloading https://repo.maven.apache.org/maven2/org/apache/maven/plugins/maven-jar-plugin/3.3.0/maven-jar-plugin-3.3.0.jar
2025-05-25 10:19:40,147 [Worker-33: Importing Maven projects] INFO  o.e.m.c.i.e.AbstractTransferListenerAdapter - Downloaded https://repo.maven.apache.org/maven2/org/apache/maven/plugins/maven-jar-plugin/3.3.0/maven-jar-plugin-3.3.0.jar
2025-05-25 10:19:40,366 [Worker-33: Importing Maven projects] INFO  o.e.m.c.i.e.AbstractTransferListenerAdapter - Downloaded https://repo.spring.io/milestone/org/apache/maven/plugins/maven-install-plugin/3.1.1/maven-install-plugin-3.1.1.jar
2025-05-25 10:19:40,377 [Worker-33: Importing Maven projects] INFO  o.e.m.c.i.e.AbstractTransferListenerAdapter - Downloading https://repo.maven.apache.org/maven2/org/apache/maven/plugins/maven-install-plugin/3.1.1/maven-install-plugin-3.1.1.jar
2025-05-25 10:19:40,381 [Worker-33: Importing Maven projects] INFO  o.e.m.c.i.e.AbstractTransferListenerAdapter - Downloaded https://repo.maven.apache.org/maven2/org/apache/maven/plugins/maven-install-plugin/3.1.1/maven-install-plugin-3.1.1.jar
2025-05-25 10:19:40,599 [Worker-33: Importing Maven projects] INFO  o.e.m.c.i.e.AbstractTransferListenerAdapter - Downloaded https://repo.spring.io/milestone/org/apache/maven/plugins/maven-deploy-plugin/3.1.1/maven-deploy-plugin-3.1.1.jar
2025-05-25 10:19:40,608 [Worker-33: Importing Maven projects] INFO  o.e.m.c.i.e.AbstractTransferListenerAdapter - Downloading https://repo.maven.apache.org/maven2/org/apache/maven/plugins/maven-deploy-plugin/3.1.1/maven-deploy-plugin-3.1.1.jar
2025-05-25 10:19:40,621 [Worker-33: Importing Maven projects] INFO  o.e.m.c.i.e.AbstractTransferListenerAdapter - Downloaded https://repo.maven.apache.org/maven2/org/apache/maven/plugins/maven-deploy-plugin/3.1.1/maven-deploy-plugin-3.1.1.jar
2025-05-25 10:19:41,816 [Worker-33: Importing Maven projects] INFO  o.e.m.c.i.l.LifecycleMappingFactory - Using org.eclipse.m2e.jdt.JarLifecycleMapping lifecycle mapping for MavenProject: com.cg.springboot:first-rest-api:0.0.1-SNAPSHOT @ C:\DevOps\dockerProj\Java-SpringMVC-Boot\pom.xml.
2025-05-25 10:19:42,059 [Worker-33: Importing Maven projects] INFO  o.e.m.c.i.e.AbstractTransferListenerAdapter - Downloading https://repo.spring.io/milestone/org/springframework/boot/spring-boot-starter-web/3.3.0-M3/spring-boot-starter-web-3.3.0-M3.pom
2025-05-25 10:19:42,065 [Worker-33: Importing Maven projects] INFO  o.e.m.c.i.e.AbstractTransferListenerAdapter - Downloaded https://repo.spring.io/milestone/org/springframework/boot/spring-boot-starter-web/3.3.0-M3/spring-boot-starter-web-3.3.0-M3.pom
2025-05-25 10:19:42,286 [Worker-33: Importing Maven projects] INFO  o.e.m.c.i.e.AbstractTransferListenerAdapter - Downloading https://repo.spring.io/milestone/org/springframework/boot/spring-boot-starter/3.3.0-M3/spring-boot-starter-3.3.0-M3.pom
2025-05-25 10:19:42,290 [Worker-33: Importing Maven projects] INFO  o.e.m.c.i.e.AbstractTransferListenerAdapter - Downloaded https://repo.spring.io/milestone/org/springframework/boot/spring-boot-starter/3.3.0-M3/spring-boot-starter-3.3.0-M3.pom
2025-05-25 10:19:42,510 [Worker-33: Importing Maven projects] INFO  o.e.m.c.i.e.AbstractTransferListenerAdapter - Downloading https://repo.spring.io/milestone/org/springframework/boot/spring-boot/3.3.0-M3/spring-boot-3.3.0-M3.pom
2025-05-25 10:19:42,514 [Worker-33: Importing Maven projects] INFO  o.e.m.c.i.e.AbstractTransferListenerAdapter - Downloaded https://repo.spring.io/milestone/org/springframework/boot/spring-boot/3.3.0-M3/spring-boot-3.3.0-M3.pom
2025-05-25 10:19:42,732 [Worker-33: Importing Maven projects] INFO  o.e.m.c.i.e.AbstractTransferListenerAdapter - Downloaded https://repo.spring.io/milestone/org/springframework/spring-core/6.1.5/spring-core-6.1.5.pom
2025-05-25 10:19:42,747 [Worker-33: Importing Maven projects] INFO  o.e.m.c.i.e.AbstractTransferListenerAdapter - Downloading https://repo.maven.apache.org/maven2/org/springframework/spring-core/6.1.5/spring-core-6.1.5.pom
2025-05-25 10:19:42,749 [Worker-33: Importing Maven projects] INFO  o.e.m.c.i.e.AbstractTransferListenerAdapter - Downloaded https://repo.maven.apache.org/maven2/org/springframework/spring-core/6.1.5/spring-core-6.1.5.pom
2025-05-25 10:19:42,973 [Worker-33: Importing Maven projects] INFO  o.e.m.c.i.e.AbstractTransferListenerAdapter - Downloaded https://repo.spring.io/milestone/org/springframework/spring-jcl/6.1.5/spring-jcl-6.1.5.pom
2025-05-25 10:19:42,984 [Worker-33: Importing Maven projects] INFO  o.e.m.c.i.e.AbstractTransferListenerAdapter - Downloading https://repo.maven.apache.org/maven2/org/springframework/spring-jcl/6.1.5/spring-jcl-6.1.5.pom
2025-05-25 10:19:42,985 [Worker-33: Importing Maven projects] INFO  o.e.m.c.i.e.AbstractTransferListenerAdapter - Downloaded https://repo.maven.apache.org/maven2/org/springframework/spring-jcl/6.1.5/spring-jcl-6.1.5.pom
2025-05-25 10:19:43,203 [Worker-33: Importing Maven projects] INFO  o.e.m.c.i.e.AbstractTransferListenerAdapter - Downloaded https://repo.spring.io/milestone/org/springframework/spring-context/6.1.5/spring-context-6.1.5.pom
2025-05-25 10:19:43,213 [Worker-33: Importing Maven projects] INFO  o.e.m.c.i.e.AbstractTransferListenerAdapter - Downloading https://repo.maven.apache.org/maven2/org/springframework/spring-context/6.1.5/spring-context-6.1.5.pom
2025-05-25 10:19:43,215 [Worker-33: Importing Maven projects] INFO  o.e.m.c.i.e.AbstractTransferListenerAdapter - Downloaded https://repo.maven.apache.org/maven2/org/springframework/spring-context/6.1.5/spring-context-6.1.5.pom
2025-05-25 10:19:43,431 [Worker-33: Importing Maven projects] INFO  o.e.m.c.i.e.AbstractTransferListenerAdapter - Downloaded https://repo.spring.io/milestone/org/springframework/spring-aop/6.1.5/spring-aop-6.1.5.pom
2025-05-25 10:19:43,442 [Worker-33: Importing Maven projects] INFO  o.e.m.c.i.e.AbstractTransferListenerAdapter - Downloading https://repo.maven.apache.org/maven2/org/springframework/spring-aop/6.1.5/spring-aop-6.1.5.pom
2025-05-25 10:19:43,444 [Worker-33: Importing Maven projects] INFO  o.e.m.c.i.e.AbstractTransferListenerAdapter - Downloaded https://repo.maven.apache.org/maven2/org/springframework/spring-aop/6.1.5/spring-aop-6.1.5.pom
2025-05-25 10:19:43,661 [Worker-33: Importing Maven projects] INFO  o.e.m.c.i.e.AbstractTransferListenerAdapter - Downloaded https://repo.spring.io/milestone/org/springframework/spring-beans/6.1.5/spring-beans-6.1.5.pom
2025-05-25 10:19:43,673 [Worker-33: Importing Maven projects] INFO  o.e.m.c.i.e.AbstractTransferListenerAdapter - Downloading https://repo.maven.apache.org/maven2/org/springframework/spring-beans/6.1.5/spring-beans-6.1.5.pom
2025-05-25 10:19:43,675 [Worker-33: Importing Maven projects] INFO  o.e.m.c.i.e.AbstractTransferListenerAdapter - Downloaded https://repo.maven.apache.org/maven2/org/springframework/spring-beans/6.1.5/spring-beans-6.1.5.pom
2025-05-25 10:19:43,891 [Worker-33: Importing Maven projects] INFO  o.e.m.c.i.e.AbstractTransferListenerAdapter - Downloaded https://repo.spring.io/milestone/org/springframework/spring-expression/6.1.5/spring-expression-6.1.5.pom
2025-05-25 10:19:43,900 [Worker-33: Importing Maven projects] INFO  o.e.m.c.i.e.AbstractTransferListenerAdapter - Downloading https://repo.maven.apache.org/maven2/org/springframework/spring-expression/6.1.5/spring-expression-6.1.5.pom
2025-05-25 10:19:43,902 [Worker-33: Importing Maven projects] INFO  o.e.m.c.i.e.AbstractTransferListenerAdapter - Downloaded https://repo.maven.apache.org/maven2/org/springframework/spring-expression/6.1.5/spring-expression-6.1.5.pom
2025-05-25 10:19:44,125 [Worker-33: Importing Maven projects] INFO  o.e.m.c.i.e.AbstractTransferListenerAdapter - Downloading https://repo.spring.io/milestone/io/micrometer/micrometer-observation/1.13.0-M2/micrometer-observation-1.13.0-M2.pom
2025-05-25 10:19:44,129 [Worker-33: Importing Maven projects] INFO  o.e.m.c.i.e.AbstractTransferListenerAdapter - Downloaded https://repo.spring.io/milestone/io/micrometer/micrometer-observation/1.13.0-M2/micrometer-observation-1.13.0-M2.pom
2025-05-25 10:19:44,353 [Worker-33: Importing Maven projects] INFO  o.e.m.c.i.e.AbstractTransferListenerAdapter - Downloading https://repo.spring.io/milestone/io/micrometer/micrometer-commons/1.13.0-M2/micrometer-commons-1.13.0-M2.pom
2025-05-25 10:19:44,357 [Worker-33: Importing Maven projects] INFO  o.e.m.c.i.e.AbstractTransferListenerAdapter - Downloaded https://repo.spring.io/milestone/io/micrometer/micrometer-commons/1.13.0-M2/micrometer-commons-1.13.0-M2.pom
2025-05-25 10:19:44,578 [Worker-33: Importing Maven projects] INFO  o.e.m.c.i.e.AbstractTransferListenerAdapter - Downloading https://repo.spring.io/milestone/org/springframework/boot/spring-boot-autoconfigure/3.3.0-M3/spring-boot-autoconfigure-3.3.0-M3.pom
2025-05-25 10:19:44,581 [Worker-33: Importing Maven projects] INFO  o.e.m.c.i.e.AbstractTransferListenerAdapter - Downloaded https://repo.spring.io/milestone/org/springframework/boot/spring-boot-autoconfigure/3.3.0-M3/spring-boot-autoconfigure-3.3.0-M3.pom
2025-05-25 10:19:44,802 [Worker-33: Importing Maven projects] INFO  o.e.m.c.i.e.AbstractTransferListenerAdapter - Downloading https://repo.spring.io/milestone/org/springframework/boot/spring-boot-starter-logging/3.3.0-M3/spring-boot-starter-logging-3.3.0-M3.pom
2025-05-25 10:19:44,808 [Worker-33: Importing Maven projects] INFO  o.e.m.c.i.e.AbstractTransferListenerAdapter - Downloaded https://repo.spring.io/milestone/org/springframework/boot/spring-boot-starter-logging/3.3.0-M3/spring-boot-starter-logging-3.3.0-M3.pom
2025-05-25 10:19:45,030 [Worker-33: Importing Maven projects] INFO  o.e.m.c.i.e.AbstractTransferListenerAdapter - Downloaded https://repo.spring.io/milestone/ch/qos/logback/logback-classic/1.4.14/logback-classic-1.4.14.pom
2025-05-25 10:19:45,041 [Worker-33: Importing Maven projects] INFO  o.e.m.c.i.e.AbstractTransferListenerAdapter - Downloading https://repo.maven.apache.org/maven2/ch/qos/logback/logback-classic/1.4.14/logback-classic-1.4.14.pom
2025-05-25 10:19:45,043 [Worker-33: Importing Maven projects] INFO  o.e.m.c.i.e.AbstractTransferListenerAdapter - Downloaded https://repo.maven.apache.org/maven2/ch/qos/logback/logback-classic/1.4.14/logback-classic-1.4.14.pom
2025-05-25 10:19:45,260 [Worker-33: Importing Maven projects] INFO  o.e.m.c.i.e.AbstractTransferListenerAdapter - Downloaded https://repo.spring.io/milestone/ch/qos/logback/logback-parent/1.4.14/logback-parent-1.4.14.pom
2025-05-25 10:19:45,268 [Worker-33: Importing Maven projects] INFO  o.e.m.c.i.e.AbstractTransferListenerAdapter - Downloading https://repo.maven.apache.org/maven2/ch/qos/logback/logback-parent/1.4.14/logback-parent-1.4.14.pom
2025-05-25 10:19:45,272 [Worker-33: Importing Maven projects] INFO  o.e.m.c.i.e.AbstractTransferListenerAdapter - Downloaded https://repo.maven.apache.org/maven2/ch/qos/logback/logback-parent/1.4.14/logback-parent-1.4.14.pom
2025-05-25 10:19:45,491 [Worker-33: Importing Maven projects] INFO  o.e.m.c.i.e.AbstractTransferListenerAdapter - Downloaded https://repo.spring.io/milestone/ch/qos/logback/logback-core/1.4.14/logback-core-1.4.14.pom
2025-05-25 10:19:45,500 [Worker-33: Importing Maven projects] INFO  o.e.m.c.i.e.AbstractTransferListenerAdapter - Downloading https://repo.maven.apache.org/maven2/ch/qos/logback/logback-core/1.4.14/logback-core-1.4.14.pom
2025-05-25 10:19:45,502 [Worker-33: Importing Maven projects] INFO  o.e.m.c.i.e.AbstractTransferListenerAdapter - Downloaded https://repo.maven.apache.org/maven2/ch/qos/logback/logback-core/1.4.14/logback-core-1.4.14.pom
2025-05-25 10:19:45,729 [Worker-33: Importing Maven projects] INFO  o.e.m.c.i.e.AbstractTransferListenerAdapter - Downloaded https://repo.spring.io/milestone/org/slf4j/slf4j-api/2.0.12/slf4j-api-2.0.12.pom
2025-05-25 10:19:45,739 [Worker-33: Importing Maven projects] INFO  o.e.m.c.i.e.AbstractTransferListenerAdapter - Downloading https://repo.maven.apache.org/maven2/org/slf4j/slf4j-api/2.0.12/slf4j-api-2.0.12.pom
2025-05-25 10:19:45,741 [Worker-33: Importing Maven projects] INFO  o.e.m.c.i.e.AbstractTransferListenerAdapter - Downloaded https://repo.maven.apache.org/maven2/org/slf4j/slf4j-api/2.0.12/slf4j-api-2.0.12.pom
2025-05-25 10:19:45,958 [Worker-33: Importing Maven projects] INFO  o.e.m.c.i.e.AbstractTransferListenerAdapter - Downloaded https://repo.spring.io/milestone/org/slf4j/slf4j-parent/2.0.12/slf4j-parent-2.0.12.pom
2025-05-25 10:19:45,970 [Worker-33: Importing Maven projects] INFO  o.e.m.c.i.e.AbstractTransferListenerAdapter - Downloading https://repo.maven.apache.org/maven2/org/slf4j/slf4j-parent/2.0.12/slf4j-parent-2.0.12.pom
2025-05-25 10:19:45,973 [Worker-33: Importing Maven projects] INFO  o.e.m.c.i.e.AbstractTransferListenerAdapter - Downloaded https://repo.maven.apache.org/maven2/org/slf4j/slf4j-parent/2.0.12/slf4j-parent-2.0.12.pom
2025-05-25 10:19:46,189 [Worker-33: Importing Maven projects] INFO  o.e.m.c.i.e.AbstractTransferListenerAdapter - Downloaded https://repo.spring.io/milestone/org/slf4j/slf4j-bom/2.0.12/slf4j-bom-2.0.12.pom
2025-05-25 10:19:46,200 [Worker-33: Importing Maven projects] INFO  o.e.m.c.i.e.AbstractTransferListenerAdapter - Downloading https://repo.maven.apache.org/maven2/org/slf4j/slf4j-bom/2.0.12/slf4j-bom-2.0.12.pom
2025-05-25 10:19:46,202 [Worker-33: Importing Maven projects] INFO  o.e.m.c.i.e.AbstractTransferListenerAdapter - Downloaded https://repo.maven.apache.org/maven2/org/slf4j/slf4j-bom/2.0.12/slf4j-bom-2.0.12.pom
2025-05-25 10:19:46,417 [Worker-33: Importing Maven projects] INFO  o.e.m.c.i.e.AbstractTransferListenerAdapter - Downloaded https://repo.spring.io/milestone/org/apache/logging/log4j/log4j-to-slf4j/2.23.1/log4j-to-slf4j-2.23.1.pom
2025-05-25 10:19:46,427 [Worker-33: Importing Maven projects] INFO  o.e.m.c.i.e.AbstractTransferListenerAdapter - Downloading https://repo.maven.apache.org/maven2/org/apache/logging/log4j/log4j-to-slf4j/2.23.1/log4j-to-slf4j-2.23.1.pom
2025-05-25 10:19:46,430 [Worker-33: Importing Maven projects] INFO  o.e.m.c.i.e.AbstractTransferListenerAdapter - Downloaded https://repo.maven.apache.org/maven2/org/apache/logging/log4j/log4j-to-slf4j/2.23.1/log4j-to-slf4j-2.23.1.pom
2025-05-25 10:19:46,646 [Worker-33: Importing Maven projects] INFO  o.e.m.c.i.e.AbstractTransferListenerAdapter - Downloaded https://repo.spring.io/milestone/org/apache/logging/log4j/log4j/2.23.1/log4j-2.23.1.pom
2025-05-25 10:19:46,657 [Worker-33: Importing Maven projects] INFO  o.e.m.c.i.e.AbstractTransferListenerAdapter - Downloading https://repo.maven.apache.org/maven2/org/apache/logging/log4j/log4j/2.23.1/log4j-2.23.1.pom
2025-05-25 10:19:46,668 [Worker-33: Importing Maven projects] INFO  o.e.m.c.i.e.AbstractTransferListenerAdapter - Downloaded https://repo.maven.apache.org/maven2/org/apache/logging/log4j/log4j/2.23.1/log4j-2.23.1.pom
2025-05-25 10:19:46,889 [Worker-33: Importing Maven projects] INFO  o.e.m.c.i.e.AbstractTransferListenerAdapter - Downloaded https://repo.spring.io/milestone/org/codehaus/groovy/groovy-bom/3.0.21/groovy-bom-3.0.21.pom
2025-05-25 10:19:46,900 [Worker-33: Importing Maven projects] INFO  o.e.m.c.i.e.AbstractTransferListenerAdapter - Downloading https://repo.maven.apache.org/maven2/org/codehaus/groovy/groovy-bom/3.0.21/groovy-bom-3.0.21.pom
2025-05-25 10:19:46,903 [Worker-33: Importing Maven projects] INFO  o.e.m.c.i.e.AbstractTransferListenerAdapter - Downloaded https://repo.maven.apache.org/maven2/org/codehaus/groovy/groovy-bom/3.0.21/groovy-bom-3.0.21.pom
2025-05-25 10:19:47,119 [Worker-33: Importing Maven projects] INFO  o.e.m.c.i.e.AbstractTransferListenerAdapter - Downloaded https://repo.spring.io/milestone/com/fasterxml/jackson/jackson-bom/2.16.1/jackson-bom-2.16.1.pom
2025-05-25 10:19:47,128 [Worker-33: Importing Maven projects] INFO  o.e.m.c.i.e.AbstractTransferListenerAdapter - Downloading https://repo.maven.apache.org/maven2/com/fasterxml/jackson/jackson-bom/2.16.1/jackson-bom-2.16.1.pom
2025-05-25 10:19:47,132 [Worker-33: Importing Maven projects] INFO  o.e.m.c.i.e.AbstractTransferListenerAdapter - Downloaded https://repo.maven.apache.org/maven2/com/fasterxml/jackson/jackson-bom/2.16.1/jackson-bom-2.16.1.pom
2025-05-25 10:19:47,348 [Worker-33: Importing Maven projects] INFO  o.e.m.c.i.e.AbstractTransferListenerAdapter - Downloaded https://repo.spring.io/milestone/com/fasterxml/jackson/jackson-parent/2.16/jackson-parent-2.16.pom
2025-05-25 10:19:47,356 [Worker-33: Importing Maven projects] INFO  o.e.m.c.i.e.AbstractTransferListenerAdapter - Downloading https://repo.maven.apache.org/maven2/com/fasterxml/jackson/jackson-parent/2.16/jackson-parent-2.16.pom
2025-05-25 10:19:47,363 [Worker-33: Importing Maven projects] INFO  o.e.m.c.i.e.AbstractTransferListenerAdapter - Downloaded https://repo.maven.apache.org/maven2/com/fasterxml/jackson/jackson-parent/2.16/jackson-parent-2.16.pom
2025-05-25 10:19:47,588 [Worker-33: Importing Maven projects] INFO  o.e.m.c.i.e.AbstractTransferListenerAdapter - Downloaded https://repo.spring.io/milestone/org/eclipse/jetty/jetty-bom/9.4.54.v20240208/jetty-bom-9.4.54.v20240208.pom
2025-05-25 10:19:47,598 [Worker-33: Importing Maven projects] INFO  o.e.m.c.i.e.AbstractTransferListenerAdapter - Downloading https://repo.maven.apache.org/maven2/org/eclipse/jetty/jetty-bom/9.4.54.v20240208/jetty-bom-9.4.54.v20240208.pom
2025-05-25 10:19:47,602 [Worker-33: Importing Maven projects] INFO  o.e.m.c.i.e.AbstractTransferListenerAdapter - Downloaded https://repo.maven.apache.org/maven2/org/eclipse/jetty/jetty-bom/9.4.54.v20240208/jetty-bom-9.4.54.v20240208.pom
2025-05-25 10:19:47,821 [Worker-33: Importing Maven projects] INFO  o.e.m.c.i.e.AbstractTransferListenerAdapter - Downloaded https://repo.spring.io/milestone/io/fabric8/kubernetes-client-bom/5.12.4/kubernetes-client-bom-5.12.4.pom
2025-05-25 10:19:47,829 [Worker-33: Importing Maven projects] INFO  o.e.m.c.i.e.AbstractTransferListenerAdapter - Downloading https://repo.maven.apache.org/maven2/io/fabric8/kubernetes-client-bom/5.12.4/kubernetes-client-bom-5.12.4.pom
2025-05-25 10:19:47,833 [Worker-33: Importing Maven projects] INFO  o.e.m.c.i.e.AbstractTransferListenerAdapter - Downloaded https://repo.maven.apache.org/maven2/io/fabric8/kubernetes-client-bom/5.12.4/kubernetes-client-bom-5.12.4.pom
2025-05-25 10:19:48,053 [Worker-33: Importing Maven projects] INFO  o.e.m.c.i.e.AbstractTransferListenerAdapter - Downloaded https://repo.spring.io/milestone/org/springframework/spring-framework-bom/5.3.32/spring-framework-bom-5.3.32.pom
2025-05-25 10:19:48,066 [Worker-33: Importing Maven projects] INFO  o.e.m.c.i.e.AbstractTransferListenerAdapter - Downloading https://repo.maven.apache.org/maven2/org/springframework/spring-framework-bom/5.3.32/spring-framework-bom-5.3.32.pom
2025-05-25 10:19:48,068 [Worker-33: Importing Maven projects] INFO  o.e.m.c.i.e.AbstractTransferListenerAdapter - Downloaded https://repo.maven.apache.org/maven2/org/springframework/spring-framework-bom/5.3.32/spring-framework-bom-5.3.32.pom
2025-05-25 10:19:48,284 [Worker-33: Importing Maven projects] INFO  o.e.m.c.i.e.AbstractTransferListenerAdapter - Downloaded https://repo.spring.io/milestone/org/apache/logging/log4j/log4j-api/2.23.1/log4j-api-2.23.1.pom
2025-05-25 10:19:48,295 [Worker-33: Importing Maven projects] INFO  o.e.m.c.i.e.AbstractTransferListenerAdapter - Downloading https://repo.maven.apache.org/maven2/org/apache/logging/log4j/log4j-api/2.23.1/log4j-api-2.23.1.pom
2025-05-25 10:19:48,296 [Worker-33: Importing Maven projects] INFO  o.e.m.c.i.e.AbstractTransferListenerAdapter - Downloaded https://repo.maven.apache.org/maven2/org/apache/logging/log4j/log4j-api/2.23.1/log4j-api-2.23.1.pom
2025-05-25 10:19:48,515 [Worker-33: Importing Maven projects] INFO  o.e.m.c.i.e.AbstractTransferListenerAdapter - Downloaded https://repo.spring.io/milestone/org/slf4j/jul-to-slf4j/2.0.12/jul-to-slf4j-2.0.12.pom
2025-05-25 10:19:48,526 [Worker-33: Importing Maven projects] INFO  o.e.m.c.i.e.AbstractTransferListenerAdapter - Downloading https://repo.maven.apache.org/maven2/org/slf4j/jul-to-slf4j/2.0.12/jul-to-slf4j-2.0.12.pom
2025-05-25 10:19:48,528 [Worker-33: Importing Maven projects] INFO  o.e.m.c.i.e.AbstractTransferListenerAdapter - Downloaded https://repo.maven.apache.org/maven2/org/slf4j/jul-to-slf4j/2.0.12/jul-to-slf4j-2.0.12.pom
2025-05-25 10:19:48,748 [Worker-33: Importing Maven projects] INFO  o.e.m.c.i.e.AbstractTransferListenerAdapter - Downloaded https://repo.spring.io/milestone/org/yaml/snakeyaml/2.2/snakeyaml-2.2.pom
2025-05-25 10:19:48,757 [Worker-33: Importing Maven projects] INFO  o.e.m.c.i.e.AbstractTransferListenerAdapter - Downloading https://repo.maven.apache.org/maven2/org/yaml/snakeyaml/2.2/snakeyaml-2.2.pom
2025-05-25 10:19:48,765 [Worker-33: Importing Maven projects] INFO  o.e.m.c.i.e.AbstractTransferListenerAdapter - Downloaded https://repo.maven.apache.org/maven2/org/yaml/snakeyaml/2.2/snakeyaml-2.2.pom
2025-05-25 10:19:48,988 [Worker-33: Importing Maven projects] INFO  o.e.m.c.i.e.AbstractTransferListenerAdapter - Downloading https://repo.spring.io/milestone/org/springframework/boot/spring-boot-starter-json/3.3.0-M3/spring-boot-starter-json-3.3.0-M3.pom
2025-05-25 10:19:48,991 [Worker-33: Importing Maven projects] INFO  o.e.m.c.i.e.AbstractTransferListenerAdapter - Downloaded https://repo.spring.io/milestone/org/springframework/boot/spring-boot-starter-json/3.3.0-M3/spring-boot-starter-json-3.3.0-M3.pom
2025-05-25 10:19:49,208 [Worker-33: Importing Maven projects] INFO  o.e.m.c.i.e.AbstractTransferListenerAdapter - Downloaded https://repo.spring.io/milestone/org/springframework/spring-web/6.1.5/spring-web-6.1.5.pom
2025-05-25 10:19:49,219 [Worker-33: Importing Maven projects] INFO  o.e.m.c.i.e.AbstractTransferListenerAdapter - Downloading https://repo.maven.apache.org/maven2/org/springframework/spring-web/6.1.5/spring-web-6.1.5.pom
2025-05-25 10:19:49,221 [Worker-33: Importing Maven projects] INFO  o.e.m.c.i.e.AbstractTransferListenerAdapter - Downloaded https://repo.maven.apache.org/maven2/org/springframework/spring-web/6.1.5/spring-web-6.1.5.pom
2025-05-25 10:19:49,438 [Worker-33: Importing Maven projects] INFO  o.e.m.c.i.e.AbstractTransferListenerAdapter - Downloaded https://repo.spring.io/milestone/com/fasterxml/jackson/core/jackson-databind/2.17.0/jackson-databind-2.17.0.pom
2025-05-25 10:19:49,446 [Worker-33: Importing Maven projects] INFO  o.e.m.c.i.e.AbstractTransferListenerAdapter - Downloading https://repo.maven.apache.org/maven2/com/fasterxml/jackson/core/jackson-databind/2.17.0/jackson-databind-2.17.0.pom
2025-05-25 10:19:49,458 [Worker-33: Importing Maven projects] INFO  o.e.m.c.i.e.AbstractTransferListenerAdapter - Downloaded https://repo.maven.apache.org/maven2/com/fasterxml/jackson/core/jackson-databind/2.17.0/jackson-databind-2.17.0.pom
2025-05-25 10:19:49,674 [Worker-33: Importing Maven projects] INFO  o.e.m.c.i.e.AbstractTransferListenerAdapter - Downloaded https://repo.spring.io/milestone/com/fasterxml/jackson/jackson-base/2.17.0/jackson-base-2.17.0.pom
2025-05-25 10:19:49,684 [Worker-33: Importing Maven projects] INFO  o.e.m.c.i.e.AbstractTransferListenerAdapter - Downloading https://repo.maven.apache.org/maven2/com/fasterxml/jackson/jackson-base/2.17.0/jackson-base-2.17.0.pom
2025-05-25 10:19:49,686 [Worker-33: Importing Maven projects] INFO  o.e.m.c.i.e.AbstractTransferListenerAdapter - Downloaded https://repo.maven.apache.org/maven2/com/fasterxml/jackson/jackson-base/2.17.0/jackson-base-2.17.0.pom
2025-05-25 10:19:49,905 [Worker-33: Importing Maven projects] INFO  o.e.m.c.i.e.AbstractTransferListenerAdapter - Downloaded https://repo.spring.io/milestone/com/fasterxml/jackson/core/jackson-annotations/2.17.0/jackson-annotations-2.17.0.pom
2025-05-25 10:19:49,912 [Worker-33: Importing Maven projects] INFO  o.e.m.c.i.e.AbstractTransferListenerAdapter - Downloading https://repo.maven.apache.org/maven2/com/fasterxml/jackson/core/jackson-annotations/2.17.0/jackson-annotations-2.17.0.pom
2025-05-25 10:19:49,915 [Worker-33: Importing Maven projects] INFO  o.e.m.c.i.e.AbstractTransferListenerAdapter - Downloaded https://repo.maven.apache.org/maven2/com/fasterxml/jackson/core/jackson-annotations/2.17.0/jackson-annotations-2.17.0.pom
2025-05-25 10:19:50,130 [Worker-33: Importing Maven projects] INFO  o.e.m.c.i.e.AbstractTransferListenerAdapter - Downloaded https://repo.spring.io/milestone/com/fasterxml/jackson/core/jackson-core/2.17.0/jackson-core-2.17.0.pom
2025-05-25 10:19:50,142 [Worker-33: Importing Maven projects] INFO  o.e.m.c.i.e.AbstractTransferListenerAdapter - Downloading https://repo.maven.apache.org/maven2/com/fasterxml/jackson/core/jackson-core/2.17.0/jackson-core-2.17.0.pom
2025-05-25 10:19:50,144 [Worker-33: Importing Maven projects] INFO  o.e.m.c.i.e.AbstractTransferListenerAdapter - Downloaded https://repo.maven.apache.org/maven2/com/fasterxml/jackson/core/jackson-core/2.17.0/jackson-core-2.17.0.pom
2025-05-25 10:19:50,366 [Worker-33: Importing Maven projects] INFO  o.e.m.c.i.e.AbstractTransferListenerAdapter - Downloaded https://repo.spring.io/milestone/net/bytebuddy/byte-buddy/1.14.12/byte-buddy-1.14.12.pom
2025-05-25 10:19:50,379 [Worker-33: Importing Maven projects] INFO  o.e.m.c.i.e.AbstractTransferListenerAdapter - Downloading https://repo.maven.apache.org/maven2/net/bytebuddy/byte-buddy/1.14.12/byte-buddy-1.14.12.pom
2025-05-25 10:19:50,382 [Worker-33: Importing Maven projects] INFO  o.e.m.c.i.e.AbstractTransferListenerAdapter - Downloaded https://repo.maven.apache.org/maven2/net/bytebuddy/byte-buddy/1.14.12/byte-buddy-1.14.12.pom
2025-05-25 10:19:50,599 [Worker-33: Importing Maven projects] INFO  o.e.m.c.i.e.AbstractTransferListenerAdapter - Downloaded https://repo.spring.io/milestone/net/bytebuddy/byte-buddy-parent/1.14.12/byte-buddy-parent-1.14.12.pom
2025-05-25 10:19:50,619 [Worker-33: Importing Maven projects] INFO  o.e.m.c.i.e.AbstractTransferListenerAdapter - Downloading https://repo.maven.apache.org/maven2/net/bytebuddy/byte-buddy-parent/1.14.12/byte-buddy-parent-1.14.12.pom
2025-05-25 10:19:50,631 [Worker-33: Importing Maven projects] INFO  o.e.m.c.i.e.AbstractTransferListenerAdapter - Downloaded https://repo.maven.apache.org/maven2/net/bytebuddy/byte-buddy-parent/1.14.12/byte-buddy-parent-1.14.12.pom
2025-05-25 10:19:50,852 [Worker-33: Importing Maven projects] INFO  o.e.m.c.i.e.AbstractTransferListenerAdapter - Downloaded https://repo.spring.io/milestone/com/fasterxml/jackson/datatype/jackson-datatype-jdk8/2.17.0/jackson-datatype-jdk8-2.17.0.pom
2025-05-25 10:19:50,863 [Worker-33: Importing Maven projects] INFO  o.e.m.c.i.e.AbstractTransferListenerAdapter - Downloading https://repo.maven.apache.org/maven2/com/fasterxml/jackson/datatype/jackson-datatype-jdk8/2.17.0/jackson-datatype-jdk8-2.17.0.pom
2025-05-25 10:19:50,867 [Worker-33: Importing Maven projects] INFO  o.e.m.c.i.e.AbstractTransferListenerAdapter - Downloaded https://repo.maven.apache.org/maven2/com/fasterxml/jackson/datatype/jackson-datatype-jdk8/2.17.0/jackson-datatype-jdk8-2.17.0.pom
2025-05-25 10:19:51,088 [Worker-33: Importing Maven projects] INFO  o.e.m.c.i.e.AbstractTransferListenerAdapter - Downloaded https://repo.spring.io/milestone/com/fasterxml/jackson/module/jackson-modules-java8/2.17.0/jackson-modules-java8-2.17.0.pom
2025-05-25 10:19:51,100 [Worker-33: Importing Maven projects] INFO  o.e.m.c.i.e.AbstractTransferListenerAdapter - Downloading https://repo.maven.apache.org/maven2/com/fasterxml/jackson/module/jackson-modules-java8/2.17.0/jackson-modules-java8-2.17.0.pom
2025-05-25 10:19:51,103 [Worker-33: Importing Maven projects] INFO  o.e.m.c.i.e.AbstractTransferListenerAdapter - Downloaded https://repo.maven.apache.org/maven2/com/fasterxml/jackson/module/jackson-modules-java8/2.17.0/jackson-modules-java8-2.17.0.pom
2025-05-25 10:19:51,320 [Worker-33: Importing Maven projects] INFO  o.e.m.c.i.e.AbstractTransferListenerAdapter - Downloaded https://repo.spring.io/milestone/com/fasterxml/jackson/datatype/jackson-datatype-jsr310/2.17.0/jackson-datatype-jsr310-2.17.0.pom
2025-05-25 10:19:51,331 [Worker-33: Importing Maven projects] INFO  o.e.m.c.i.e.AbstractTransferListenerAdapter - Downloading https://repo.maven.apache.org/maven2/com/fasterxml/jackson/datatype/jackson-datatype-jsr310/2.17.0/jackson-datatype-jsr310-2.17.0.pom
2025-05-25 10:19:51,334 [Worker-33: Importing Maven projects] INFO  o.e.m.c.i.e.AbstractTransferListenerAdapter - Downloaded https://repo.maven.apache.org/maven2/com/fasterxml/jackson/datatype/jackson-datatype-jsr310/2.17.0/jackson-datatype-jsr310-2.17.0.pom
2025-05-25 10:19:51,552 [Worker-33: Importing Maven projects] INFO  o.e.m.c.i.e.AbstractTransferListenerAdapter - Downloaded https://repo.spring.io/milestone/com/fasterxml/jackson/module/jackson-module-parameter-names/2.17.0/jackson-module-parameter-names-2.17.0.pom
2025-05-25 10:19:51,563 [Worker-33: Importing Maven projects] INFO  o.e.m.c.i.e.AbstractTransferListenerAdapter - Downloading https://repo.maven.apache.org/maven2/com/fasterxml/jackson/module/jackson-module-parameter-names/2.17.0/jackson-module-parameter-names-2.17.0.pom
2025-05-25 10:19:51,567 [Worker-33: Importing Maven projects] INFO  o.e.m.c.i.e.AbstractTransferListenerAdapter - Downloaded https://repo.maven.apache.org/maven2/com/fasterxml/jackson/module/jackson-module-parameter-names/2.17.0/jackson-module-parameter-names-2.17.0.pom
2025-05-25 10:19:51,795 [Worker-33: Importing Maven projects] INFO  o.e.m.c.i.e.AbstractTransferListenerAdapter - Downloading https://repo.spring.io/milestone/org/springframework/boot/spring-boot-starter-tomcat/3.3.0-M3/spring-boot-starter-tomcat-3.3.0-M3.pom
2025-05-25 10:19:51,799 [Worker-33: Importing Maven projects] INFO  o.e.m.c.i.e.AbstractTransferListenerAdapter - Downloaded https://repo.spring.io/milestone/org/springframework/boot/spring-boot-starter-tomcat/3.3.0-M3/spring-boot-starter-tomcat-3.3.0-M3.pom
2025-05-25 10:19:52,019 [Worker-33: Importing Maven projects] INFO  o.e.m.c.i.e.AbstractTransferListenerAdapter - Downloaded https://repo.spring.io/milestone/org/apache/tomcat/embed/tomcat-embed-core/10.1.19/tomcat-embed-core-10.1.19.pom
2025-05-25 10:19:52,031 [Worker-33: Importing Maven projects] INFO  o.e.m.c.i.e.AbstractTransferListenerAdapter - Downloading https://repo.maven.apache.org/maven2/org/apache/tomcat/embed/tomcat-embed-core/10.1.19/tomcat-embed-core-10.1.19.pom
2025-05-25 10:19:52,034 [Worker-33: Importing Maven projects] INFO  o.e.m.c.i.e.AbstractTransferListenerAdapter - Downloaded https://repo.maven.apache.org/maven2/org/apache/tomcat/embed/tomcat-embed-core/10.1.19/tomcat-embed-core-10.1.19.pom
2025-05-25 10:19:52,252 [Worker-33: Importing Maven projects] INFO  o.e.m.c.i.e.AbstractTransferListenerAdapter - Downloaded https://repo.spring.io/milestone/org/apache/tomcat/embed/tomcat-embed-el/10.1.19/tomcat-embed-el-10.1.19.pom
2025-05-25 10:19:52,264 [Worker-33: Importing Maven projects] INFO  o.e.m.c.i.e.AbstractTransferListenerAdapter - Downloading https://repo.maven.apache.org/maven2/org/apache/tomcat/embed/tomcat-embed-el/10.1.19/tomcat-embed-el-10.1.19.pom
2025-05-25 10:19:52,266 [Worker-33: Importing Maven projects] INFO  o.e.m.c.i.e.AbstractTransferListenerAdapter - Downloaded https://repo.maven.apache.org/maven2/org/apache/tomcat/embed/tomcat-embed-el/10.1.19/tomcat-embed-el-10.1.19.pom
2025-05-25 10:19:52,484 [Worker-33: Importing Maven projects] INFO  o.e.m.c.i.e.AbstractTransferListenerAdapter - Downloaded https://repo.spring.io/milestone/org/apache/tomcat/embed/tomcat-embed-websocket/10.1.19/tomcat-embed-websocket-10.1.19.pom
2025-05-25 10:19:52,494 [Worker-33: Importing Maven projects] INFO  o.e.m.c.i.e.AbstractTransferListenerAdapter - Downloading https://repo.maven.apache.org/maven2/org/apache/tomcat/embed/tomcat-embed-websocket/10.1.19/tomcat-embed-websocket-10.1.19.pom
2025-05-25 10:19:52,497 [Worker-33: Importing Maven projects] INFO  o.e.m.c.i.e.AbstractTransferListenerAdapter - Downloaded https://repo.maven.apache.org/maven2/org/apache/tomcat/embed/tomcat-embed-websocket/10.1.19/tomcat-embed-websocket-10.1.19.pom
2025-05-25 10:19:52,715 [Worker-33: Importing Maven projects] INFO  o.e.m.c.i.e.AbstractTransferListenerAdapter - Downloaded https://repo.spring.io/milestone/org/springframework/spring-webmvc/6.1.5/spring-webmvc-6.1.5.pom
2025-05-25 10:19:52,728 [Worker-33: Importing Maven projects] INFO  o.e.m.c.i.e.AbstractTransferListenerAdapter - Downloading https://repo.maven.apache.org/maven2/org/springframework/spring-webmvc/6.1.5/spring-webmvc-6.1.5.pom
2025-05-25 10:19:52,731 [Worker-33: Importing Maven projects] INFO  o.e.m.c.i.e.AbstractTransferListenerAdapter - Downloaded https://repo.maven.apache.org/maven2/org/springframework/spring-webmvc/6.1.5/spring-webmvc-6.1.5.pom
2025-05-25 10:19:52,953 [Worker-33: Importing Maven projects] INFO  o.e.m.c.i.e.AbstractTransferListenerAdapter - Downloading https://repo.spring.io/milestone/org/springframework/boot/spring-boot-starter-security/3.3.0-M3/spring-boot-starter-security-3.3.0-M3.pom
2025-05-25 10:19:52,957 [Worker-33: Importing Maven projects] INFO  o.e.m.c.i.e.AbstractTransferListenerAdapter - Downloaded https://repo.spring.io/milestone/org/springframework/boot/spring-boot-starter-security/3.3.0-M3/spring-boot-starter-security-3.3.0-M3.pom
2025-05-25 10:19:53,180 [Worker-33: Importing Maven projects] INFO  o.e.m.c.i.e.AbstractTransferListenerAdapter - Downloading https://repo.spring.io/milestone/org/springframework/security/spring-security-config/6.3.0-M3/spring-security-config-6.3.0-M3.pom
2025-05-25 10:19:53,184 [Worker-33: Importing Maven projects] INFO  o.e.m.c.i.e.AbstractTransferListenerAdapter - Downloaded https://repo.spring.io/milestone/org/springframework/security/spring-security-config/6.3.0-M3/spring-security-config-6.3.0-M3.pom
2025-05-25 10:19:53,403 [Worker-33: Importing Maven projects] INFO  o.e.m.c.i.e.AbstractTransferListenerAdapter - Downloading https://repo.spring.io/milestone/org/springframework/security/spring-security-core/6.3.0-M3/spring-security-core-6.3.0-M3.pom
2025-05-25 10:19:53,406 [Worker-33: Importing Maven projects] INFO  o.e.m.c.i.e.AbstractTransferListenerAdapter - Downloaded https://repo.spring.io/milestone/org/springframework/security/spring-security-core/6.3.0-M3/spring-security-core-6.3.0-M3.pom
2025-05-25 10:19:53,628 [Worker-33: Importing Maven projects] INFO  o.e.m.c.i.e.AbstractTransferListenerAdapter - Downloading https://repo.spring.io/milestone/org/springframework/security/spring-security-crypto/6.3.0-M3/spring-security-crypto-6.3.0-M3.pom
2025-05-25 10:19:53,630 [Worker-33: Importing Maven projects] INFO  o.e.m.c.i.e.AbstractTransferListenerAdapter - Downloaded https://repo.spring.io/milestone/org/springframework/security/spring-security-crypto/6.3.0-M3/spring-security-crypto-6.3.0-M3.pom
2025-05-25 10:19:53,854 [Worker-33: Importing Maven projects] INFO  o.e.m.c.i.e.AbstractTransferListenerAdapter - Downloading https://repo.spring.io/milestone/org/springframework/security/spring-security-web/6.3.0-M3/spring-security-web-6.3.0-M3.pom
2025-05-25 10:19:53,859 [Worker-33: Importing Maven projects] INFO  o.e.m.c.i.e.AbstractTransferListenerAdapter - Downloaded https://repo.spring.io/milestone/org/springframework/security/spring-security-web/6.3.0-M3/spring-security-web-6.3.0-M3.pom
2025-05-25 10:19:54,084 [Worker-33: Importing Maven projects] INFO  o.e.m.c.i.e.AbstractTransferListenerAdapter - Downloading https://repo.spring.io/milestone/org/springframework/boot/spring-boot-starter-data-jpa/3.3.0-M3/spring-boot-starter-data-jpa-3.3.0-M3.pom
2025-05-25 10:19:54,089 [Worker-33: Importing Maven projects] INFO  o.e.m.c.i.e.AbstractTransferListenerAdapter - Downloaded https://repo.spring.io/milestone/org/springframework/boot/spring-boot-starter-data-jpa/3.3.0-M3/spring-boot-starter-data-jpa-3.3.0-M3.pom
2025-05-25 10:19:54,311 [Worker-33: Importing Maven projects] INFO  o.e.m.c.i.e.AbstractTransferListenerAdapter - Downloading https://repo.spring.io/milestone/org/springframework/boot/spring-boot-starter-aop/3.3.0-M3/spring-boot-starter-aop-3.3.0-M3.pom
2025-05-25 10:19:54,313 [Worker-33: Importing Maven projects] INFO  o.e.m.c.i.e.AbstractTransferListenerAdapter - Downloaded https://repo.spring.io/milestone/org/springframework/boot/spring-boot-starter-aop/3.3.0-M3/spring-boot-starter-aop-3.3.0-M3.pom
2025-05-25 10:19:54,530 [Worker-33: Importing Maven projects] INFO  o.e.m.c.i.e.AbstractTransferListenerAdapter - Downloaded https://repo.spring.io/milestone/org/aspectj/aspectjweaver/1.9.21/aspectjweaver-1.9.21.pom
2025-05-25 10:19:54,542 [Worker-33: Importing Maven projects] INFO  o.e.m.c.i.e.AbstractTransferListenerAdapter - Downloading https://repo.maven.apache.org/maven2/org/aspectj/aspectjweaver/1.9.21/aspectjweaver-1.9.21.pom
2025-05-25 10:19:54,545 [Worker-33: Importing Maven projects] INFO  o.e.m.c.i.e.AbstractTransferListenerAdapter - Downloaded https://repo.maven.apache.org/maven2/org/aspectj/aspectjweaver/1.9.21/aspectjweaver-1.9.21.pom
2025-05-25 10:19:54,765 [Worker-33: Importing Maven projects] INFO  o.e.m.c.i.e.AbstractTransferListenerAdapter - Downloading https://repo.spring.io/milestone/org/springframework/boot/spring-boot-starter-jdbc/3.3.0-M3/spring-boot-starter-jdbc-3.3.0-M3.pom
2025-05-25 10:19:54,769 [Worker-33: Importing Maven projects] INFO  o.e.m.c.i.e.AbstractTransferListenerAdapter - Downloaded https://repo.spring.io/milestone/org/springframework/boot/spring-boot-starter-jdbc/3.3.0-M3/spring-boot-starter-jdbc-3.3.0-M3.pom
2025-05-25 10:19:54,991 [Worker-33: Importing Maven projects] INFO  o.e.m.c.i.e.AbstractTransferListenerAdapter - Downloaded https://repo.spring.io/milestone/org/springframework/spring-jdbc/6.1.5/spring-jdbc-6.1.5.pom
2025-05-25 10:19:55,002 [Worker-33: Importing Maven projects] INFO  o.e.m.c.i.e.AbstractTransferListenerAdapter - Downloading https://repo.maven.apache.org/maven2/org/springframework/spring-jdbc/6.1.5/spring-jdbc-6.1.5.pom
2025-05-25 10:19:55,005 [Worker-33: Importing Maven projects] INFO  o.e.m.c.i.e.AbstractTransferListenerAdapter - Downloaded https://repo.maven.apache.org/maven2/org/springframework/spring-jdbc/6.1.5/spring-jdbc-6.1.5.pom
2025-05-25 10:19:55,222 [Worker-33: Importing Maven projects] INFO  o.e.m.c.i.e.AbstractTransferListenerAdapter - Downloaded https://repo.spring.io/milestone/org/springframework/spring-tx/6.1.5/spring-tx-6.1.5.pom
2025-05-25 10:19:55,235 [Worker-33: Importing Maven projects] INFO  o.e.m.c.i.e.AbstractTransferListenerAdapter - Downloading https://repo.maven.apache.org/maven2/org/springframework/spring-tx/6.1.5/spring-tx-6.1.5.pom
2025-05-25 10:19:55,237 [Worker-33: Importing Maven projects] INFO  o.e.m.c.i.e.AbstractTransferListenerAdapter - Downloaded https://repo.maven.apache.org/maven2/org/springframework/spring-tx/6.1.5/spring-tx-6.1.5.pom
2025-05-25 10:19:55,454 [Worker-33: Importing Maven projects] INFO  o.e.m.c.i.e.AbstractTransferListenerAdapter - Downloaded https://repo.spring.io/milestone/org/hibernate/orm/hibernate-core/6.4.4.Final/hibernate-core-6.4.4.Final.pom
2025-05-25 10:19:55,466 [Worker-33: Importing Maven projects] INFO  o.e.m.c.i.e.AbstractTransferListenerAdapter - Downloading https://repo.maven.apache.org/maven2/org/hibernate/orm/hibernate-core/6.4.4.Final/hibernate-core-6.4.4.Final.pom
2025-05-25 10:19:55,469 [Worker-33: Importing Maven projects] INFO  o.e.m.c.i.e.AbstractTransferListenerAdapter - Downloaded https://repo.maven.apache.org/maven2/org/hibernate/orm/hibernate-core/6.4.4.Final/hibernate-core-6.4.4.Final.pom
2025-05-25 10:19:55,696 [Worker-33: Importing Maven projects] INFO  o.e.m.c.i.e.AbstractTransferListenerAdapter - Downloaded https://repo.spring.io/milestone/org/jboss/logging/jboss-logging/3.5.3.Final/jboss-logging-3.5.3.Final.pom
2025-05-25 10:19:55,706 [Worker-33: Importing Maven projects] INFO  o.e.m.c.i.e.AbstractTransferListenerAdapter - Downloading https://repo.maven.apache.org/maven2/org/jboss/logging/jboss-logging/3.5.3.Final/jboss-logging-3.5.3.Final.pom
2025-05-25 10:19:55,714 [Worker-33: Importing Maven projects] INFO  o.e.m.c.i.e.AbstractTransferListenerAdapter - Downloaded https://repo.maven.apache.org/maven2/org/jboss/logging/jboss-logging/3.5.3.Final/jboss-logging-3.5.3.Final.pom
2025-05-25 10:19:55,932 [Worker-33: Importing Maven projects] INFO  o.e.m.c.i.e.AbstractTransferListenerAdapter - Downloaded https://repo.spring.io/milestone/org/jboss/logging/logging-parent/1.0.1.Final/logging-parent-1.0.1.Final.pom
2025-05-25 10:19:55,942 [Worker-33: Importing Maven projects] INFO  o.e.m.c.i.e.AbstractTransferListenerAdapter - Downloading https://repo.maven.apache.org/maven2/org/jboss/logging/logging-parent/1.0.1.Final/logging-parent-1.0.1.Final.pom
2025-05-25 10:19:55,944 [Worker-33: Importing Maven projects] INFO  o.e.m.c.i.e.AbstractTransferListenerAdapter - Downloaded https://repo.maven.apache.org/maven2/org/jboss/logging/logging-parent/1.0.1.Final/logging-parent-1.0.1.Final.pom
2025-05-25 10:19:56,162 [Worker-33: Importing Maven projects] INFO  o.e.m.c.i.e.AbstractTransferListenerAdapter - Downloaded https://repo.spring.io/milestone/org/jboss/jboss-parent/39/jboss-parent-39.pom
2025-05-25 10:19:56,171 [Worker-33: Importing Maven projects] INFO  o.e.m.c.i.e.AbstractTransferListenerAdapter - Downloading https://repo.maven.apache.org/maven2/org/jboss/jboss-parent/39/jboss-parent-39.pom
2025-05-25 10:19:56,184 [Worker-33: Importing Maven projects] INFO  o.e.m.c.i.e.AbstractTransferListenerAdapter - Downloaded https://repo.maven.apache.org/maven2/org/jboss/jboss-parent/39/jboss-parent-39.pom
2025-05-25 10:19:56,405 [Worker-33: Importing Maven projects] INFO  o.e.m.c.i.e.AbstractTransferListenerAdapter - Downloaded https://repo.spring.io/milestone/org/hibernate/common/hibernate-commons-annotations/6.0.6.Final/hibernate-commons-annotations-6.0.6.Final.pom
2025-05-25 10:19:56,419 [Worker-33: Importing Maven projects] INFO  o.e.m.c.i.e.AbstractTransferListenerAdapter - Downloading https://repo.maven.apache.org/maven2/org/hibernate/common/hibernate-commons-annotations/6.0.6.Final/hibernate-commons-annotations-6.0.6.Final.pom
2025-05-25 10:19:56,420 [Worker-33: Importing Maven projects] INFO  o.e.m.c.i.e.AbstractTransferListenerAdapter - Downloaded https://repo.maven.apache.org/maven2/org/hibernate/common/hibernate-commons-annotations/6.0.6.Final/hibernate-commons-annotations-6.0.6.Final.pom
2025-05-25 10:19:56,648 [Worker-33: Importing Maven projects] INFO  o.e.m.c.i.e.AbstractTransferListenerAdapter - Downloaded https://repo.spring.io/milestone/io/smallrye/jandex/3.1.2/jandex-3.1.2.pom
2025-05-25 10:19:56,660 [Worker-33: Importing Maven projects] INFO  o.e.m.c.i.e.AbstractTransferListenerAdapter - Downloading https://repo.maven.apache.org/maven2/io/smallrye/jandex/3.1.2/jandex-3.1.2.pom
2025-05-25 10:19:56,663 [Worker-33: Importing Maven projects] INFO  o.e.m.c.i.e.AbstractTransferListenerAdapter - Downloaded https://repo.maven.apache.org/maven2/io/smallrye/jandex/3.1.2/jandex-3.1.2.pom
2025-05-25 10:19:56,880 [Worker-33: Importing Maven projects] INFO  o.e.m.c.i.e.AbstractTransferListenerAdapter - Downloaded https://repo.spring.io/milestone/io/smallrye/jandex-parent/3.1.2/jandex-parent-3.1.2.pom
2025-05-25 10:19:56,891 [Worker-33: Importing Maven projects] INFO  o.e.m.c.i.e.AbstractTransferListenerAdapter - Downloading https://repo.maven.apache.org/maven2/io/smallrye/jandex-parent/3.1.2/jandex-parent-3.1.2.pom
2025-05-25 10:19:56,893 [Worker-33: Importing Maven projects] INFO  o.e.m.c.i.e.AbstractTransferListenerAdapter - Downloaded https://repo.maven.apache.org/maven2/io/smallrye/jandex-parent/3.1.2/jandex-parent-3.1.2.pom
2025-05-25 10:19:57,112 [Worker-33: Importing Maven projects] INFO  o.e.m.c.i.e.AbstractTransferListenerAdapter - Downloaded https://repo.spring.io/milestone/io/smallrye/smallrye-build-parent/39/smallrye-build-parent-39.pom
2025-05-25 10:19:57,130 [Worker-33: Importing Maven projects] INFO  o.e.m.c.i.e.AbstractTransferListenerAdapter - Downloading https://repo.maven.apache.org/maven2/io/smallrye/smallrye-build-parent/39/smallrye-build-parent-39.pom
2025-05-25 10:19:57,137 [Worker-33: Importing Maven projects] INFO  o.e.m.c.i.e.AbstractTransferListenerAdapter - Downloaded https://repo.maven.apache.org/maven2/io/smallrye/smallrye-build-parent/39/smallrye-build-parent-39.pom
2025-05-25 10:19:57,420 [Worker-33: Importing Maven projects] INFO  o.e.m.c.i.e.AbstractTransferListenerAdapter - Downloading https://repo.spring.io/milestone/org/springframework/data/spring-data-jpa/3.3.0-M2/spring-data-jpa-3.3.0-M2.pom
2025-05-25 10:19:57,426 [Worker-33: Importing Maven projects] INFO  o.e.m.c.i.e.AbstractTransferListenerAdapter - Downloaded https://repo.spring.io/milestone/org/springframework/data/spring-data-jpa/3.3.0-M2/spring-data-jpa-3.3.0-M2.pom
2025-05-25 10:19:57,653 [Worker-33: Importing Maven projects] INFO  o.e.m.c.i.e.AbstractTransferListenerAdapter - Downloading https://repo.spring.io/milestone/org/springframework/data/spring-data-jpa-parent/3.3.0-M2/spring-data-jpa-parent-3.3.0-M2.pom
2025-05-25 10:19:57,659 [Worker-33: Importing Maven projects] INFO  o.e.m.c.i.e.AbstractTransferListenerAdapter - Downloaded https://repo.spring.io/milestone/org/springframework/data/spring-data-jpa-parent/3.3.0-M2/spring-data-jpa-parent-3.3.0-M2.pom
2025-05-25 10:19:57,880 [Worker-33: Importing Maven projects] INFO  o.e.m.c.i.e.AbstractTransferListenerAdapter - Downloading https://repo.spring.io/milestone/org/springframework/data/build/spring-data-parent/3.3.0-M2/spring-data-parent-3.3.0-M2.pom
2025-05-25 10:19:58,096 [Worker-33: Importing Maven projects] INFO  o.e.m.c.i.e.AbstractTransferListenerAdapter - Downloaded https://repo.spring.io/milestone/org/springframework/data/build/spring-data-parent/3.3.0-M2/spring-data-parent-3.3.0-M2.pom
2025-05-25 10:19:58,316 [Worker-33: Importing Maven projects] INFO  o.e.m.c.i.e.AbstractTransferListenerAdapter - Downloading https://repo.spring.io/milestone/org/springframework/data/build/spring-data-build/3.3.0-M2/spring-data-build-3.3.0-M2.pom
2025-05-25 10:19:58,319 [Worker-33: Importing Maven projects] INFO  o.e.m.c.i.e.AbstractTransferListenerAdapter - Downloaded https://repo.spring.io/milestone/org/springframework/data/build/spring-data-build/3.3.0-M2/spring-data-build-3.3.0-M2.pom
2025-05-25 10:19:58,545 [Worker-33: Importing Maven projects] INFO  o.e.m.c.i.e.AbstractTransferListenerAdapter - Downloaded https://repo.spring.io/milestone/org/jetbrains/kotlin/kotlin-bom/1.9.22/kotlin-bom-1.9.22.pom
2025-05-25 10:19:58,553 [Worker-33: Importing Maven projects] INFO  o.e.m.c.i.e.AbstractTransferListenerAdapter - Downloading https://repo.maven.apache.org/maven2/org/jetbrains/kotlin/kotlin-bom/1.9.22/kotlin-bom-1.9.22.pom
2025-05-25 10:19:58,556 [Worker-33: Importing Maven projects] INFO  o.e.m.c.i.e.AbstractTransferListenerAdapter - Downloaded https://repo.maven.apache.org/maven2/org/jetbrains/kotlin/kotlin-bom/1.9.22/kotlin-bom-1.9.22.pom
2025-05-25 10:19:58,788 [Worker-33: Importing Maven projects] INFO  o.e.m.c.i.e.AbstractTransferListenerAdapter - Downloading https://repo.spring.io/milestone/org/springframework/data/spring-data-commons/3.3.0-M2/spring-data-commons-3.3.0-M2.pom
2025-05-25 10:19:58,791 [Worker-33: Importing Maven projects] INFO  o.e.m.c.i.e.AbstractTransferListenerAdapter - Downloaded https://repo.spring.io/milestone/org/springframework/data/spring-data-commons/3.3.0-M2/spring-data-commons-3.3.0-M2.pom
2025-05-25 10:19:59,010 [Worker-33: Importing Maven projects] INFO  o.e.m.c.i.e.AbstractTransferListenerAdapter - Downloaded https://repo.spring.io/milestone/org/springframework/spring-orm/6.1.5/spring-orm-6.1.5.pom
2025-05-25 10:19:59,027 [Worker-33: Importing Maven projects] INFO  o.e.m.c.i.e.AbstractTransferListenerAdapter - Downloading https://repo.maven.apache.org/maven2/org/springframework/spring-orm/6.1.5/spring-orm-6.1.5.pom
2025-05-25 10:19:59,029 [Worker-33: Importing Maven projects] INFO  o.e.m.c.i.e.AbstractTransferListenerAdapter - Downloaded https://repo.maven.apache.org/maven2/org/springframework/spring-orm/6.1.5/spring-orm-6.1.5.pom
2025-05-25 10:19:59,245 [Worker-33: Importing Maven projects] INFO  o.e.m.c.i.e.AbstractTransferListenerAdapter - Downloaded https://repo.spring.io/milestone/org/springframework/spring-aspects/6.1.5/spring-aspects-6.1.5.pom
2025-05-25 10:19:59,256 [Worker-33: Importing Maven projects] INFO  o.e.m.c.i.e.AbstractTransferListenerAdapter - Downloading https://repo.maven.apache.org/maven2/org/springframework/spring-aspects/6.1.5/spring-aspects-6.1.5.pom
2025-05-25 10:19:59,259 [Worker-33: Importing Maven projects] INFO  o.e.m.c.i.e.AbstractTransferListenerAdapter - Downloaded https://repo.maven.apache.org/maven2/org/springframework/spring-aspects/6.1.5/spring-aspects-6.1.5.pom
2025-05-25 10:19:59,483 [Worker-33: Importing Maven projects] INFO  o.e.m.c.i.e.AbstractTransferListenerAdapter - Downloading https://repo.spring.io/milestone/org/springframework/boot/spring-boot-starter-data-rest/3.3.0-M3/spring-boot-starter-data-rest-3.3.0-M3.pom
2025-05-25 10:19:59,488 [Worker-33: Importing Maven projects] INFO  o.e.m.c.i.e.AbstractTransferListenerAdapter - Downloaded https://repo.spring.io/milestone/org/springframework/boot/spring-boot-starter-data-rest/3.3.0-M3/spring-boot-starter-data-rest-3.3.0-M3.pom
2025-05-25 10:19:59,772 [Worker-33: Importing Maven projects] INFO  o.e.m.c.i.e.AbstractTransferListenerAdapter - Downloading https://repo.spring.io/milestone/org/springframework/data/spring-data-rest-webmvc/4.3.0-M2/spring-data-rest-webmvc-4.3.0-M2.pom
2025-05-25 10:19:59,776 [Worker-33: Importing Maven projects] INFO  o.e.m.c.i.e.AbstractTransferListenerAdapter - Downloaded https://repo.spring.io/milestone/org/springframework/data/spring-data-rest-webmvc/4.3.0-M2/spring-data-rest-webmvc-4.3.0-M2.pom
2025-05-25 10:20:00,070 [Worker-33: Importing Maven projects] INFO  o.e.m.c.i.e.AbstractTransferListenerAdapter - Downloading https://repo.spring.io/milestone/org/springframework/data/spring-data-rest-parent/4.3.0-M2/spring-data-rest-parent-4.3.0-M2.pom
2025-05-25 10:20:00,073 [Worker-33: Importing Maven projects] INFO  o.e.m.c.i.e.AbstractTransferListenerAdapter - Downloaded https://repo.spring.io/milestone/org/springframework/data/spring-data-rest-parent/4.3.0-M2/spring-data-rest-parent-4.3.0-M2.pom
2025-05-25 10:20:00,308 [Worker-33: Importing Maven projects] INFO  o.e.m.c.i.e.AbstractTransferListenerAdapter - Downloading https://repo.spring.io/milestone/org/springframework/data/spring-data-rest-core/4.3.0-M2/spring-data-rest-core-4.3.0-M2.pom
2025-05-25 10:20:00,313 [Worker-33: Importing Maven projects] INFO  o.e.m.c.i.e.AbstractTransferListenerAdapter - Downloaded https://repo.spring.io/milestone/org/springframework/data/spring-data-rest-core/4.3.0-M2/spring-data-rest-core-4.3.0-M2.pom
2025-05-25 10:20:00,548 [Worker-33: Importing Maven projects] INFO  o.e.m.c.i.e.AbstractTransferListenerAdapter - Downloading https://repo.spring.io/milestone/org/springframework/hateoas/spring-hateoas/2.3.0-M1/spring-hateoas-2.3.0-M1.pom
2025-05-25 10:20:00,553 [Worker-33: Importing Maven projects] INFO  o.e.m.c.i.e.AbstractTransferListenerAdapter - Downloaded https://repo.spring.io/milestone/org/springframework/hateoas/spring-hateoas/2.3.0-M1/spring-hateoas-2.3.0-M1.pom
2025-05-25 10:20:00,780 [Worker-33: Importing Maven projects] INFO  o.e.m.c.i.e.AbstractTransferListenerAdapter - Downloaded https://repo.spring.io/milestone/org/springframework/plugin/spring-plugin-core/3.0.0/spring-plugin-core-3.0.0.pom
2025-05-25 10:20:00,791 [Worker-33: Importing Maven projects] INFO  o.e.m.c.i.e.AbstractTransferListenerAdapter - Downloading https://repo.maven.apache.org/maven2/org/springframework/plugin/spring-plugin-core/3.0.0/spring-plugin-core-3.0.0.pom
2025-05-25 10:20:00,793 [Worker-33: Importing Maven projects] INFO  o.e.m.c.i.e.AbstractTransferListenerAdapter - Downloaded https://repo.maven.apache.org/maven2/org/springframework/plugin/spring-plugin-core/3.0.0/spring-plugin-core-3.0.0.pom
2025-05-25 10:20:01,019 [Worker-33: Importing Maven projects] INFO  o.e.m.c.i.e.AbstractTransferListenerAdapter - Downloaded https://repo.spring.io/milestone/net/minidev/json-smart/2.5.0/json-smart-2.5.0.pom
2025-05-25 10:20:01,030 [Worker-33: Importing Maven projects] INFO  o.e.m.c.i.e.AbstractTransferListenerAdapter - Downloading https://repo.maven.apache.org/maven2/net/minidev/json-smart/2.5.0/json-smart-2.5.0.pom
2025-05-25 10:20:01,035 [Worker-33: Importing Maven projects] INFO  o.e.m.c.i.e.AbstractTransferListenerAdapter - Downloaded https://repo.maven.apache.org/maven2/net/minidev/json-smart/2.5.0/json-smart-2.5.0.pom
2025-05-25 10:20:01,257 [Worker-33: Importing Maven projects] INFO  o.e.m.c.i.e.AbstractTransferListenerAdapter - Downloaded https://repo.spring.io/milestone/net/minidev/accessors-smart/2.5.0/accessors-smart-2.5.0.pom
2025-05-25 10:20:01,266 [Worker-33: Importing Maven projects] INFO  o.e.m.c.i.e.AbstractTransferListenerAdapter - Downloading https://repo.maven.apache.org/maven2/net/minidev/accessors-smart/2.5.0/accessors-smart-2.5.0.pom
2025-05-25 10:20:01,269 [Worker-33: Importing Maven projects] INFO  o.e.m.c.i.e.AbstractTransferListenerAdapter - Downloaded https://repo.maven.apache.org/maven2/net/minidev/accessors-smart/2.5.0/accessors-smart-2.5.0.pom
2025-05-25 10:20:01,492 [Worker-33: Importing Maven projects] INFO  o.e.m.c.i.e.AbstractTransferListenerAdapter - Downloaded https://repo.spring.io/milestone/org/ow2/asm/asm/9.3/asm-9.3.pom
2025-05-25 10:20:01,506 [Worker-33: Importing Maven projects] INFO  o.e.m.c.i.e.AbstractTransferListenerAdapter - Downloading https://repo.maven.apache.org/maven2/org/ow2/asm/asm/9.3/asm-9.3.pom
2025-05-25 10:20:01,510 [Worker-33: Importing Maven projects] INFO  o.e.m.c.i.e.AbstractTransferListenerAdapter - Downloaded https://repo.maven.apache.org/maven2/org/ow2/asm/asm/9.3/asm-9.3.pom
2025-05-25 10:20:01,734 [Worker-33: Importing Maven projects] INFO  o.e.m.c.i.e.AbstractTransferListenerAdapter - Downloaded https://repo.spring.io/milestone/org/ow2/ow2/1.5/ow2-1.5.pom
2025-05-25 10:20:01,743 [Worker-33: Importing Maven projects] INFO  o.e.m.c.i.e.AbstractTransferListenerAdapter - Downloading https://repo.maven.apache.org/maven2/org/ow2/ow2/1.5/ow2-1.5.pom
2025-05-25 10:20:01,754 [Worker-33: Importing Maven projects] INFO  o.e.m.c.i.e.AbstractTransferListenerAdapter - Downloaded https://repo.maven.apache.org/maven2/org/ow2/ow2/1.5/ow2-1.5.pom
2025-05-25 10:20:02,031 [Worker-33: Importing Maven projects] INFO  o.e.m.c.i.e.AbstractTransferListenerAdapter - Downloaded https://repo.spring.io/milestone/org/atteo/evo-inflector/1.3/evo-inflector-1.3.pom
2025-05-25 10:20:02,075 [Worker-33: Importing Maven projects] INFO  o.e.m.c.i.e.AbstractTransferListenerAdapter - Downloading https://repo.maven.apache.org/maven2/org/atteo/evo-inflector/1.3/evo-inflector-1.3.pom
2025-05-25 10:20:02,080 [Worker-33: Importing Maven projects] INFO  o.e.m.c.i.e.AbstractTransferListenerAdapter - Downloaded https://repo.maven.apache.org/maven2/org/atteo/evo-inflector/1.3/evo-inflector-1.3.pom
2025-05-25 10:20:02,314 [Worker-33: Importing Maven projects] INFO  o.e.m.c.i.e.AbstractTransferListenerAdapter - Downloaded https://repo.spring.io/milestone/org/atteo/parent/1.19/parent-1.19.pom
2025-05-25 10:20:02,336 [Worker-33: Importing Maven projects] INFO  o.e.m.c.i.e.AbstractTransferListenerAdapter - Downloading https://repo.maven.apache.org/maven2/org/atteo/parent/1.19/parent-1.19.pom
2025-05-25 10:20:02,339 [Worker-33: Importing Maven projects] INFO  o.e.m.c.i.e.AbstractTransferListenerAdapter - Downloaded https://repo.maven.apache.org/maven2/org/atteo/parent/1.19/parent-1.19.pom
2025-05-25 10:20:02,565 [Worker-33: Importing Maven projects] INFO  o.e.m.c.i.e.AbstractTransferListenerAdapter - Downloaded https://repo.spring.io/milestone/com/h2database/h2/2.2.224/h2-2.2.224.pom
2025-05-25 10:20:02,581 [Worker-33: Importing Maven projects] INFO  o.e.m.c.i.e.AbstractTransferListenerAdapter - Downloading https://repo.maven.apache.org/maven2/com/h2database/h2/2.2.224/h2-2.2.224.pom
2025-05-25 10:20:02,584 [Worker-33: Importing Maven projects] INFO  o.e.m.c.i.e.AbstractTransferListenerAdapter - Downloaded https://repo.maven.apache.org/maven2/com/h2database/h2/2.2.224/h2-2.2.224.pom
2025-05-25 10:20:02,811 [Worker-33: Importing Maven projects] INFO  o.e.m.c.i.e.AbstractTransferListenerAdapter - Downloading https://repo.spring.io/milestone/org/springframework/boot/spring-boot-devtools/3.3.0-M3/spring-boot-devtools-3.3.0-M3.pom
2025-05-25 10:20:02,815 [Worker-33: Importing Maven projects] INFO  o.e.m.c.i.e.AbstractTransferListenerAdapter - Downloaded https://repo.spring.io/milestone/org/springframework/boot/spring-boot-devtools/3.3.0-M3/spring-boot-devtools-3.3.0-M3.pom
2025-05-25 10:20:03,035 [Worker-33: Importing Maven projects] INFO  o.e.m.c.i.e.AbstractTransferListenerAdapter - Downloading https://repo.spring.io/milestone/org/springframework/boot/spring-boot-starter-test/3.3.0-M3/spring-boot-starter-test-3.3.0-M3.pom
2025-05-25 10:20:03,038 [Worker-33: Importing Maven projects] INFO  o.e.m.c.i.e.AbstractTransferListenerAdapter - Downloaded https://repo.spring.io/milestone/org/springframework/boot/spring-boot-starter-test/3.3.0-M3/spring-boot-starter-test-3.3.0-M3.pom
2025-05-25 10:20:03,270 [Worker-33: Importing Maven projects] INFO  o.e.m.c.i.e.AbstractTransferListenerAdapter - Downloading https://repo.spring.io/milestone/org/springframework/boot/spring-boot-test/3.3.0-M3/spring-boot-test-3.3.0-M3.pom
2025-05-25 10:20:03,274 [Worker-33: Importing Maven projects] INFO  o.e.m.c.i.e.AbstractTransferListenerAdapter - Downloaded https://repo.spring.io/milestone/org/springframework/boot/spring-boot-test/3.3.0-M3/spring-boot-test-3.3.0-M3.pom
2025-05-25 10:20:03,494 [Worker-33: Importing Maven projects] INFO  o.e.m.c.i.e.AbstractTransferListenerAdapter - Downloading https://repo.spring.io/milestone/org/springframework/boot/spring-boot-test-autoconfigure/3.3.0-M3/spring-boot-test-autoconfigure-3.3.0-M3.pom
2025-05-25 10:20:03,496 [Worker-33: Importing Maven projects] INFO  o.e.m.c.i.e.AbstractTransferListenerAdapter - Downloaded https://repo.spring.io/milestone/org/springframework/boot/spring-boot-test-autoconfigure/3.3.0-M3/spring-boot-test-autoconfigure-3.3.0-M3.pom
2025-05-25 10:20:03,714 [Worker-33: Importing Maven projects] INFO  o.e.m.c.i.e.AbstractTransferListenerAdapter - Downloaded https://repo.spring.io/milestone/org/assertj/assertj-core/3.25.3/assertj-core-3.25.3.pom
2025-05-25 10:20:03,723 [Worker-33: Importing Maven projects] INFO  o.e.m.c.i.e.AbstractTransferListenerAdapter - Downloading https://repo.maven.apache.org/maven2/org/assertj/assertj-core/3.25.3/assertj-core-3.25.3.pom
2025-05-25 10:20:03,726 [Worker-33: Importing Maven projects] INFO  o.e.m.c.i.e.AbstractTransferListenerAdapter - Downloaded https://repo.maven.apache.org/maven2/org/assertj/assertj-core/3.25.3/assertj-core-3.25.3.pom
2025-05-25 10:20:03,942 [Worker-33: Importing Maven projects] INFO  o.e.m.c.i.e.AbstractTransferListenerAdapter - Downloaded https://repo.spring.io/milestone/org/awaitility/awaitility/4.2.0/awaitility-4.2.0.pom
2025-05-25 10:20:03,950 [Worker-33: Importing Maven projects] INFO  o.e.m.c.i.e.AbstractTransferListenerAdapter - Downloading https://repo.maven.apache.org/maven2/org/awaitility/awaitility/4.2.0/awaitility-4.2.0.pom
2025-05-25 10:20:03,952 [Worker-33: Importing Maven projects] INFO  o.e.m.c.i.e.AbstractTransferListenerAdapter - Downloaded https://repo.maven.apache.org/maven2/org/awaitility/awaitility/4.2.0/awaitility-4.2.0.pom
2025-05-25 10:20:04,171 [Worker-33: Importing Maven projects] INFO  o.e.m.c.i.e.AbstractTransferListenerAdapter - Downloaded https://repo.spring.io/milestone/org/awaitility/awaitility-parent/4.2.0/awaitility-parent-4.2.0.pom
2025-05-25 10:20:04,203 [Worker-33: Importing Maven projects] INFO  o.e.m.c.i.e.AbstractTransferListenerAdapter - Downloading https://repo.maven.apache.org/maven2/org/awaitility/awaitility-parent/4.2.0/awaitility-parent-4.2.0.pom
2025-05-25 10:20:04,206 [Worker-33: Importing Maven projects] INFO  o.e.m.c.i.e.AbstractTransferListenerAdapter - Downloaded https://repo.maven.apache.org/maven2/org/awaitility/awaitility-parent/4.2.0/awaitility-parent-4.2.0.pom
2025-05-25 10:20:04,425 [Worker-33: Importing Maven projects] INFO  o.e.m.c.i.e.AbstractTransferListenerAdapter - Downloaded https://repo.spring.io/milestone/org/junit/jupiter/junit-jupiter/5.10.2/junit-jupiter-5.10.2.pom
2025-05-25 10:20:04,520 [Worker-33: Importing Maven projects] INFO  o.e.m.c.i.e.AbstractTransferListenerAdapter - Downloading https://repo.maven.apache.org/maven2/org/junit/jupiter/junit-jupiter/5.10.2/junit-jupiter-5.10.2.pom
2025-05-25 10:20:04,523 [Worker-33: Importing Maven projects] INFO  o.e.m.c.i.e.AbstractTransferListenerAdapter - Downloaded https://repo.maven.apache.org/maven2/org/junit/jupiter/junit-jupiter/5.10.2/junit-jupiter-5.10.2.pom
2025-05-25 10:20:04,741 [Worker-33: Importing Maven projects] INFO  o.e.m.c.i.e.AbstractTransferListenerAdapter - Downloaded https://repo.spring.io/milestone/org/junit/jupiter/junit-jupiter-api/5.10.2/junit-jupiter-api-5.10.2.pom
2025-05-25 10:20:04,763 [Worker-33: Importing Maven projects] INFO  o.e.m.c.i.e.AbstractTransferListenerAdapter - Downloading https://repo.maven.apache.org/maven2/org/junit/jupiter/junit-jupiter-api/5.10.2/junit-jupiter-api-5.10.2.pom
2025-05-25 10:20:04,766 [Worker-33: Importing Maven projects] INFO  o.e.m.c.i.e.AbstractTransferListenerAdapter - Downloaded https://repo.maven.apache.org/maven2/org/junit/jupiter/junit-jupiter-api/5.10.2/junit-jupiter-api-5.10.2.pom
2025-05-25 10:20:04,985 [Worker-33: Importing Maven projects] INFO  o.e.m.c.i.e.AbstractTransferListenerAdapter - Downloaded https://repo.spring.io/milestone/org/junit/platform/junit-platform-commons/1.10.2/junit-platform-commons-1.10.2.pom
2025-05-25 10:20:05,006 [Worker-33: Importing Maven projects] INFO  o.e.m.c.i.e.AbstractTransferListenerAdapter - Downloading https://repo.maven.apache.org/maven2/org/junit/platform/junit-platform-commons/1.10.2/junit-platform-commons-1.10.2.pom
2025-05-25 10:20:05,009 [Worker-33: Importing Maven projects] INFO  o.e.m.c.i.e.AbstractTransferListenerAdapter - Downloaded https://repo.maven.apache.org/maven2/org/junit/platform/junit-platform-commons/1.10.2/junit-platform-commons-1.10.2.pom
2025-05-25 10:20:05,228 [Worker-33: Importing Maven projects] INFO  o.e.m.c.i.e.AbstractTransferListenerAdapter - Downloaded https://repo.spring.io/milestone/org/junit/jupiter/junit-jupiter-params/5.10.2/junit-jupiter-params-5.10.2.pom
2025-05-25 10:20:05,272 [Worker-33: Importing Maven projects] INFO  o.e.m.c.i.e.AbstractTransferListenerAdapter - Downloading https://repo.maven.apache.org/maven2/org/junit/jupiter/junit-jupiter-params/5.10.2/junit-jupiter-params-5.10.2.pom
2025-05-25 10:20:05,276 [Worker-33: Importing Maven projects] INFO  o.e.m.c.i.e.AbstractTransferListenerAdapter - Downloaded https://repo.maven.apache.org/maven2/org/junit/jupiter/junit-jupiter-params/5.10.2/junit-jupiter-params-5.10.2.pom
2025-05-25 10:20:05,496 [Worker-33: Importing Maven projects] INFO  o.e.m.c.i.e.AbstractTransferListenerAdapter - Downloaded https://repo.spring.io/milestone/org/junit/jupiter/junit-jupiter-engine/5.10.2/junit-jupiter-engine-5.10.2.pom
2025-05-25 10:20:05,504 [Worker-33: Importing Maven projects] INFO  o.e.m.c.i.e.AbstractTransferListenerAdapter - Downloading https://repo.maven.apache.org/maven2/org/junit/jupiter/junit-jupiter-engine/5.10.2/junit-jupiter-engine-5.10.2.pom
2025-05-25 10:20:05,507 [Worker-33: Importing Maven projects] INFO  o.e.m.c.i.e.AbstractTransferListenerAdapter - Downloaded https://repo.maven.apache.org/maven2/org/junit/jupiter/junit-jupiter-engine/5.10.2/junit-jupiter-engine-5.10.2.pom
2025-05-25 10:20:05,724 [Worker-33: Importing Maven projects] INFO  o.e.m.c.i.e.AbstractTransferListenerAdapter - Downloaded https://repo.spring.io/milestone/org/junit/platform/junit-platform-engine/1.10.2/junit-platform-engine-1.10.2.pom
2025-05-25 10:20:05,735 [Worker-33: Importing Maven projects] INFO  o.e.m.c.i.e.AbstractTransferListenerAdapter - Downloading https://repo.maven.apache.org/maven2/org/junit/platform/junit-platform-engine/1.10.2/junit-platform-engine-1.10.2.pom
2025-05-25 10:20:05,738 [Worker-33: Importing Maven projects] INFO  o.e.m.c.i.e.AbstractTransferListenerAdapter - Downloaded https://repo.maven.apache.org/maven2/org/junit/platform/junit-platform-engine/1.10.2/junit-platform-engine-1.10.2.pom
2025-05-25 10:20:05,953 [Worker-33: Importing Maven projects] INFO  o.e.m.c.i.e.AbstractTransferListenerAdapter - Downloaded https://repo.spring.io/milestone/org/mockito/mockito-core/5.11.0/mockito-core-5.11.0.pom
2025-05-25 10:20:05,964 [Worker-33: Importing Maven projects] INFO  o.e.m.c.i.e.AbstractTransferListenerAdapter - Downloading https://repo.maven.apache.org/maven2/org/mockito/mockito-core/5.11.0/mockito-core-5.11.0.pom
2025-05-25 10:20:05,967 [Worker-33: Importing Maven projects] INFO  o.e.m.c.i.e.AbstractTransferListenerAdapter - Downloaded https://repo.maven.apache.org/maven2/org/mockito/mockito-core/5.11.0/mockito-core-5.11.0.pom
2025-05-25 10:20:06,183 [Worker-33: Importing Maven projects] INFO  o.e.m.c.i.e.AbstractTransferListenerAdapter - Downloaded https://repo.spring.io/milestone/net/bytebuddy/byte-buddy-agent/1.14.12/byte-buddy-agent-1.14.12.pom
2025-05-25 10:20:06,192 [Worker-33: Importing Maven projects] INFO  o.e.m.c.i.e.AbstractTransferListenerAdapter - Downloading https://repo.maven.apache.org/maven2/net/bytebuddy/byte-buddy-agent/1.14.12/byte-buddy-agent-1.14.12.pom
2025-05-25 10:20:06,196 [Worker-33: Importing Maven projects] INFO  o.e.m.c.i.e.AbstractTransferListenerAdapter - Downloaded https://repo.maven.apache.org/maven2/net/bytebuddy/byte-buddy-agent/1.14.12/byte-buddy-agent-1.14.12.pom
2025-05-25 10:20:06,425 [Worker-33: Importing Maven projects] INFO  o.e.m.c.i.e.AbstractTransferListenerAdapter - Downloaded https://repo.spring.io/milestone/org/mockito/mockito-junit-jupiter/5.11.0/mockito-junit-jupiter-5.11.0.pom
2025-05-25 10:20:06,454 [Worker-33: Importing Maven projects] INFO  o.e.m.c.i.e.AbstractTransferListenerAdapter - Downloading https://repo.maven.apache.org/maven2/org/mockito/mockito-junit-jupiter/5.11.0/mockito-junit-jupiter-5.11.0.pom
2025-05-25 10:20:06,458 [Worker-33: Importing Maven projects] INFO  o.e.m.c.i.e.AbstractTransferListenerAdapter - Downloaded https://repo.maven.apache.org/maven2/org/mockito/mockito-junit-jupiter/5.11.0/mockito-junit-jupiter-5.11.0.pom
2025-05-25 10:20:06,677 [Worker-33: Importing Maven projects] INFO  o.e.m.c.i.e.AbstractTransferListenerAdapter - Downloaded https://repo.spring.io/milestone/org/skyscreamer/jsonassert/1.5.1/jsonassert-1.5.1.pom
2025-05-25 10:20:06,693 [Worker-33: Importing Maven projects] INFO  o.e.m.c.i.e.AbstractTransferListenerAdapter - Downloading https://repo.maven.apache.org/maven2/org/skyscreamer/jsonassert/1.5.1/jsonassert-1.5.1.pom
2025-05-25 10:20:06,696 [Worker-33: Importing Maven projects] INFO  o.e.m.c.i.e.AbstractTransferListenerAdapter - Downloaded https://repo.maven.apache.org/maven2/org/skyscreamer/jsonassert/1.5.1/jsonassert-1.5.1.pom
2025-05-25 10:20:06,921 [Worker-33: Importing Maven projects] INFO  o.e.m.c.i.e.AbstractTransferListenerAdapter - Downloaded https://repo.spring.io/milestone/org/springframework/spring-test/6.1.5/spring-test-6.1.5.pom
2025-05-25 10:20:06,946 [Worker-33: Importing Maven projects] INFO  o.e.m.c.i.e.AbstractTransferListenerAdapter - Downloading https://repo.maven.apache.org/maven2/org/springframework/spring-test/6.1.5/spring-test-6.1.5.pom
2025-05-25 10:20:06,948 [Worker-33: Importing Maven projects] INFO  o.e.m.c.i.e.AbstractTransferListenerAdapter - Downloaded https://repo.maven.apache.org/maven2/org/springframework/spring-test/6.1.5/spring-test-6.1.5.pom
2025-05-25 10:20:07,165 [Worker-33: Importing Maven projects] INFO  o.e.m.c.i.e.AbstractTransferListenerAdapter - Downloaded https://repo.spring.io/milestone/org/xmlunit/xmlunit-core/2.9.1/xmlunit-core-2.9.1.pom
2025-05-25 10:20:07,173 [Worker-33: Importing Maven projects] INFO  o.e.m.c.i.e.AbstractTransferListenerAdapter - Downloading https://repo.maven.apache.org/maven2/org/xmlunit/xmlunit-core/2.9.1/xmlunit-core-2.9.1.pom
2025-05-25 10:20:07,176 [Worker-33: Importing Maven projects] INFO  o.e.m.c.i.e.AbstractTransferListenerAdapter - Downloaded https://repo.maven.apache.org/maven2/org/xmlunit/xmlunit-core/2.9.1/xmlunit-core-2.9.1.pom
2025-05-25 10:20:07,392 [Worker-33: Importing Maven projects] INFO  o.e.m.c.i.e.AbstractTransferListenerAdapter - Downloaded https://repo.spring.io/milestone/org/xmlunit/xmlunit-parent/2.9.1/xmlunit-parent-2.9.1.pom
2025-05-25 10:20:07,424 [Worker-33: Importing Maven projects] INFO  o.e.m.c.i.e.AbstractTransferListenerAdapter - Downloading https://repo.maven.apache.org/maven2/org/xmlunit/xmlunit-parent/2.9.1/xmlunit-parent-2.9.1.pom
2025-05-25 10:20:07,427 [Worker-33: Importing Maven projects] INFO  o.e.m.c.i.e.AbstractTransferListenerAdapter - Downloaded https://repo.maven.apache.org/maven2/org/xmlunit/xmlunit-parent/2.9.1/xmlunit-parent-2.9.1.pom
2025-05-25 10:20:07,703 [Worker-33: Importing Maven projects] INFO  o.e.m.c.i.e.AbstractTransferListenerAdapter - Downloading https://repo.spring.io/milestone/org/springframework/boot/spring-boot-starter-web/3.3.0-M3/spring-boot-starter-web-3.3.0-M3.jar
2025-05-25 10:20:07,726 [Worker-33: Importing Maven projects] INFO  o.e.m.c.i.e.AbstractTransferListenerAdapter - Downloaded https://repo.spring.io/milestone/org/springframework/boot/spring-boot-starter-web/3.3.0-M3/spring-boot-starter-web-3.3.0-M3.jar
2025-05-25 10:20:07,939 [BasicRepositoryConnector-repo.spring.io-0-4] INFO  o.e.m.c.i.e.AbstractTransferListenerAdapter - Downloaded https://repo.spring.io/milestone/org/apache/logging/log4j/log4j-to-slf4j/2.23.1/log4j-to-slf4j-2.23.1.jar
2025-05-25 10:20:08,153 [BasicRepositoryConnector-repo.spring.io-0-4] INFO  o.e.m.c.i.e.AbstractTransferListenerAdapter - Downloaded https://repo.spring.io/milestone/org/apache/logging/log4j/log4j-api/2.23.1/log4j-api-2.23.1.jar
2025-05-25 10:20:08,366 [BasicRepositoryConnector-repo.spring.io-0-4] INFO  o.e.m.c.i.e.AbstractTransferListenerAdapter - Downloaded https://repo.spring.io/milestone/org/slf4j/jul-to-slf4j/2.0.12/jul-to-slf4j-2.0.12.jar
2025-05-25 10:20:08,593 [BasicRepositoryConnector-repo.spring.io-0-4] INFO  o.e.m.c.i.e.AbstractTransferListenerAdapter - Downloaded https://repo.spring.io/milestone/org/yaml/snakeyaml/2.2/snakeyaml-2.2.jar
2025-05-25 10:20:08,594 [BasicRepositoryConnector-repo.spring.io-0-1] INFO  o.e.m.c.i.e.AbstractTransferListenerAdapter - Downloading https://repo.spring.io/milestone/org/springframework/boot/spring-boot-starter-logging/3.3.0-M3/spring-boot-starter-logging-3.3.0-M3.jar
2025-05-25 10:20:08,594 [BasicRepositoryConnector-repo.spring.io-0-3] INFO  o.e.m.c.i.e.AbstractTransferListenerAdapter - Downloaded https://repo.spring.io/milestone/ch/qos/logback/logback-core/1.4.14/logback-core-1.4.14.jar
2025-05-25 10:20:08,594 [BasicRepositoryConnector-repo.spring.io-0-2] INFO  o.e.m.c.i.e.AbstractTransferListenerAdapter - Downloaded https://repo.spring.io/milestone/ch/qos/logback/logback-classic/1.4.14/logback-classic-1.4.14.jar
2025-05-25 10:20:08,600 [BasicRepositoryConnector-repo.spring.io-0-1] INFO  o.e.m.c.i.e.AbstractTransferListenerAdapter - Downloaded https://repo.spring.io/milestone/org/springframework/boot/spring-boot-starter-logging/3.3.0-M3/spring-boot-starter-logging-3.3.0-M3.jar
2025-05-25 10:20:08,601 [BasicRepositoryConnector-repo.spring.io-0-0] INFO  o.e.m.c.i.e.AbstractTransferListenerAdapter - Downloading https://repo.spring.io/milestone/org/springframework/boot/spring-boot-starter/3.3.0-M3/spring-boot-starter-3.3.0-M3.jar
2025-05-25 10:20:08,605 [BasicRepositoryConnector-repo.spring.io-0-0] INFO  o.e.m.c.i.e.AbstractTransferListenerAdapter - Downloaded https://repo.spring.io/milestone/org/springframework/boot/spring-boot-starter/3.3.0-M3/spring-boot-starter-3.3.0-M3.jar
2025-05-25 10:20:08,807 [BasicRepositoryConnector-repo.spring.io-0-3] INFO  o.e.m.c.i.e.AbstractTransferListenerAdapter - Downloaded https://repo.spring.io/milestone/com/fasterxml/jackson/core/jackson-databind/2.17.0/jackson-databind-2.17.0.jar
2025-05-25 10:20:08,810 [BasicRepositoryConnector-repo.spring.io-0-2] INFO  o.e.m.c.i.e.AbstractTransferListenerAdapter - Downloaded https://repo.spring.io/milestone/com/fasterxml/jackson/core/jackson-core/2.17.0/jackson-core-2.17.0.jar
2025-05-25 10:20:08,812 [BasicRepositoryConnector-repo.spring.io-0-4] INFO  o.e.m.c.i.e.AbstractTransferListenerAdapter - Downloading https://repo.spring.io/milestone/org/springframework/boot/spring-boot-starter-json/3.3.0-M3/spring-boot-starter-json-3.3.0-M3.jar
2025-05-25 10:20:08,813 [BasicRepositoryConnector-repo.spring.io-0-1] INFO  o.e.m.c.i.e.AbstractTransferListenerAdapter - Downloaded https://repo.spring.io/milestone/com/fasterxml/jackson/datatype/jackson-datatype-jdk8/2.17.0/jackson-datatype-jdk8-2.17.0.jar
2025-05-25 10:20:08,815 [BasicRepositoryConnector-repo.spring.io-0-4] INFO  o.e.m.c.i.e.AbstractTransferListenerAdapter - Downloaded https://repo.spring.io/milestone/org/springframework/boot/spring-boot-starter-json/3.3.0-M3/spring-boot-starter-json-3.3.0-M3.jar
2025-05-25 10:20:08,822 [BasicRepositoryConnector-repo.spring.io-0-0] INFO  o.e.m.c.i.e.AbstractTransferListenerAdapter - Downloaded https://repo.spring.io/milestone/com/fasterxml/jackson/datatype/jackson-datatype-jsr310/2.17.0/jackson-datatype-jsr310-2.17.0.jar
2025-05-25 10:20:09,019 [BasicRepositoryConnector-repo.spring.io-0-3] INFO  o.e.m.c.i.e.AbstractTransferListenerAdapter - Downloaded https://repo.spring.io/milestone/com/fasterxml/jackson/module/jackson-module-parameter-names/2.17.0/jackson-module-parameter-names-2.17.0.jar
2025-05-25 10:20:09,028 [BasicRepositoryConnector-repo.spring.io-0-4] INFO  o.e.m.c.i.e.AbstractTransferListenerAdapter - Downloaded https://repo.spring.io/milestone/org/apache/tomcat/embed/tomcat-embed-el/10.1.19/tomcat-embed-el-10.1.19.jar
2025-05-25 10:20:09,028 [BasicRepositoryConnector-repo.spring.io-0-1] INFO  o.e.m.c.i.e.AbstractTransferListenerAdapter - Downloaded https://repo.spring.io/milestone/org/apache/tomcat/embed/tomcat-embed-core/10.1.19/tomcat-embed-core-10.1.19.jar
2025-05-25 10:20:09,030 [BasicRepositoryConnector-repo.spring.io-0-2] INFO  o.e.m.c.i.e.AbstractTransferListenerAdapter - Downloading https://repo.spring.io/milestone/org/springframework/boot/spring-boot-starter-tomcat/3.3.0-M3/spring-boot-starter-tomcat-3.3.0-M3.jar
2025-05-25 10:20:09,035 [BasicRepositoryConnector-repo.spring.io-0-2] INFO  o.e.m.c.i.e.AbstractTransferListenerAdapter - Downloaded https://repo.spring.io/milestone/org/springframework/boot/spring-boot-starter-tomcat/3.3.0-M3/spring-boot-starter-tomcat-3.3.0-M3.jar
2025-05-25 10:20:09,039 [BasicRepositoryConnector-repo.spring.io-0-0] INFO  o.e.m.c.i.e.AbstractTransferListenerAdapter - Downloaded https://repo.spring.io/milestone/org/apache/tomcat/embed/tomcat-embed-websocket/10.1.19/tomcat-embed-websocket-10.1.19.jar
2025-05-25 10:20:09,232 [BasicRepositoryConnector-repo.spring.io-0-3] INFO  o.e.m.c.i.e.AbstractTransferListenerAdapter - Downloaded https://repo.spring.io/milestone/org/springframework/spring-web/6.1.5/spring-web-6.1.5.jar
2025-05-25 10:20:09,244 [BasicRepositoryConnector-repo.spring.io-0-4] INFO  o.e.m.c.i.e.AbstractTransferListenerAdapter - Downloading https://repo.spring.io/milestone/io/micrometer/micrometer-observation/1.13.0-M2/micrometer-observation-1.13.0-M2.jar
2025-05-25 10:20:09,246 [BasicRepositoryConnector-repo.spring.io-0-1] INFO  o.e.m.c.i.e.AbstractTransferListenerAdapter - Downloaded https://repo.spring.io/milestone/org/springframework/spring-beans/6.1.5/spring-beans-6.1.5.jar
2025-05-25 10:20:09,254 [BasicRepositoryConnector-repo.spring.io-0-2] INFO  o.e.m.c.i.e.AbstractTransferListenerAdapter - Downloading https://repo.spring.io/milestone/io/micrometer/micrometer-commons/1.13.0-M2/micrometer-commons-1.13.0-M2.jar
2025-05-25 10:20:09,256 [BasicRepositoryConnector-repo.spring.io-0-0] INFO  o.e.m.c.i.e.AbstractTransferListenerAdapter - Downloaded https://repo.spring.io/milestone/org/springframework/spring-webmvc/6.1.5/spring-webmvc-6.1.5.jar
2025-05-25 10:20:09,446 [BasicRepositoryConnector-repo.spring.io-0-3] INFO  o.e.m.c.i.e.AbstractTransferListenerAdapter - Downloaded https://repo.spring.io/milestone/org/springframework/spring-context/6.1.5/spring-context-6.1.5.jar
2025-05-25 10:20:09,460 [BasicRepositoryConnector-repo.spring.io-0-1] INFO  o.e.m.c.i.e.AbstractTransferListenerAdapter - Downloaded https://repo.spring.io/milestone/org/springframework/spring-expression/6.1.5/spring-expression-6.1.5.jar
2025-05-25 10:20:09,477 [BasicRepositoryConnector-repo.spring.io-0-0] INFO  o.e.m.c.i.e.AbstractTransferListenerAdapter - Downloading https://repo.spring.io/milestone/org/springframework/boot/spring-boot-starter-security/3.3.0-M3/spring-boot-starter-security-3.3.0-M3.jar
2025-05-25 10:20:09,482 [BasicRepositoryConnector-repo.spring.io-0-0] INFO  o.e.m.c.i.e.AbstractTransferListenerAdapter - Downloaded https://repo.spring.io/milestone/org/springframework/boot/spring-boot-starter-security/3.3.0-M3/spring-boot-starter-security-3.3.0-M3.jar
2025-05-25 10:20:09,678 [BasicRepositoryConnector-repo.spring.io-0-3] INFO  o.e.m.c.i.e.AbstractTransferListenerAdapter - Downloaded https://repo.spring.io/milestone/org/springframework/spring-aop/6.1.5/spring-aop-6.1.5.jar
2025-05-25 10:20:09,686 [BasicRepositoryConnector-repo.spring.io-0-4] INFO  o.e.m.c.i.e.AbstractTransferListenerAdapter - Downloaded https://repo.spring.io/milestone/io/micrometer/micrometer-observation/1.13.0-M2/micrometer-observation-1.13.0-M2.jar
2025-05-25 10:20:09,687 [BasicRepositoryConnector-repo.spring.io-0-2] INFO  o.e.m.c.i.e.AbstractTransferListenerAdapter - Downloaded https://repo.spring.io/milestone/io/micrometer/micrometer-commons/1.13.0-M2/micrometer-commons-1.13.0-M2.jar
2025-05-25 10:20:09,900 [BasicRepositoryConnector-repo.spring.io-0-3] INFO  o.e.m.c.i.e.AbstractTransferListenerAdapter - Downloading https://repo.spring.io/milestone/org/springframework/security/spring-security-crypto/6.3.0-M3/spring-security-crypto-6.3.0-M3.jar
2025-05-25 10:20:09,915 [BasicRepositoryConnector-repo.spring.io-0-2] INFO  o.e.m.c.i.e.AbstractTransferListenerAdapter - Downloading https://repo.spring.io/milestone/org/springframework/boot/spring-boot-starter-data-jpa/3.3.0-M3/spring-boot-starter-data-jpa-3.3.0-M3.jar
2025-05-25 10:20:09,917 [BasicRepositoryConnector-repo.spring.io-0-2] INFO  o.e.m.c.i.e.AbstractTransferListenerAdapter - Downloaded https://repo.spring.io/milestone/org/springframework/boot/spring-boot-starter-data-jpa/3.3.0-M3/spring-boot-starter-data-jpa-3.3.0-M3.jar
2025-05-25 10:20:10,116 [BasicRepositoryConnector-repo.spring.io-0-3] INFO  o.e.m.c.i.e.AbstractTransferListenerAdapter - Downloaded https://repo.spring.io/milestone/org/springframework/security/spring-security-crypto/6.3.0-M3/spring-security-crypto-6.3.0-M3.jar
2025-05-25 10:20:10,143 [BasicRepositoryConnector-repo.spring.io-0-2] INFO  o.e.m.c.i.e.AbstractTransferListenerAdapter - Downloading https://repo.spring.io/milestone/org/springframework/boot/spring-boot-starter-aop/3.3.0-M3/spring-boot-starter-aop-3.3.0-M3.jar
2025-05-25 10:20:10,147 [BasicRepositoryConnector-repo.spring.io-0-2] INFO  o.e.m.c.i.e.AbstractTransferListenerAdapter - Downloaded https://repo.spring.io/milestone/org/springframework/boot/spring-boot-starter-aop/3.3.0-M3/spring-boot-starter-aop-3.3.0-M3.jar
2025-05-25 10:20:10,334 [BasicRepositoryConnector-repo.spring.io-0-3] INFO  o.e.m.c.i.e.AbstractTransferListenerAdapter - Downloaded https://repo.spring.io/milestone/org/aspectj/aspectjweaver/1.9.21/aspectjweaver-1.9.21.jar
2025-05-25 10:20:10,367 [BasicRepositoryConnector-repo.spring.io-0-2] INFO  o.e.m.c.i.e.AbstractTransferListenerAdapter - Downloading https://repo.spring.io/milestone/org/springframework/boot/spring-boot-starter-jdbc/3.3.0-M3/spring-boot-starter-jdbc-3.3.0-M3.jar
2025-05-25 10:20:10,371 [BasicRepositoryConnector-repo.spring.io-0-2] INFO  o.e.m.c.i.e.AbstractTransferListenerAdapter - Downloaded https://repo.spring.io/milestone/org/springframework/boot/spring-boot-starter-jdbc/3.3.0-M3/spring-boot-starter-jdbc-3.3.0-M3.jar
2025-05-25 10:20:10,491 [BasicRepositoryConnector-repo.spring.io-0-1] INFO  o.e.m.c.i.e.AbstractTransferListenerAdapter - Downloading https://repo.spring.io/milestone/org/springframework/security/spring-security-config/6.3.0-M3/spring-security-config-6.3.0-M3.jar
2025-05-25 10:20:10,496 [BasicRepositoryConnector-repo.spring.io-0-0] INFO  o.e.m.c.i.e.AbstractTransferListenerAdapter - Downloading https://repo.spring.io/milestone/org/springframework/security/spring-security-core/6.3.0-M3/spring-security-core-6.3.0-M3.jar
2025-05-25 10:20:10,572 [BasicRepositoryConnector-repo.spring.io-0-3] INFO  o.e.m.c.i.e.AbstractTransferListenerAdapter - Downloaded https://repo.spring.io/milestone/org/springframework/spring-jdbc/6.1.5/spring-jdbc-6.1.5.jar
2025-05-25 10:20:10,593 [BasicRepositoryConnector-repo.spring.io-0-2] INFO  o.e.m.c.i.e.AbstractTransferListenerAdapter - Downloaded https://repo.spring.io/milestone/org/hibernate/orm/hibernate-core/6.4.4.Final/hibernate-core-6.4.4.Final.jar
2025-05-25 10:20:10,634 [BasicRepositoryConnector-repo.spring.io-0-4] INFO  o.e.m.c.i.e.AbstractTransferListenerAdapter - Downloading https://repo.spring.io/milestone/org/springframework/security/spring-security-web/6.3.0-M3/spring-security-web-6.3.0-M3.jar
2025-05-25 10:20:10,787 [BasicRepositoryConnector-repo.spring.io-0-3] INFO  o.e.m.c.i.e.AbstractTransferListenerAdapter - Downloaded https://repo.spring.io/milestone/org/jboss/logging/jboss-logging/3.5.3.Final/jboss-logging-3.5.3.Final.jar
2025-05-25 10:20:10,820 [BasicRepositoryConnector-repo.spring.io-0-2] INFO  o.e.m.c.i.e.AbstractTransferListenerAdapter - Downloaded https://repo.spring.io/milestone/org/hibernate/common/hibernate-commons-annotations/6.0.6.Final/hibernate-commons-annotations-6.0.6.Final.jar
2025-05-25 10:20:11,002 [BasicRepositoryConnector-repo.spring.io-0-3] INFO  o.e.m.c.i.e.AbstractTransferListenerAdapter - Downloaded https://repo.spring.io/milestone/io/smallrye/jandex/3.1.2/jandex-3.1.2.jar
2025-05-25 10:20:11,034 [BasicRepositoryConnector-repo.spring.io-0-2] INFO  o.e.m.c.i.e.AbstractTransferListenerAdapter - Downloaded https://repo.spring.io/milestone/net/bytebuddy/byte-buddy/1.14.12/byte-buddy-1.14.12.jar
2025-05-25 10:20:11,636 [BasicRepositoryConnector-repo.spring.io-0-0] INFO  o.e.m.c.i.e.AbstractTransferListenerAdapter - Downloaded https://repo.spring.io/milestone/org/springframework/security/spring-security-core/6.3.0-M3/spring-security-core-6.3.0-M3.jar
2025-05-25 10:20:11,759 [BasicRepositoryConnector-repo.spring.io-0-4] INFO  o.e.m.c.i.e.AbstractTransferListenerAdapter - Downloaded https://repo.spring.io/milestone/org/springframework/security/spring-security-web/6.3.0-M3/spring-security-web-6.3.0-M3.jar
2025-05-25 10:20:11,857 [BasicRepositoryConnector-repo.spring.io-0-0] INFO  o.e.m.c.i.e.AbstractTransferListenerAdapter - Downloaded https://repo.spring.io/milestone/org/springframework/spring-orm/6.1.5/spring-orm-6.1.5.jar
2025-05-25 10:20:11,970 [BasicRepositoryConnector-repo.spring.io-0-3] INFO  o.e.m.c.i.e.AbstractTransferListenerAdapter - Downloading https://repo.spring.io/milestone/org/springframework/data/spring-data-jpa/3.3.0-M2/spring-data-jpa-3.3.0-M2.jar
2025-05-25 10:20:11,978 [BasicRepositoryConnector-repo.spring.io-0-4] INFO  o.e.m.c.i.e.AbstractTransferListenerAdapter - Downloaded https://repo.spring.io/milestone/org/springframework/spring-tx/6.1.5/spring-tx-6.1.5.jar
2025-05-25 10:20:12,016 [BasicRepositoryConnector-repo.spring.io-0-2] INFO  o.e.m.c.i.e.AbstractTransferListenerAdapter - Downloading https://repo.spring.io/milestone/org/springframework/data/spring-data-commons/3.3.0-M2/spring-data-commons-3.3.0-M2.jar
2025-05-25 10:20:12,072 [BasicRepositoryConnector-repo.spring.io-0-0] INFO  o.e.m.c.i.e.AbstractTransferListenerAdapter - Downloaded https://repo.spring.io/milestone/org/slf4j/slf4j-api/2.0.12/slf4j-api-2.0.12.jar
2025-05-25 10:20:12,193 [BasicRepositoryConnector-repo.spring.io-0-4] INFO  o.e.m.c.i.e.AbstractTransferListenerAdapter - Downloaded https://repo.spring.io/milestone/org/springframework/spring-aspects/6.1.5/spring-aspects-6.1.5.jar
2025-05-25 10:20:12,230 [BasicRepositoryConnector-repo.spring.io-0-1] INFO  o.e.m.c.i.e.AbstractTransferListenerAdapter - Downloaded https://repo.spring.io/milestone/org/springframework/security/spring-security-config/6.3.0-M3/spring-security-config-6.3.0-M3.jar
2025-05-25 10:20:12,330 [BasicRepositoryConnector-repo.spring.io-0-0] INFO  o.e.m.c.i.e.AbstractTransferListenerAdapter - Downloading https://repo.spring.io/milestone/org/springframework/boot/spring-boot-starter-data-rest/3.3.0-M3/spring-boot-starter-data-rest-3.3.0-M3.jar
2025-05-25 10:20:12,334 [BasicRepositoryConnector-repo.spring.io-0-0] INFO  o.e.m.c.i.e.AbstractTransferListenerAdapter - Downloaded https://repo.spring.io/milestone/org/springframework/boot/spring-boot-starter-data-rest/3.3.0-M3/spring-boot-starter-data-rest-3.3.0-M3.jar
2025-05-25 10:20:12,563 [BasicRepositoryConnector-repo.spring.io-0-1] INFO  o.e.m.c.i.e.AbstractTransferListenerAdapter - Downloading https://repo.spring.io/milestone/org/springframework/data/spring-data-rest-core/4.3.0-M2/spring-data-rest-core-4.3.0-M2.jar
2025-05-25 10:20:12,799 [BasicRepositoryConnector-repo.spring.io-0-4] INFO  o.e.m.c.i.e.AbstractTransferListenerAdapter - Downloading https://repo.spring.io/milestone/org/springframework/data/spring-data-rest-webmvc/4.3.0-M2/spring-data-rest-webmvc-4.3.0-M2.jar
2025-05-25 10:20:12,903 [BasicRepositoryConnector-repo.spring.io-0-0] INFO  o.e.m.c.i.e.AbstractTransferListenerAdapter - Downloading https://repo.spring.io/milestone/org/springframework/hateoas/spring-hateoas/2.3.0-M1/spring-hateoas-2.3.0-M1.jar
2025-05-25 10:20:13,406 [BasicRepositoryConnector-repo.spring.io-0-1] INFO  o.e.m.c.i.e.AbstractTransferListenerAdapter - Downloaded https://repo.spring.io/milestone/org/springframework/data/spring-data-rest-core/4.3.0-M2/spring-data-rest-core-4.3.0-M2.jar
2025-05-25 10:20:13,511 [BasicRepositoryConnector-repo.spring.io-0-4] INFO  o.e.m.c.i.e.AbstractTransferListenerAdapter - Downloaded https://repo.spring.io/milestone/org/springframework/data/spring-data-rest-webmvc/4.3.0-M2/spring-data-rest-webmvc-4.3.0-M2.jar
2025-05-25 10:20:13,771 [BasicRepositoryConnector-repo.spring.io-0-1] INFO  o.e.m.c.i.e.AbstractTransferListenerAdapter - Downloaded https://repo.spring.io/milestone/org/springframework/plugin/spring-plugin-core/3.0.0/spring-plugin-core-3.0.0.jar
2025-05-25 10:20:13,775 [BasicRepositoryConnector-repo.spring.io-0-0] INFO  o.e.m.c.i.e.AbstractTransferListenerAdapter - Downloaded https://repo.spring.io/milestone/org/springframework/hateoas/spring-hateoas/2.3.0-M1/spring-hateoas-2.3.0-M1.jar
2025-05-25 10:20:13,863 [BasicRepositoryConnector-repo.spring.io-0-4] INFO  o.e.m.c.i.e.AbstractTransferListenerAdapter - Downloaded https://repo.spring.io/milestone/org/atteo/evo-inflector/1.3/evo-inflector-1.3.jar
2025-05-25 10:20:13,999 [BasicRepositoryConnector-repo.spring.io-0-0] INFO  o.e.m.c.i.e.AbstractTransferListenerAdapter - Downloaded https://repo.spring.io/milestone/com/h2database/h2/2.2.224/h2-2.2.224.jar
2025-05-25 10:20:13,999 [BasicRepositoryConnector-repo.spring.io-0-1] INFO  o.e.m.c.i.e.AbstractTransferListenerAdapter - Downloaded https://repo.spring.io/milestone/com/fasterxml/jackson/core/jackson-annotations/2.17.0/jackson-annotations-2.17.0.jar
2025-05-25 10:20:14,159 [BasicRepositoryConnector-repo.spring.io-0-4] INFO  o.e.m.c.i.e.AbstractTransferListenerAdapter - Downloading https://repo.spring.io/milestone/org/springframework/boot/spring-boot-devtools/3.3.0-M3/spring-boot-devtools-3.3.0-M3.jar
2025-05-25 10:20:14,670 [BasicRepositoryConnector-repo.spring.io-0-0] INFO  o.e.m.c.i.e.AbstractTransferListenerAdapter - Downloading https://repo.spring.io/milestone/org/springframework/boot/spring-boot-autoconfigure/3.3.0-M3/spring-boot-autoconfigure-3.3.0-M3.jar
2025-05-25 10:20:14,965 [BasicRepositoryConnector-repo.spring.io-0-1] INFO  o.e.m.c.i.e.AbstractTransferListenerAdapter - Downloading https://repo.spring.io/milestone/org/springframework/boot/spring-boot/3.3.0-M3/spring-boot-3.3.0-M3.jar
2025-05-25 10:20:15,578 [BasicRepositoryConnector-repo.spring.io-0-3] INFO  o.e.m.c.i.e.AbstractTransferListenerAdapter - Downloaded https://repo.spring.io/milestone/org/springframework/data/spring-data-jpa/3.3.0-M2/spring-data-jpa-3.3.0-M2.jar
2025-05-25 10:20:15,579 [BasicRepositoryConnector-repo.spring.io-0-2] INFO  o.e.m.c.i.e.AbstractTransferListenerAdapter - Downloaded https://repo.spring.io/milestone/org/springframework/data/spring-data-commons/3.3.0-M2/spring-data-commons-3.3.0-M2.jar
2025-05-25 10:20:15,795 [BasicRepositoryConnector-repo.spring.io-0-3] INFO  o.e.m.c.i.e.AbstractTransferListenerAdapter - Downloading https://repo.spring.io/milestone/org/springframework/boot/spring-boot-starter-test/3.3.0-M3/spring-boot-starter-test-3.3.0-M3.jar
2025-05-25 10:20:15,798 [BasicRepositoryConnector-repo.spring.io-0-4] INFO  o.e.m.c.i.e.AbstractTransferListenerAdapter - Downloaded https://repo.spring.io/milestone/org/springframework/boot/spring-boot-devtools/3.3.0-M3/spring-boot-devtools-3.3.0-M3.jar
2025-05-25 10:20:15,801 [BasicRepositoryConnector-repo.spring.io-0-3] INFO  o.e.m.c.i.e.AbstractTransferListenerAdapter - Downloaded https://repo.spring.io/milestone/org/springframework/boot/spring-boot-starter-test/3.3.0-M3/spring-boot-starter-test-3.3.0-M3.jar
2025-05-25 10:20:15,968 [BasicRepositoryConnector-repo.spring.io-0-1] INFO  o.e.m.c.i.e.AbstractTransferListenerAdapter - Downloaded https://repo.spring.io/milestone/org/springframework/boot/spring-boot/3.3.0-M3/spring-boot-3.3.0-M3.jar
2025-05-25 10:20:15,978 [BasicRepositoryConnector-repo.spring.io-0-0] INFO  o.e.m.c.i.e.AbstractTransferListenerAdapter - Downloaded https://repo.spring.io/milestone/org/springframework/boot/spring-boot-autoconfigure/3.3.0-M3/spring-boot-autoconfigure-3.3.0-M3.jar
2025-05-25 10:20:16,016 [BasicRepositoryConnector-repo.spring.io-0-3] INFO  o.e.m.c.i.e.AbstractTransferListenerAdapter - Downloaded https://repo.spring.io/milestone/net/minidev/json-smart/2.5.0/json-smart-2.5.0.jar
2025-05-25 10:20:16,107 [BasicRepositoryConnector-repo.spring.io-0-2] INFO  o.e.m.c.i.e.AbstractTransferListenerAdapter - Downloading https://repo.spring.io/milestone/org/springframework/boot/spring-boot-test/3.3.0-M3/spring-boot-test-3.3.0-M3.jar
2025-05-25 10:20:16,187 [BasicRepositoryConnector-repo.spring.io-0-1] INFO  o.e.m.c.i.e.AbstractTransferListenerAdapter - Downloaded https://repo.spring.io/milestone/net/minidev/accessors-smart/2.5.0/accessors-smart-2.5.0.jar
2025-05-25 10:20:16,197 [BasicRepositoryConnector-repo.spring.io-0-0] INFO  o.e.m.c.i.e.AbstractTransferListenerAdapter - Downloaded https://repo.spring.io/milestone/org/ow2/asm/asm/9.3/asm-9.3.jar
2025-05-25 10:20:16,235 [BasicRepositoryConnector-repo.spring.io-0-3] INFO  o.e.m.c.i.e.AbstractTransferListenerAdapter - Downloaded https://repo.spring.io/milestone/org/assertj/assertj-core/3.25.3/assertj-core-3.25.3.jar
2025-05-25 10:20:16,299 [BasicRepositoryConnector-repo.spring.io-0-4] INFO  o.e.m.c.i.e.AbstractTransferListenerAdapter - Downloading https://repo.spring.io/milestone/org/springframework/boot/spring-boot-test-autoconfigure/3.3.0-M3/spring-boot-test-autoconfigure-3.3.0-M3.jar
2025-05-25 10:20:16,380 [BasicRepositoryConnector-repo.spring.io-0-2] INFO  o.e.m.c.i.e.AbstractTransferListenerAdapter - Downloaded https://repo.spring.io/milestone/org/springframework/boot/spring-boot-test/3.3.0-M3/spring-boot-test-3.3.0-M3.jar
2025-05-25 10:20:16,404 [BasicRepositoryConnector-repo.spring.io-0-1] INFO  o.e.m.c.i.e.AbstractTransferListenerAdapter - Downloaded https://repo.spring.io/milestone/org/awaitility/awaitility/4.2.0/awaitility-4.2.0.jar
2025-05-25 10:20:16,414 [BasicRepositoryConnector-repo.spring.io-0-0] INFO  o.e.m.c.i.e.AbstractTransferListenerAdapter - Downloaded https://repo.spring.io/milestone/org/junit/jupiter/junit-jupiter/5.10.2/junit-jupiter-5.10.2.jar
2025-05-25 10:20:16,451 [BasicRepositoryConnector-repo.spring.io-0-3] INFO  o.e.m.c.i.e.AbstractTransferListenerAdapter - Downloaded https://repo.spring.io/milestone/org/junit/jupiter/junit-jupiter-api/5.10.2/junit-jupiter-api-5.10.2.jar
2025-05-25 10:20:16,610 [BasicRepositoryConnector-repo.spring.io-0-2] INFO  o.e.m.c.i.e.AbstractTransferListenerAdapter - Downloaded https://repo.spring.io/milestone/org/junit/platform/junit-platform-commons/1.10.2/junit-platform-commons-1.10.2.jar
2025-05-25 10:20:16,628 [BasicRepositoryConnector-repo.spring.io-0-1] INFO  o.e.m.c.i.e.AbstractTransferListenerAdapter - Downloaded https://repo.spring.io/milestone/org/junit/jupiter/junit-jupiter-params/5.10.2/junit-jupiter-params-5.10.2.jar
2025-05-25 10:20:16,636 [BasicRepositoryConnector-repo.spring.io-0-0] INFO  o.e.m.c.i.e.AbstractTransferListenerAdapter - Downloaded https://repo.spring.io/milestone/org/junit/jupiter/junit-jupiter-engine/5.10.2/junit-jupiter-engine-5.10.2.jar
2025-05-25 10:20:16,668 [BasicRepositoryConnector-repo.spring.io-0-3] INFO  o.e.m.c.i.e.AbstractTransferListenerAdapter - Downloaded https://repo.spring.io/milestone/org/junit/platform/junit-platform-engine/1.10.2/junit-platform-engine-1.10.2.jar
2025-05-25 10:20:16,765 [BasicRepositoryConnector-repo.spring.io-0-4] INFO  o.e.m.c.i.e.AbstractTransferListenerAdapter - Downloaded https://repo.spring.io/milestone/org/springframework/boot/spring-boot-test-autoconfigure/3.3.0-M3/spring-boot-test-autoconfigure-3.3.0-M3.jar
2025-05-25 10:20:16,863 [BasicRepositoryConnector-repo.spring.io-0-0] INFO  o.e.m.c.i.e.AbstractTransferListenerAdapter - Downloaded https://repo.spring.io/milestone/org/mockito/mockito-junit-jupiter/5.11.0/mockito-junit-jupiter-5.11.0.jar
2025-05-25 10:20:16,863 [BasicRepositoryConnector-repo.spring.io-0-2] INFO  o.e.m.c.i.e.AbstractTransferListenerAdapter - Downloaded https://repo.spring.io/milestone/org/mockito/mockito-core/5.11.0/mockito-core-5.11.0.jar
2025-05-25 10:20:16,863 [BasicRepositoryConnector-repo.spring.io-0-1] INFO  o.e.m.c.i.e.AbstractTransferListenerAdapter - Downloaded https://repo.spring.io/milestone/net/bytebuddy/byte-buddy-agent/1.14.12/byte-buddy-agent-1.14.12.jar
2025-05-25 10:20:16,897 [BasicRepositoryConnector-repo.spring.io-0-3] INFO  o.e.m.c.i.e.AbstractTransferListenerAdapter - Downloaded https://repo.spring.io/milestone/org/skyscreamer/jsonassert/1.5.1/jsonassert-1.5.1.jar
2025-05-25 10:20:16,983 [BasicRepositoryConnector-repo.spring.io-0-4] INFO  o.e.m.c.i.e.AbstractTransferListenerAdapter - Downloaded https://repo.spring.io/milestone/org/springframework/spring-core/6.1.5/spring-core-6.1.5.jar
2025-05-25 10:20:17,091 [BasicRepositoryConnector-repo.spring.io-0-0] INFO  o.e.m.c.i.e.AbstractTransferListenerAdapter - Downloaded https://repo.spring.io/milestone/org/springframework/spring-jcl/6.1.5/spring-jcl-6.1.5.jar
2025-05-25 10:20:17,091 [BasicRepositoryConnector-repo.spring.io-0-2] INFO  o.e.m.c.i.e.AbstractTransferListenerAdapter - Downloaded https://repo.spring.io/milestone/org/springframework/spring-test/6.1.5/spring-test-6.1.5.jar
2025-05-25 10:20:17,092 [BasicRepositoryConnector-repo.spring.io-0-1] INFO  o.e.m.c.i.e.AbstractTransferListenerAdapter - Downloaded https://repo.spring.io/milestone/org/xmlunit/xmlunit-core/2.9.1/xmlunit-core-2.9.1.jar
2025-05-25 10:20:17,228 [Worker-33: Importing Maven projects] INFO  o.e.m.c.i.e.AbstractTransferListenerAdapter - Downloading https://repo.maven.apache.org/maven2/ch/qos/logback/logback-classic/1.4.14/logback-classic-1.4.14.jar
2025-05-25 10:20:17,300 [Worker-33: Importing Maven projects] INFO  o.e.m.c.i.e.AbstractTransferListenerAdapter - Downloaded https://repo.maven.apache.org/maven2/ch/qos/logback/logback-classic/1.4.14/logback-classic-1.4.14.jar
2025-05-25 10:20:17,314 [BasicRepositoryConnector-repo.maven.apache.org-1-3] INFO  o.e.m.c.i.e.AbstractTransferListenerAdapter - Downloading https://repo.maven.apache.org/maven2/org/slf4j/jul-to-slf4j/2.0.12/jul-to-slf4j-2.0.12.jar
2025-05-25 10:20:17,319 [BasicRepositoryConnector-repo.maven.apache.org-1-3] INFO  o.e.m.c.i.e.AbstractTransferListenerAdapter - Downloaded https://repo.maven.apache.org/maven2/org/slf4j/jul-to-slf4j/2.0.12/jul-to-slf4j-2.0.12.jar
2025-05-25 10:20:17,330 [BasicRepositoryConnector-repo.maven.apache.org-1-3] INFO  o.e.m.c.i.e.AbstractTransferListenerAdapter - Downloading https://repo.maven.apache.org/maven2/com/fasterxml/jackson/core/jackson-databind/2.17.0/jackson-databind-2.17.0.jar
2025-05-25 10:20:17,373 [BasicRepositoryConnector-repo.maven.apache.org-1-4] INFO  o.e.m.c.i.e.AbstractTransferListenerAdapter - Downloading https://repo.maven.apache.org/maven2/org/yaml/snakeyaml/2.2/snakeyaml-2.2.jar
2025-05-25 10:20:17,396 [BasicRepositoryConnector-repo.maven.apache.org-1-0] INFO  o.e.m.c.i.e.AbstractTransferListenerAdapter - Downloading https://repo.maven.apache.org/maven2/ch/qos/logback/logback-core/1.4.14/logback-core-1.4.14.jar
2025-05-25 10:20:17,398 [BasicRepositoryConnector-repo.maven.apache.org-1-1] INFO  o.e.m.c.i.e.AbstractTransferListenerAdapter - Downloading https://repo.maven.apache.org/maven2/org/apache/logging/log4j/log4j-to-slf4j/2.23.1/log4j-to-slf4j-2.23.1.jar
2025-05-25 10:20:17,398 [BasicRepositoryConnector-repo.maven.apache.org-1-2] INFO  o.e.m.c.i.e.AbstractTransferListenerAdapter - Downloading https://repo.maven.apache.org/maven2/org/apache/logging/log4j/log4j-api/2.23.1/log4j-api-2.23.1.jar
2025-05-25 10:20:17,413 [BasicRepositoryConnector-repo.maven.apache.org-1-1] INFO  o.e.m.c.i.e.AbstractTransferListenerAdapter - Downloaded https://repo.maven.apache.org/maven2/org/apache/logging/log4j/log4j-to-slf4j/2.23.1/log4j-to-slf4j-2.23.1.jar
2025-05-25 10:20:17,561 [BasicRepositoryConnector-repo.maven.apache.org-1-1] INFO  o.e.m.c.i.e.AbstractTransferListenerAdapter - Downloading https://repo.maven.apache.org/maven2/com/fasterxml/jackson/core/jackson-core/2.17.0/jackson-core-2.17.0.jar
2025-05-25 10:20:17,698 [BasicRepositoryConnector-repo.maven.apache.org-1-4] INFO  o.e.m.c.i.e.AbstractTransferListenerAdapter - Downloaded https://repo.maven.apache.org/maven2/org/yaml/snakeyaml/2.2/snakeyaml-2.2.jar
2025-05-25 10:20:17,750 [BasicRepositoryConnector-repo.maven.apache.org-1-4] INFO  o.e.m.c.i.e.AbstractTransferListenerAdapter - Downloading https://repo.maven.apache.org/maven2/com/fasterxml/jackson/datatype/jackson-datatype-jdk8/2.17.0/jackson-datatype-jdk8-2.17.0.jar
2025-05-25 10:20:17,767 [BasicRepositoryConnector-repo.maven.apache.org-1-4] INFO  o.e.m.c.i.e.AbstractTransferListenerAdapter - Downloaded https://repo.maven.apache.org/maven2/com/fasterxml/jackson/datatype/jackson-datatype-jdk8/2.17.0/jackson-datatype-jdk8-2.17.0.jar
2025-05-25 10:20:17,808 [BasicRepositoryConnector-repo.maven.apache.org-1-2] INFO  o.e.m.c.i.e.AbstractTransferListenerAdapter - Downloaded https://repo.maven.apache.org/maven2/org/apache/logging/log4j/log4j-api/2.23.1/log4j-api-2.23.1.jar
2025-05-25 10:20:17,809 [BasicRepositoryConnector-repo.maven.apache.org-1-4] INFO  o.e.m.c.i.e.AbstractTransferListenerAdapter - Downloading https://repo.maven.apache.org/maven2/com/fasterxml/jackson/datatype/jackson-datatype-jsr310/2.17.0/jackson-datatype-jsr310-2.17.0.jar
2025-05-25 10:20:17,852 [BasicRepositoryConnector-repo.maven.apache.org-1-0] INFO  o.e.m.c.i.e.AbstractTransferListenerAdapter - Downloaded https://repo.maven.apache.org/maven2/ch/qos/logback/logback-core/1.4.14/logback-core-1.4.14.jar
2025-05-25 10:20:17,857 [BasicRepositoryConnector-repo.maven.apache.org-1-2] INFO  o.e.m.c.i.e.AbstractTransferListenerAdapter - Downloading https://repo.maven.apache.org/maven2/com/fasterxml/jackson/module/jackson-module-parameter-names/2.17.0/jackson-module-parameter-names-2.17.0.jar
2025-05-25 10:20:17,870 [BasicRepositoryConnector-repo.maven.apache.org-1-4] INFO  o.e.m.c.i.e.AbstractTransferListenerAdapter - Downloaded https://repo.maven.apache.org/maven2/com/fasterxml/jackson/datatype/jackson-datatype-jsr310/2.17.0/jackson-datatype-jsr310-2.17.0.jar
2025-05-25 10:20:17,871 [BasicRepositoryConnector-repo.maven.apache.org-1-2] INFO  o.e.m.c.i.e.AbstractTransferListenerAdapter - Downloaded https://repo.maven.apache.org/maven2/com/fasterxml/jackson/module/jackson-module-parameter-names/2.17.0/jackson-module-parameter-names-2.17.0.jar
2025-05-25 10:20:17,893 [BasicRepositoryConnector-repo.maven.apache.org-1-4] INFO  o.e.m.c.i.e.AbstractTransferListenerAdapter - Downloading https://repo.maven.apache.org/maven2/org/apache/tomcat/embed/tomcat-embed-el/10.1.19/tomcat-embed-el-10.1.19.jar
2025-05-25 10:20:17,895 [BasicRepositoryConnector-repo.maven.apache.org-1-2] INFO  o.e.m.c.i.e.AbstractTransferListenerAdapter - Downloading https://repo.maven.apache.org/maven2/org/apache/tomcat/embed/tomcat-embed-websocket/10.1.19/tomcat-embed-websocket-10.1.19.jar
2025-05-25 10:20:17,895 [BasicRepositoryConnector-repo.maven.apache.org-1-0] INFO  o.e.m.c.i.e.AbstractTransferListenerAdapter - Downloading https://repo.maven.apache.org/maven2/org/apache/tomcat/embed/tomcat-embed-core/10.1.19/tomcat-embed-core-10.1.19.jar
2025-05-25 10:20:18,031 [BasicRepositoryConnector-repo.maven.apache.org-1-2] INFO  o.e.m.c.i.e.AbstractTransferListenerAdapter - Downloaded https://repo.maven.apache.org/maven2/org/apache/tomcat/embed/tomcat-embed-websocket/10.1.19/tomcat-embed-websocket-10.1.19.jar
2025-05-25 10:20:18,069 [BasicRepositoryConnector-repo.maven.apache.org-1-1] INFO  o.e.m.c.i.e.AbstractTransferListenerAdapter - Downloaded https://repo.maven.apache.org/maven2/com/fasterxml/jackson/core/jackson-core/2.17.0/jackson-core-2.17.0.jar
2025-05-25 10:20:18,087 [BasicRepositoryConnector-repo.maven.apache.org-1-2] INFO  o.e.m.c.i.e.AbstractTransferListenerAdapter - Downloading https://repo.maven.apache.org/maven2/org/springframework/spring-web/6.1.5/spring-web-6.1.5.jar
2025-05-25 10:20:18,131 [BasicRepositoryConnector-repo.maven.apache.org-1-4] INFO  o.e.m.c.i.e.AbstractTransferListenerAdapter - Downloaded https://repo.maven.apache.org/maven2/org/apache/tomcat/embed/tomcat-embed-el/10.1.19/tomcat-embed-el-10.1.19.jar
2025-05-25 10:20:18,137 [BasicRepositoryConnector-repo.maven.apache.org-1-1] INFO  o.e.m.c.i.e.AbstractTransferListenerAdapter - Downloading https://repo.maven.apache.org/maven2/org/springframework/spring-beans/6.1.5/spring-beans-6.1.5.jar
2025-05-25 10:20:18,201 [BasicRepositoryConnector-repo.maven.apache.org-1-4] INFO  o.e.m.c.i.e.AbstractTransferListenerAdapter - Downloading https://repo.maven.apache.org/maven2/org/springframework/spring-webmvc/6.1.5/spring-webmvc-6.1.5.jar
2025-05-25 10:20:18,395 [BasicRepositoryConnector-repo.maven.apache.org-1-3] INFO  o.e.m.c.i.e.AbstractTransferListenerAdapter - Downloaded https://repo.maven.apache.org/maven2/com/fasterxml/jackson/core/jackson-databind/2.17.0/jackson-databind-2.17.0.jar
2025-05-25 10:20:18,459 [BasicRepositoryConnector-repo.maven.apache.org-1-3] INFO  o.e.m.c.i.e.AbstractTransferListenerAdapter - Downloading https://repo.maven.apache.org/maven2/org/springframework/spring-context/6.1.5/spring-context-6.1.5.jar
2025-05-25 10:20:18,768 [BasicRepositoryConnector-repo.maven.apache.org-1-1] INFO  o.e.m.c.i.e.AbstractTransferListenerAdapter - Downloaded https://repo.maven.apache.org/maven2/org/springframework/spring-beans/6.1.5/spring-beans-6.1.5.jar
2025-05-25 10:20:18,805 [BasicRepositoryConnector-repo.maven.apache.org-1-1] INFO  o.e.m.c.i.e.AbstractTransferListenerAdapter - Downloading https://repo.maven.apache.org/maven2/org/springframework/spring-expression/6.1.5/spring-expression-6.1.5.jar
2025-05-25 10:20:18,997 [BasicRepositoryConnector-repo.maven.apache.org-1-1] INFO  o.e.m.c.i.e.AbstractTransferListenerAdapter - Downloaded https://repo.maven.apache.org/maven2/org/springframework/spring-expression/6.1.5/spring-expression-6.1.5.jar
2025-05-25 10:20:19,036 [BasicRepositoryConnector-repo.maven.apache.org-1-1] INFO  o.e.m.c.i.e.AbstractTransferListenerAdapter - Downloading https://repo.maven.apache.org/maven2/org/springframework/spring-aop/6.1.5/spring-aop-6.1.5.jar
2025-05-25 10:20:19,142 [BasicRepositoryConnector-repo.maven.apache.org-1-4] INFO  o.e.m.c.i.e.AbstractTransferListenerAdapter - Downloaded https://repo.maven.apache.org/maven2/org/springframework/spring-webmvc/6.1.5/spring-webmvc-6.1.5.jar
2025-05-25 10:20:19,182 [BasicRepositoryConnector-repo.maven.apache.org-1-4] INFO  o.e.m.c.i.e.AbstractTransferListenerAdapter - Downloading https://repo.maven.apache.org/maven2/org/aspectj/aspectjweaver/1.9.21/aspectjweaver-1.9.21.jar
2025-05-25 10:20:19,217 [BasicRepositoryConnector-repo.maven.apache.org-1-2] INFO  o.e.m.c.i.e.AbstractTransferListenerAdapter - Downloaded https://repo.maven.apache.org/maven2/org/springframework/spring-web/6.1.5/spring-web-6.1.5.jar
2025-05-25 10:20:19,246 [BasicRepositoryConnector-repo.maven.apache.org-1-1] INFO  o.e.m.c.i.e.AbstractTransferListenerAdapter - Downloaded https://repo.maven.apache.org/maven2/org/springframework/spring-aop/6.1.5/spring-aop-6.1.5.jar
2025-05-25 10:20:19,255 [BasicRepositoryConnector-repo.maven.apache.org-1-2] INFO  o.e.m.c.i.e.AbstractTransferListenerAdapter - Downloading https://repo.maven.apache.org/maven2/org/springframework/spring-jdbc/6.1.5/spring-jdbc-6.1.5.jar
2025-05-25 10:20:19,277 [BasicRepositoryConnector-repo.maven.apache.org-1-1] INFO  o.e.m.c.i.e.AbstractTransferListenerAdapter - Downloading https://repo.maven.apache.org/maven2/org/hibernate/orm/hibernate-core/6.4.4.Final/hibernate-core-6.4.4.Final.jar
2025-05-25 10:20:19,534 [BasicRepositoryConnector-repo.maven.apache.org-1-2] INFO  o.e.m.c.i.e.AbstractTransferListenerAdapter - Downloaded https://repo.maven.apache.org/maven2/org/springframework/spring-jdbc/6.1.5/spring-jdbc-6.1.5.jar
2025-05-25 10:20:19,539 [BasicRepositoryConnector-repo.maven.apache.org-1-0] INFO  o.e.m.c.i.e.AbstractTransferListenerAdapter - Downloaded https://repo.maven.apache.org/maven2/org/apache/tomcat/embed/tomcat-embed-core/10.1.19/tomcat-embed-core-10.1.19.jar
2025-05-25 10:20:19,563 [BasicRepositoryConnector-repo.maven.apache.org-1-2] INFO  o.e.m.c.i.e.AbstractTransferListenerAdapter - Downloading https://repo.maven.apache.org/maven2/org/jboss/logging/jboss-logging/3.5.3.Final/jboss-logging-3.5.3.Final.jar
2025-05-25 10:20:19,568 [BasicRepositoryConnector-repo.maven.apache.org-1-0] INFO  o.e.m.c.i.e.AbstractTransferListenerAdapter - Downloading https://repo.maven.apache.org/maven2/org/hibernate/common/hibernate-commons-annotations/6.0.6.Final/hibernate-commons-annotations-6.0.6.Final.jar
2025-05-25 10:20:19,589 [BasicRepositoryConnector-repo.maven.apache.org-1-2] INFO  o.e.m.c.i.e.AbstractTransferListenerAdapter - Downloaded https://repo.maven.apache.org/maven2/org/jboss/logging/jboss-logging/3.5.3.Final/jboss-logging-3.5.3.Final.jar
2025-05-25 10:20:19,600 [BasicRepositoryConnector-repo.maven.apache.org-1-0] INFO  o.e.m.c.i.e.AbstractTransferListenerAdapter - Downloaded https://repo.maven.apache.org/maven2/org/hibernate/common/hibernate-commons-annotations/6.0.6.Final/hibernate-commons-annotations-6.0.6.Final.jar
2025-05-25 10:20:19,611 [BasicRepositoryConnector-repo.maven.apache.org-1-2] INFO  o.e.m.c.i.e.AbstractTransferListenerAdapter - Downloading https://repo.maven.apache.org/maven2/io/smallrye/jandex/3.1.2/jandex-3.1.2.jar
2025-05-25 10:20:19,632 [BasicRepositoryConnector-repo.maven.apache.org-1-0] INFO  o.e.m.c.i.e.AbstractTransferListenerAdapter - Downloading https://repo.maven.apache.org/maven2/net/bytebuddy/byte-buddy/1.14.12/byte-buddy-1.14.12.jar
2025-05-25 10:20:19,785 [BasicRepositoryConnector-repo.maven.apache.org-1-3] INFO  o.e.m.c.i.e.AbstractTransferListenerAdapter - Downloaded https://repo.maven.apache.org/maven2/org/springframework/spring-context/6.1.5/spring-context-6.1.5.jar
2025-05-25 10:20:19,788 [BasicRepositoryConnector-repo.maven.apache.org-1-2] INFO  o.e.m.c.i.e.AbstractTransferListenerAdapter - Downloaded https://repo.maven.apache.org/maven2/io/smallrye/jandex/3.1.2/jandex-3.1.2.jar
2025-05-25 10:20:19,821 [BasicRepositoryConnector-repo.maven.apache.org-1-3] INFO  o.e.m.c.i.e.AbstractTransferListenerAdapter - Downloading https://repo.maven.apache.org/maven2/org/springframework/spring-orm/6.1.5/spring-orm-6.1.5.jar
2025-05-25 10:20:19,825 [BasicRepositoryConnector-repo.maven.apache.org-1-2] INFO  o.e.m.c.i.e.AbstractTransferListenerAdapter - Downloading https://repo.maven.apache.org/maven2/org/springframework/spring-tx/6.1.5/spring-tx-6.1.5.jar
2025-05-25 10:20:19,972 [BasicRepositoryConnector-repo.maven.apache.org-1-3] INFO  o.e.m.c.i.e.AbstractTransferListenerAdapter - Downloaded https://repo.maven.apache.org/maven2/org/springframework/spring-orm/6.1.5/spring-orm-6.1.5.jar
2025-05-25 10:20:20,021 [BasicRepositoryConnector-repo.maven.apache.org-1-3] INFO  o.e.m.c.i.e.AbstractTransferListenerAdapter - Downloading https://repo.maven.apache.org/maven2/org/slf4j/slf4j-api/2.0.12/slf4j-api-2.0.12.jar
2025-05-25 10:20:20,063 [BasicRepositoryConnector-repo.maven.apache.org-1-3] INFO  o.e.m.c.i.e.AbstractTransferListenerAdapter - Downloaded https://repo.maven.apache.org/maven2/org/slf4j/slf4j-api/2.0.12/slf4j-api-2.0.12.jar
2025-05-25 10:20:20,100 [BasicRepositoryConnector-repo.maven.apache.org-1-3] INFO  o.e.m.c.i.e.AbstractTransferListenerAdapter - Downloading https://repo.maven.apache.org/maven2/org/springframework/spring-aspects/6.1.5/spring-aspects-6.1.5.jar
2025-05-25 10:20:20,132 [BasicRepositoryConnector-repo.maven.apache.org-1-3] INFO  o.e.m.c.i.e.AbstractTransferListenerAdapter - Downloaded https://repo.maven.apache.org/maven2/org/springframework/spring-aspects/6.1.5/spring-aspects-6.1.5.jar
2025-05-25 10:20:20,134 [BasicRepositoryConnector-repo.maven.apache.org-1-2] INFO  o.e.m.c.i.e.AbstractTransferListenerAdapter - Downloaded https://repo.maven.apache.org/maven2/org/springframework/spring-tx/6.1.5/spring-tx-6.1.5.jar
2025-05-25 10:20:20,165 [BasicRepositoryConnector-repo.maven.apache.org-1-3] INFO  o.e.m.c.i.e.AbstractTransferListenerAdapter - Downloading https://repo.maven.apache.org/maven2/org/springframework/plugin/spring-plugin-core/3.0.0/spring-plugin-core-3.0.0.jar
2025-05-25 10:20:20,170 [BasicRepositoryConnector-repo.maven.apache.org-1-2] INFO  o.e.m.c.i.e.AbstractTransferListenerAdapter - Downloading https://repo.maven.apache.org/maven2/org/atteo/evo-inflector/1.3/evo-inflector-1.3.jar
2025-05-25 10:20:20,172 [BasicRepositoryConnector-repo.maven.apache.org-1-2] INFO  o.e.m.c.i.e.AbstractTransferListenerAdapter - Downloaded https://repo.maven.apache.org/maven2/org/atteo/evo-inflector/1.3/evo-inflector-1.3.jar
2025-05-25 10:20:20,195 [BasicRepositoryConnector-repo.maven.apache.org-1-3] INFO  o.e.m.c.i.e.AbstractTransferListenerAdapter - Downloaded https://repo.maven.apache.org/maven2/org/springframework/plugin/spring-plugin-core/3.0.0/spring-plugin-core-3.0.0.jar
2025-05-25 10:20:20,199 [BasicRepositoryConnector-repo.maven.apache.org-1-2] INFO  o.e.m.c.i.e.AbstractTransferListenerAdapter - Downloading https://repo.maven.apache.org/maven2/com/fasterxml/jackson/core/jackson-annotations/2.17.0/jackson-annotations-2.17.0.jar
2025-05-25 10:20:20,237 [BasicRepositoryConnector-repo.maven.apache.org-1-3] INFO  o.e.m.c.i.e.AbstractTransferListenerAdapter - Downloading https://repo.maven.apache.org/maven2/com/h2database/h2/2.2.224/h2-2.2.224.jar
2025-05-25 10:20:20,237 [BasicRepositoryConnector-repo.maven.apache.org-1-2] INFO  o.e.m.c.i.e.AbstractTransferListenerAdapter - Downloaded https://repo.maven.apache.org/maven2/com/fasterxml/jackson/core/jackson-annotations/2.17.0/jackson-annotations-2.17.0.jar
2025-05-25 10:20:20,270 [BasicRepositoryConnector-repo.maven.apache.org-1-2] INFO  o.e.m.c.i.e.AbstractTransferListenerAdapter - Downloading https://repo.maven.apache.org/maven2/net/minidev/json-smart/2.5.0/json-smart-2.5.0.jar
2025-05-25 10:20:20,337 [BasicRepositoryConnector-repo.maven.apache.org-1-2] INFO  o.e.m.c.i.e.AbstractTransferListenerAdapter - Downloaded https://repo.maven.apache.org/maven2/net/minidev/json-smart/2.5.0/json-smart-2.5.0.jar
2025-05-25 10:20:20,373 [BasicRepositoryConnector-repo.maven.apache.org-1-2] INFO  o.e.m.c.i.e.AbstractTransferListenerAdapter - Downloading https://repo.maven.apache.org/maven2/net/minidev/accessors-smart/2.5.0/accessors-smart-2.5.0.jar
2025-05-25 10:20:20,391 [BasicRepositoryConnector-repo.maven.apache.org-1-2] INFO  o.e.m.c.i.e.AbstractTransferListenerAdapter - Downloaded https://repo.maven.apache.org/maven2/net/minidev/accessors-smart/2.5.0/accessors-smart-2.5.0.jar
2025-05-25 10:20:20,428 [BasicRepositoryConnector-repo.maven.apache.org-1-2] INFO  o.e.m.c.i.e.AbstractTransferListenerAdapter - Downloading https://repo.maven.apache.org/maven2/org/ow2/asm/asm/9.3/asm-9.3.jar
2025-05-25 10:20:20,489 [BasicRepositoryConnector-repo.maven.apache.org-1-2] INFO  o.e.m.c.i.e.AbstractTransferListenerAdapter - Downloaded https://repo.maven.apache.org/maven2/org/ow2/asm/asm/9.3/asm-9.3.jar
2025-05-25 10:20:20,520 [BasicRepositoryConnector-repo.maven.apache.org-1-2] INFO  o.e.m.c.i.e.AbstractTransferListenerAdapter - Downloading https://repo.maven.apache.org/maven2/org/assertj/assertj-core/3.25.3/assertj-core-3.25.3.jar
2025-05-25 10:20:20,879 [BasicRepositoryConnector-repo.maven.apache.org-1-4] INFO  o.e.m.c.i.e.AbstractTransferListenerAdapter - Downloaded https://repo.maven.apache.org/maven2/org/aspectj/aspectjweaver/1.9.21/aspectjweaver-1.9.21.jar
2025-05-25 10:20:20,927 [BasicRepositoryConnector-repo.maven.apache.org-1-4] INFO  o.e.m.c.i.e.AbstractTransferListenerAdapter - Downloading https://repo.maven.apache.org/maven2/org/awaitility/awaitility/4.2.0/awaitility-4.2.0.jar
2025-05-25 10:20:20,998 [BasicRepositoryConnector-repo.maven.apache.org-1-4] INFO  o.e.m.c.i.e.AbstractTransferListenerAdapter - Downloaded https://repo.maven.apache.org/maven2/org/awaitility/awaitility/4.2.0/awaitility-4.2.0.jar
2025-05-25 10:20:21,033 [BasicRepositoryConnector-repo.maven.apache.org-1-4] INFO  o.e.m.c.i.e.AbstractTransferListenerAdapter - Downloading https://repo.maven.apache.org/maven2/org/junit/jupiter/junit-jupiter/5.10.2/junit-jupiter-5.10.2.jar
2025-05-25 10:20:21,041 [BasicRepositoryConnector-repo.maven.apache.org-1-4] INFO  o.e.m.c.i.e.AbstractTransferListenerAdapter - Downloaded https://repo.maven.apache.org/maven2/org/junit/jupiter/junit-jupiter/5.10.2/junit-jupiter-5.10.2.jar
2025-05-25 10:20:21,084 [BasicRepositoryConnector-repo.maven.apache.org-1-4] INFO  o.e.m.c.i.e.AbstractTransferListenerAdapter - Downloading https://repo.maven.apache.org/maven2/org/junit/jupiter/junit-jupiter-api/5.10.2/junit-jupiter-api-5.10.2.jar
2025-05-25 10:20:21,241 [BasicRepositoryConnector-repo.maven.apache.org-1-2] INFO  o.e.m.c.i.e.AbstractTransferListenerAdapter - Downloaded https://repo.maven.apache.org/maven2/org/assertj/assertj-core/3.25.3/assertj-core-3.25.3.jar
2025-05-25 10:20:21,255 [BasicRepositoryConnector-repo.maven.apache.org-1-4] INFO  o.e.m.c.i.e.AbstractTransferListenerAdapter - Downloaded https://repo.maven.apache.org/maven2/org/junit/jupiter/junit-jupiter-api/5.10.2/junit-jupiter-api-5.10.2.jar
2025-05-25 10:20:21,274 [BasicRepositoryConnector-repo.maven.apache.org-1-2] INFO  o.e.m.c.i.e.AbstractTransferListenerAdapter - Downloading https://repo.maven.apache.org/maven2/org/junit/platform/junit-platform-commons/1.10.2/junit-platform-commons-1.10.2.jar
2025-05-25 10:20:21,289 [BasicRepositoryConnector-repo.maven.apache.org-1-4] INFO  o.e.m.c.i.e.AbstractTransferListenerAdapter - Downloading https://repo.maven.apache.org/maven2/org/junit/jupiter/junit-jupiter-params/5.10.2/junit-jupiter-params-5.10.2.jar
2025-05-25 10:20:21,332 [BasicRepositoryConnector-repo.maven.apache.org-1-2] INFO  o.e.m.c.i.e.AbstractTransferListenerAdapter - Downloaded https://repo.maven.apache.org/maven2/org/junit/platform/junit-platform-commons/1.10.2/junit-platform-commons-1.10.2.jar
2025-05-25 10:20:21,374 [BasicRepositoryConnector-repo.maven.apache.org-1-2] INFO  o.e.m.c.i.e.AbstractTransferListenerAdapter - Downloading https://repo.maven.apache.org/maven2/org/junit/jupiter/junit-jupiter-engine/5.10.2/junit-jupiter-engine-5.10.2.jar
2025-05-25 10:20:21,494 [BasicRepositoryConnector-repo.maven.apache.org-1-2] INFO  o.e.m.c.i.e.AbstractTransferListenerAdapter - Downloaded https://repo.maven.apache.org/maven2/org/junit/jupiter/junit-jupiter-engine/5.10.2/junit-jupiter-engine-5.10.2.jar
2025-05-25 10:20:21,532 [BasicRepositoryConnector-repo.maven.apache.org-1-2] INFO  o.e.m.c.i.e.AbstractTransferListenerAdapter - Downloading https://repo.maven.apache.org/maven2/org/junit/platform/junit-platform-engine/1.10.2/junit-platform-engine-1.10.2.jar
2025-05-25 10:20:21,640 [BasicRepositoryConnector-repo.maven.apache.org-1-2] INFO  o.e.m.c.i.e.AbstractTransferListenerAdapter - Downloaded https://repo.maven.apache.org/maven2/org/junit/platform/junit-platform-engine/1.10.2/junit-platform-engine-1.10.2.jar
2025-05-25 10:20:21,674 [BasicRepositoryConnector-repo.maven.apache.org-1-2] INFO  o.e.m.c.i.e.AbstractTransferListenerAdapter - Downloading https://repo.maven.apache.org/maven2/org/mockito/mockito-core/5.11.0/mockito-core-5.11.0.jar
2025-05-25 10:20:21,769 [BasicRepositoryConnector-repo.maven.apache.org-1-4] INFO  o.e.m.c.i.e.AbstractTransferListenerAdapter - Downloaded https://repo.maven.apache.org/maven2/org/junit/jupiter/junit-jupiter-params/5.10.2/junit-jupiter-params-5.10.2.jar
2025-05-25 10:20:21,811 [BasicRepositoryConnector-repo.maven.apache.org-1-4] INFO  o.e.m.c.i.e.AbstractTransferListenerAdapter - Downloading https://repo.maven.apache.org/maven2/net/bytebuddy/byte-buddy-agent/1.14.12/byte-buddy-agent-1.14.12.jar
2025-05-25 10:20:22,112 [BasicRepositoryConnector-repo.maven.apache.org-1-4] INFO  o.e.m.c.i.e.AbstractTransferListenerAdapter - Downloaded https://repo.maven.apache.org/maven2/net/bytebuddy/byte-buddy-agent/1.14.12/byte-buddy-agent-1.14.12.jar
2025-05-25 10:20:22,113 [BasicRepositoryConnector-repo.maven.apache.org-1-2] INFO  o.e.m.c.i.e.AbstractTransferListenerAdapter - Downloaded https://repo.maven.apache.org/maven2/org/mockito/mockito-core/5.11.0/mockito-core-5.11.0.jar
2025-05-25 10:20:22,132 [BasicRepositoryConnector-repo.maven.apache.org-1-4] INFO  o.e.m.c.i.e.AbstractTransferListenerAdapter - Downloading https://repo.maven.apache.org/maven2/org/mockito/mockito-junit-jupiter/5.11.0/mockito-junit-jupiter-5.11.0.jar
2025-05-25 10:20:22,133 [BasicRepositoryConnector-repo.maven.apache.org-1-2] INFO  o.e.m.c.i.e.AbstractTransferListenerAdapter - Downloading https://repo.maven.apache.org/maven2/org/skyscreamer/jsonassert/1.5.1/jsonassert-1.5.1.jar
2025-05-25 10:20:22,147 [BasicRepositoryConnector-repo.maven.apache.org-1-4] INFO  o.e.m.c.i.e.AbstractTransferListenerAdapter - Downloaded https://repo.maven.apache.org/maven2/org/mockito/mockito-junit-jupiter/5.11.0/mockito-junit-jupiter-5.11.0.jar
2025-05-25 10:20:22,173 [BasicRepositoryConnector-repo.maven.apache.org-1-2] INFO  o.e.m.c.i.e.AbstractTransferListenerAdapter - Downloaded https://repo.maven.apache.org/maven2/org/skyscreamer/jsonassert/1.5.1/jsonassert-1.5.1.jar
2025-05-25 10:20:22,175 [BasicRepositoryConnector-repo.maven.apache.org-1-4] INFO  o.e.m.c.i.e.AbstractTransferListenerAdapter - Downloading https://repo.maven.apache.org/maven2/org/springframework/spring-core/6.1.5/spring-core-6.1.5.jar
2025-05-25 10:20:22,214 [BasicRepositoryConnector-repo.maven.apache.org-1-2] INFO  o.e.m.c.i.e.AbstractTransferListenerAdapter - Downloading https://repo.maven.apache.org/maven2/org/springframework/spring-jcl/6.1.5/spring-jcl-6.1.5.jar
2025-05-25 10:20:22,223 [BasicRepositoryConnector-repo.maven.apache.org-1-2] INFO  o.e.m.c.i.e.AbstractTransferListenerAdapter - Downloaded https://repo.maven.apache.org/maven2/org/springframework/spring-jcl/6.1.5/spring-jcl-6.1.5.jar
2025-05-25 10:20:22,251 [BasicRepositoryConnector-repo.maven.apache.org-1-2] INFO  o.e.m.c.i.e.AbstractTransferListenerAdapter - Downloading https://repo.maven.apache.org/maven2/org/springframework/spring-test/6.1.5/spring-test-6.1.5.jar
2025-05-25 10:20:22,537 [BasicRepositoryConnector-repo.maven.apache.org-1-2] INFO  o.e.m.c.i.e.AbstractTransferListenerAdapter - Downloaded https://repo.maven.apache.org/maven2/org/springframework/spring-test/6.1.5/spring-test-6.1.5.jar
2025-05-25 10:20:22,560 [BasicRepositoryConnector-repo.maven.apache.org-1-2] INFO  o.e.m.c.i.e.AbstractTransferListenerAdapter - Downloading https://repo.maven.apache.org/maven2/org/xmlunit/xmlunit-core/2.9.1/xmlunit-core-2.9.1.jar
2025-05-25 10:20:22,638 [BasicRepositoryConnector-repo.maven.apache.org-1-2] INFO  o.e.m.c.i.e.AbstractTransferListenerAdapter - Downloaded https://repo.maven.apache.org/maven2/org/xmlunit/xmlunit-core/2.9.1/xmlunit-core-2.9.1.jar
2025-05-25 10:20:23,020 [BasicRepositoryConnector-repo.maven.apache.org-1-0] INFO  o.e.m.c.i.e.AbstractTransferListenerAdapter - Downloaded https://repo.maven.apache.org/maven2/net/bytebuddy/byte-buddy/1.14.12/byte-buddy-1.14.12.jar
2025-05-25 10:20:23,299 [BasicRepositoryConnector-repo.maven.apache.org-1-4] INFO  o.e.m.c.i.e.AbstractTransferListenerAdapter - Downloaded https://repo.maven.apache.org/maven2/org/springframework/spring-core/6.1.5/spring-core-6.1.5.jar
2025-05-25 10:20:23,405 [BasicRepositoryConnector-repo.maven.apache.org-1-3] INFO  o.e.m.c.i.e.AbstractTransferListenerAdapter - Downloaded https://repo.maven.apache.org/maven2/com/h2database/h2/2.2.224/h2-2.2.224.jar
2025-05-25 10:20:23,894 [BasicRepositoryConnector-repo.maven.apache.org-1-1] INFO  o.e.m.c.i.e.AbstractTransferListenerAdapter - Downloaded https://repo.maven.apache.org/maven2/org/hibernate/orm/hibernate-core/6.4.4.Final/hibernate-core-6.4.4.Final.jar
2025-05-25 10:20:23,971 [Worker-33: Importing Maven projects] ERROR o.e.m.c.i.p.ProjectConfigurationManager - Could not read maven project
org.eclipse.core.runtime.CoreException: Could not read maven project
	at org.eclipse.m2e.core.internal.embedder.MavenImpl.lambda$4(MavenImpl.java:371)
	at org.eclipse.m2e.core.internal.embedder.MavenExecutionContext.executeBare(MavenExecutionContext.java:458)
	at org.eclipse.m2e.core.internal.embedder.MavenExecutionContext.execute(MavenExecutionContext.java:292)
	at org.eclipse.m2e.core.internal.embedder.MavenExecutionContext.execute(MavenExecutionContext.java:278)
	at org.eclipse.m2e.core.internal.embedder.MavenImpl.readProject(MavenImpl.java:361)
	at org.eclipse.m2e.mavenarchiver.internal.AbstractMavenArchiverConfigurator.lambda$4(AbstractMavenArchiverConfigurator.java:576)
	at org.eclipse.m2e.core.internal.embedder.MavenExecutionContext.executeBare(MavenExecutionContext.java:458)
	at org.eclipse.m2e.core.internal.embedder.MavenExecutionContext.execute(MavenExecutionContext.java:339)
	at org.eclipse.m2e.mavenarchiver.internal.AbstractMavenArchiverConfigurator.loadParentHierarchy(AbstractMavenArchiverConfigurator.java:568)
	at org.eclipse.m2e.mavenarchiver.internal.AbstractMavenArchiverConfigurator.generateManifest(AbstractMavenArchiverConfigurator.java:365)
	at org.eclipse.m2e.mavenarchiver.internal.AbstractMavenArchiverConfigurator.mavenProjectChanged(AbstractMavenArchiverConfigurator.java:228)
	at org.eclipse.m2e.mavenarchiver.internal.AbstractMavenArchiverConfigurator.mavenProjectChanged(AbstractMavenArchiverConfigurator.java:220)
	at org.eclipse.m2e.core.internal.project.ProjectConfigurationManager.mavenProjectChanged(ProjectConfigurationManager.java:885)
	at org.eclipse.m2e.core.internal.project.registry.ProjectRegistryManager.notifyProjectChangeListeners(ProjectRegistryManager.java:892)
	at org.eclipse.m2e.core.internal.project.registry.ProjectRegistryManager.applyMutableProjectRegistry(ProjectRegistryManager.java:1042)
	at org.eclipse.m2e.core.internal.project.registry.ProjectRegistryManager.refresh(ProjectRegistryManager.java:324)
	at org.eclipse.m2e.core.internal.project.ProjectConfigurationManager.configureNewMavenProjects(ProjectConfigurationManager.java:256)
	at org.eclipse.m2e.core.internal.project.ProjectConfigurationManager.lambda$1(ProjectConfigurationManager.java:166)
	at org.eclipse.m2e.core.internal.embedder.MavenExecutionContext.executeBare(MavenExecutionContext.java:458)
	at org.eclipse.m2e.core.internal.embedder.MavenExecutionContext.execute(MavenExecutionContext.java:339)
	at org.eclipse.m2e.core.internal.embedder.MavenExecutionContext.execute(MavenExecutionContext.java:278)
	at org.eclipse.m2e.core.internal.project.ProjectConfigurationManager.importProjects(ProjectConfigurationManager.java:139)
	at org.eclipse.m2e.core.ui.internal.wizards.ImportMavenProjectsJob$1.doCreateMavenProjects(ImportMavenProjectsJob.java:71)
	at org.eclipse.m2e.core.ui.internal.wizards.AbstractCreateMavenProjectsOperation.run(AbstractCreateMavenProjectsOperation.java:56)
	at org.eclipse.m2e.core.ui.internal.wizards.ImportMavenProjectsJob.runInWorkspace(ImportMavenProjectsJob.java:80)
	at org.eclipse.core.internal.resources.InternalWorkspaceJob.run(InternalWorkspaceJob.java:43)
	at org.eclipse.core.internal.jobs.Worker.run(Worker.java:63)
Caused by: org.apache.maven.project.ProjectBuildingException: 1 problem was encountered while building the effective model
[FATAL] Non-readable POM C:\DevOps\dockerProj\Java-SpringMVC-Boot: C:\DevOps\dockerProj\Java-SpringMVC-Boot (Access is denied) @ 
 for project  at C:\DevOps\dockerProj\Java-SpringMVC-Boot
	at org.apache.maven.project.DefaultProjectBuilder.build(DefaultProjectBuilder.java:180)
	at org.apache.maven.project.DefaultProjectBuilder.build(DefaultProjectBuilder.java:123)
	at org.eclipse.m2e.core.internal.embedder.MavenImpl.lambda$4(MavenImpl.java:369)
	... 26 common frames omitted
Caused by: org.apache.maven.model.building.ModelBuildingException: 1 problem was encountered while building the effective model
[FATAL] Non-readable POM C:\DevOps\dockerProj\Java-SpringMVC-Boot: C:\DevOps\dockerProj\Java-SpringMVC-Boot (Access is denied) @ 

	at org.apache.maven.model.building.DefaultModelProblemCollector.newModelBuildingException(DefaultModelProblemCollector.java:176)
	at org.apache.maven.model.building.DefaultModelBuilder.readModel(DefaultModelBuilder.java:642)
	at org.apache.maven.model.building.DefaultModelBuilder.build(DefaultModelBuilder.java:262)
	at org.apache.maven.model.building.DefaultModelBuilder.build(DefaultModelBuilder.java:248)
	at org.apache.maven.project.DefaultProjectBuilder.build(DefaultProjectBuilder.java:176)
	... 28 common frames omitted
2025-05-25 10:20:24,390 [Worker-33: Importing Maven projects] INFO  o.e.m.c.i.e.AbstractTransferListenerAdapter - Downloaded https://repo.spring.io/milestone/org/apache/maven/plugins/maven-jar-plugin/3.3.0/maven-jar-plugin-3.3.0.pom
2025-05-25 10:20:24,401 [Worker-33: Importing Maven projects] INFO  o.e.m.c.i.e.AbstractTransferListenerAdapter - Downloading https://repo.maven.apache.org/maven2/org/apache/maven/plugins/maven-jar-plugin/3.3.0/maven-jar-plugin-3.3.0.pom
2025-05-25 10:20:24,404 [Worker-33: Importing Maven projects] INFO  o.e.m.c.i.e.AbstractTransferListenerAdapter - Downloaded https://repo.maven.apache.org/maven2/org/apache/maven/plugins/maven-jar-plugin/3.3.0/maven-jar-plugin-3.3.0.pom
2025-05-25 10:20:24,625 [Worker-33: Importing Maven projects] INFO  o.e.m.c.i.e.AbstractTransferListenerAdapter - Downloaded https://repo.spring.io/milestone/org/apache/maven/plugins/maven-plugins/37/maven-plugins-37.pom
2025-05-25 10:20:24,636 [Worker-33: Importing Maven projects] INFO  o.e.m.c.i.e.AbstractTransferListenerAdapter - Downloading https://repo.maven.apache.org/maven2/org/apache/maven/plugins/maven-plugins/37/maven-plugins-37.pom
2025-05-25 10:20:24,641 [Worker-33: Importing Maven projects] INFO  o.e.m.c.i.e.AbstractTransferListenerAdapter - Downloaded https://repo.maven.apache.org/maven2/org/apache/maven/plugins/maven-plugins/37/maven-plugins-37.pom
2025-05-25 10:20:24,863 [Worker-33: Importing Maven projects] INFO  o.e.m.c.i.e.AbstractTransferListenerAdapter - Downloaded https://repo.spring.io/milestone/org/apache/maven/maven-parent/37/maven-parent-37.pom
2025-05-25 10:20:24,872 [Worker-33: Importing Maven projects] INFO  o.e.m.c.i.e.AbstractTransferListenerAdapter - Downloading https://repo.maven.apache.org/maven2/org/apache/maven/maven-parent/37/maven-parent-37.pom
2025-05-25 10:20:24,888 [Worker-33: Importing Maven projects] INFO  o.e.m.c.i.e.AbstractTransferListenerAdapter - Downloaded https://repo.maven.apache.org/maven2/org/apache/maven/maven-parent/37/maven-parent-37.pom
2025-05-25 10:20:25,008 [Worker-33: Importing Maven projects] INFO  o.e.m.j.i.AbstractJavaProjectConfigurator - Adding resource folder /Java-SpringMVC-Boot/src/main/resources
2025-05-25 10:20:25,076 [Worker-33: Importing Maven projects] INFO  o.e.m.j.i.AbstractJavaProjectConfigurator - Adding resource folder /Java-SpringMVC-Boot/src/main/resources
2025-05-25 10:20:25,077 [Worker-33: Importing Maven projects] INFO  o.e.m.j.i.AbstractJavaProjectConfigurator - Adding resource folder /Java-SpringMVC-Boot/src/test/resources
2025-05-25 10:20:25,674 [Worker-33: Importing Maven projects] INFO  o.e.m.c.i.p.ProjectConfigurationManager - Imported and configured 1 project(s) in 58 sec
2025-05-25 10:20:25,926 [Worker-34: Download sources and javadoc] INFO  o.e.m.c.i.e.AbstractTransferListenerAdapter - Downloading https://repo.spring.io/milestone/org/springframework/boot/spring-boot-starter-web/3.3.0-M3/spring-boot-starter-web-3.3.0-M3-sources.jar
2025-05-25 10:20:25,930 [Worker-34: Download sources and javadoc] INFO  o.e.m.c.i.e.AbstractTransferListenerAdapter - Downloaded https://repo.spring.io/milestone/org/springframework/boot/spring-boot-starter-web/3.3.0-M3/spring-boot-starter-web-3.3.0-M3-sources.jar
2025-05-25 10:20:25,933 [Worker-34: Download sources and javadoc] INFO  o.e.m.j.internal.DownloadSourcesJob - Downloaded sources for org.springframework.boot:spring-boot-starter-web:3.3.0-M3
2025-05-25 10:20:26,650 [Worker-35: Building] INFO  o.a.m.s.f.DefaultMavenResourcesFiltering - Copying 1 resource from src\main\resources to target\classes
2025-05-25 10:20:26,674 [Worker-35: Building] INFO  o.a.m.s.f.DefaultMavenResourcesFiltering - Copying 0 resource from src\main\resources to target\classes
2025-05-25 10:20:26,680 [Worker-35: Building] INFO  o.a.m.s.f.DefaultMavenResourcesFiltering - skip non existing resourceDirectory C:\DevOps\dockerProj\Java-SpringMVC-Boot\src\test\resources
2025-05-25 10:20:26,860 [Worker-34: Download sources and javadoc] INFO  o.e.m.c.i.e.AbstractTransferListenerAdapter - Downloading https://repo.spring.io/milestone/org/springframework/boot/spring-boot-starter/3.3.0-M3/spring-boot-starter-3.3.0-M3-sources.jar
2025-05-25 10:20:26,864 [Worker-34: Download sources and javadoc] INFO  o.e.m.c.i.e.AbstractTransferListenerAdapter - Downloaded https://repo.spring.io/milestone/org/springframework/boot/spring-boot-starter/3.3.0-M3/spring-boot-starter-3.3.0-M3-sources.jar
2025-05-25 10:20:26,869 [Worker-34: Download sources and javadoc] INFO  o.e.m.j.internal.DownloadSourcesJob - Downloaded sources for org.springframework.boot:spring-boot-starter:3.3.0-M3
2025-05-25 10:20:27,568 [Worker-34: Download sources and javadoc] INFO  o.e.m.c.i.e.AbstractTransferListenerAdapter - Downloading https://repo.spring.io/milestone/org/springframework/boot/spring-boot-starter-logging/3.3.0-M3/spring-boot-starter-logging-3.3.0-M3-sources.jar
2025-05-25 10:20:27,573 [Worker-34: Download sources and javadoc] INFO  o.e.m.c.i.e.AbstractTransferListenerAdapter - Downloaded https://repo.spring.io/milestone/org/springframework/boot/spring-boot-starter-logging/3.3.0-M3/spring-boot-starter-logging-3.3.0-M3-sources.jar
2025-05-25 10:20:27,578 [Worker-34: Download sources and javadoc] INFO  o.e.m.j.internal.DownloadSourcesJob - Downloaded sources for org.springframework.boot:spring-boot-starter-logging:3.3.0-M3
2025-05-25 10:20:28,446 [Worker-34: Download sources and javadoc] INFO  o.e.m.c.i.e.AbstractTransferListenerAdapter - Downloaded https://repo.spring.io/milestone/ch/qos/logback/logback-classic/1.4.14/logback-classic-1.4.14-sources.jar
2025-05-25 10:20:28,484 [Worker-34: Download sources and javadoc] INFO  o.e.m.c.i.e.AbstractTransferListenerAdapter - Downloading https://repo.maven.apache.org/maven2/ch/qos/logback/logback-classic/1.4.14/logback-classic-1.4.14-sources.jar
2025-05-25 10:20:28,538 [Worker-34: Download sources and javadoc] INFO  o.e.m.c.i.e.AbstractTransferListenerAdapter - Downloaded https://repo.maven.apache.org/maven2/ch/qos/logback/logback-classic/1.4.14/logback-classic-1.4.14-sources.jar
2025-05-25 10:20:28,541 [Worker-34: Download sources and javadoc] INFO  o.e.m.j.internal.DownloadSourcesJob - Downloaded sources for ch.qos.logback:logback-classic:1.4.14
2025-05-25 10:20:29,393 [Worker-34: Download sources and javadoc] INFO  o.e.m.c.i.e.AbstractTransferListenerAdapter - Downloaded https://repo.spring.io/milestone/ch/qos/logback/logback-core/1.4.14/logback-core-1.4.14-sources.jar
2025-05-25 10:20:29,416 [Worker-34: Download sources and javadoc] INFO  o.e.m.c.i.e.AbstractTransferListenerAdapter - Downloading https://repo.maven.apache.org/maven2/ch/qos/logback/logback-core/1.4.14/logback-core-1.4.14-sources.jar
2025-05-25 10:20:29,630 [Worker-34: Download sources and javadoc] INFO  o.e.m.c.i.e.AbstractTransferListenerAdapter - Downloaded https://repo.maven.apache.org/maven2/ch/qos/logback/logback-core/1.4.14/logback-core-1.4.14-sources.jar
2025-05-25 10:20:29,633 [Worker-34: Download sources and javadoc] INFO  o.e.m.j.internal.DownloadSourcesJob - Downloaded sources for ch.qos.logback:logback-core:1.4.14
2025-05-25 10:20:30,474 [Worker-34: Download sources and javadoc] INFO  o.e.m.c.i.e.AbstractTransferListenerAdapter - Downloaded https://repo.spring.io/milestone/org/apache/logging/log4j/log4j-to-slf4j/2.23.1/log4j-to-slf4j-2.23.1-sources.jar
2025-05-25 10:20:30,520 [Worker-34: Download sources and javadoc] INFO  o.e.m.c.i.e.AbstractTransferListenerAdapter - Downloading https://repo.maven.apache.org/maven2/org/apache/logging/log4j/log4j-to-slf4j/2.23.1/log4j-to-slf4j-2.23.1-sources.jar
2025-05-25 10:20:30,524 [Worker-34: Download sources and javadoc] INFO  o.e.m.c.i.e.AbstractTransferListenerAdapter - Downloaded https://repo.maven.apache.org/maven2/org/apache/logging/log4j/log4j-to-slf4j/2.23.1/log4j-to-slf4j-2.23.1-sources.jar
2025-05-25 10:20:30,527 [Worker-34: Download sources and javadoc] INFO  o.e.m.j.internal.DownloadSourcesJob - Downloaded sources for org.apache.logging.log4j:log4j-to-slf4j:2.23.1
2025-05-25 10:20:31,382 [Worker-34: Download sources and javadoc] INFO  o.e.m.c.i.e.AbstractTransferListenerAdapter - Downloaded https://repo.spring.io/milestone/org/apache/logging/log4j/log4j-api/2.23.1/log4j-api-2.23.1-sources.jar
2025-05-25 10:20:31,406 [Worker-34: Download sources and javadoc] INFO  o.e.m.c.i.e.AbstractTransferListenerAdapter - Downloading https://repo.maven.apache.org/maven2/org/apache/logging/log4j/log4j-api/2.23.1/log4j-api-2.23.1-sources.jar
2025-05-25 10:20:31,460 [Worker-34: Download sources and javadoc] INFO  o.e.m.c.i.e.AbstractTransferListenerAdapter - Downloaded https://repo.maven.apache.org/maven2/org/apache/logging/log4j/log4j-api/2.23.1/log4j-api-2.23.1-sources.jar
2025-05-25 10:20:31,463 [Worker-34: Download sources and javadoc] INFO  o.e.m.j.internal.DownloadSourcesJob - Downloaded sources for org.apache.logging.log4j:log4j-api:2.23.1
2025-05-25 10:20:32,304 [Worker-34: Download sources and javadoc] INFO  o.e.m.c.i.e.AbstractTransferListenerAdapter - Downloaded https://repo.spring.io/milestone/org/slf4j/jul-to-slf4j/2.0.12/jul-to-slf4j-2.0.12-sources.jar
2025-05-25 10:20:32,346 [Worker-34: Download sources and javadoc] INFO  o.e.m.c.i.e.AbstractTransferListenerAdapter - Downloading https://repo.maven.apache.org/maven2/org/slf4j/jul-to-slf4j/2.0.12/jul-to-slf4j-2.0.12-sources.jar
2025-05-25 10:20:32,359 [Worker-34: Download sources and javadoc] INFO  o.e.m.c.i.e.AbstractTransferListenerAdapter - Downloaded https://repo.maven.apache.org/maven2/org/slf4j/jul-to-slf4j/2.0.12/jul-to-slf4j-2.0.12-sources.jar
2025-05-25 10:20:32,362 [Worker-34: Download sources and javadoc] INFO  o.e.m.j.internal.DownloadSourcesJob - Downloaded sources for org.slf4j:jul-to-slf4j:2.0.12
2025-05-25 10:20:33,211 [Worker-34: Download sources and javadoc] INFO  o.e.m.c.i.e.AbstractTransferListenerAdapter - Downloaded https://repo.spring.io/milestone/org/yaml/snakeyaml/2.2/snakeyaml-2.2-sources.jar
2025-05-25 10:20:33,238 [Worker-34: Download sources and javadoc] INFO  o.e.m.c.i.e.AbstractTransferListenerAdapter - Downloading https://repo.maven.apache.org/maven2/org/yaml/snakeyaml/2.2/snakeyaml-2.2-sources.jar
2025-05-25 10:20:33,271 [Worker-34: Download sources and javadoc] INFO  o.e.m.c.i.e.AbstractTransferListenerAdapter - Downloaded https://repo.maven.apache.org/maven2/org/yaml/snakeyaml/2.2/snakeyaml-2.2-sources.jar
2025-05-25 10:20:33,274 [Worker-34: Download sources and javadoc] INFO  o.e.m.j.internal.DownloadSourcesJob - Downloaded sources for org.yaml:snakeyaml:2.2
2025-05-25 10:20:34,125 [Worker-34: Download sources and javadoc] INFO  o.e.m.c.i.e.AbstractTransferListenerAdapter - Downloading https://repo.spring.io/milestone/org/springframework/boot/spring-boot-starter-json/3.3.0-M3/spring-boot-starter-json-3.3.0-M3-sources.jar
2025-05-25 10:20:34,129 [Worker-34: Download sources and javadoc] INFO  o.e.m.c.i.e.AbstractTransferListenerAdapter - Downloaded https://repo.spring.io/milestone/org/springframework/boot/spring-boot-starter-json/3.3.0-M3/spring-boot-starter-json-3.3.0-M3-sources.jar
2025-05-25 10:20:34,133 [Worker-34: Download sources and javadoc] INFO  o.e.m.j.internal.DownloadSourcesJob - Downloaded sources for org.springframework.boot:spring-boot-starter-json:3.3.0-M3
2025-05-25 10:20:34,764 [Worker-34: Download sources and javadoc] INFO  o.e.m.c.i.e.AbstractTransferListenerAdapter - Downloaded https://repo.spring.io/milestone/com/fasterxml/jackson/core/jackson-databind/2.17.0/jackson-databind-2.17.0-sources.jar
2025-05-25 10:20:34,786 [Worker-34: Download sources and javadoc] INFO  o.e.m.c.i.e.AbstractTransferListenerAdapter - Downloading https://repo.maven.apache.org/maven2/com/fasterxml/jackson/core/jackson-databind/2.17.0/jackson-databind-2.17.0-sources.jar
2025-05-25 10:20:35,060 [Worker-34: Download sources and javadoc] INFO  o.e.m.c.i.e.AbstractTransferListenerAdapter - Downloaded https://repo.maven.apache.org/maven2/com/fasterxml/jackson/core/jackson-databind/2.17.0/jackson-databind-2.17.0-sources.jar
2025-05-25 10:20:35,063 [Worker-34: Download sources and javadoc] INFO  o.e.m.j.internal.DownloadSourcesJob - Downloaded sources for com.fasterxml.jackson.core:jackson-databind:2.17.0
2025-05-25 10:20:35,921 [Worker-34: Download sources and javadoc] INFO  o.e.m.c.i.e.AbstractTransferListenerAdapter - Downloaded https://repo.spring.io/milestone/com/fasterxml/jackson/core/jackson-core/2.17.0/jackson-core-2.17.0-sources.jar
2025-05-25 10:20:35,949 [Worker-34: Download sources and javadoc] INFO  o.e.m.c.i.e.AbstractTransferListenerAdapter - Downloading https://repo.maven.apache.org/maven2/com/fasterxml/jackson/core/jackson-core/2.17.0/jackson-core-2.17.0-sources.jar
2025-05-25 10:20:36,140 [Worker-34: Download sources and javadoc] INFO  o.e.m.c.i.e.AbstractTransferListenerAdapter - Downloaded https://repo.maven.apache.org/maven2/com/fasterxml/jackson/core/jackson-core/2.17.0/jackson-core-2.17.0-sources.jar
2025-05-25 10:20:36,143 [Worker-34: Download sources and javadoc] INFO  o.e.m.j.internal.DownloadSourcesJob - Downloaded sources for com.fasterxml.jackson.core:jackson-core:2.17.0
2025-05-25 10:20:36,997 [Worker-34: Download sources and javadoc] INFO  o.e.m.c.i.e.AbstractTransferListenerAdapter - Downloaded https://repo.spring.io/milestone/com/fasterxml/jackson/datatype/jackson-datatype-jdk8/2.17.0/jackson-datatype-jdk8-2.17.0-sources.jar
2025-05-25 10:20:37,022 [Worker-34: Download sources and javadoc] INFO  o.e.m.c.i.e.AbstractTransferListenerAdapter - Downloading https://repo.maven.apache.org/maven2/com/fasterxml/jackson/datatype/jackson-datatype-jdk8/2.17.0/jackson-datatype-jdk8-2.17.0-sources.jar
2025-05-25 10:20:37,028 [Worker-34: Download sources and javadoc] INFO  o.e.m.c.i.e.AbstractTransferListenerAdapter - Downloaded https://repo.maven.apache.org/maven2/com/fasterxml/jackson/datatype/jackson-datatype-jdk8/2.17.0/jackson-datatype-jdk8-2.17.0-sources.jar
2025-05-25 10:20:37,031 [Worker-34: Download sources and javadoc] INFO  o.e.m.j.internal.DownloadSourcesJob - Downloaded sources for com.fasterxml.jackson.datatype:jackson-datatype-jdk8:2.17.0
2025-05-25 10:20:37,873 [Worker-34: Download sources and javadoc] INFO  o.e.m.c.i.e.AbstractTransferListenerAdapter - Downloaded https://repo.spring.io/milestone/com/fasterxml/jackson/datatype/jackson-datatype-jsr310/2.17.0/jackson-datatype-jsr310-2.17.0-sources.jar
2025-05-25 10:20:37,897 [Worker-34: Download sources and javadoc] INFO  o.e.m.c.i.e.AbstractTransferListenerAdapter - Downloading https://repo.maven.apache.org/maven2/com/fasterxml/jackson/datatype/jackson-datatype-jsr310/2.17.0/jackson-datatype-jsr310-2.17.0-sources.jar
2025-05-25 10:20:37,914 [Worker-34: Download sources and javadoc] INFO  o.e.m.c.i.e.AbstractTransferListenerAdapter - Downloaded https://repo.maven.apache.org/maven2/com/fasterxml/jackson/datatype/jackson-datatype-jsr310/2.17.0/jackson-datatype-jsr310-2.17.0-sources.jar
2025-05-25 10:20:37,917 [Worker-34: Download sources and javadoc] INFO  o.e.m.j.internal.DownloadSourcesJob - Downloaded sources for com.fasterxml.jackson.datatype:jackson-datatype-jsr310:2.17.0
2025-05-25 10:20:38,783 [Worker-34: Download sources and javadoc] INFO  o.e.m.c.i.e.AbstractTransferListenerAdapter - Downloaded https://repo.spring.io/milestone/com/fasterxml/jackson/module/jackson-module-parameter-names/2.17.0/jackson-module-parameter-names-2.17.0-sources.jar
2025-05-25 10:20:38,803 [Worker-34: Download sources and javadoc] INFO  o.e.m.c.i.e.AbstractTransferListenerAdapter - Downloading https://repo.maven.apache.org/maven2/com/fasterxml/jackson/module/jackson-module-parameter-names/2.17.0/jackson-module-parameter-names-2.17.0-sources.jar
2025-05-25 10:20:38,806 [Worker-34: Download sources and javadoc] INFO  o.e.m.c.i.e.AbstractTransferListenerAdapter - Downloaded https://repo.maven.apache.org/maven2/com/fasterxml/jackson/module/jackson-module-parameter-names/2.17.0/jackson-module-parameter-names-2.17.0-sources.jar
2025-05-25 10:20:38,808 [Worker-34: Download sources and javadoc] INFO  o.e.m.j.internal.DownloadSourcesJob - Downloaded sources for com.fasterxml.jackson.module:jackson-module-parameter-names:2.17.0
2025-05-25 10:20:39,729 [Worker-34: Download sources and javadoc] INFO  o.e.m.c.i.e.AbstractTransferListenerAdapter - Downloading https://repo.spring.io/milestone/org/springframework/boot/spring-boot-starter-tomcat/3.3.0-M3/spring-boot-starter-tomcat-3.3.0-M3-sources.jar
2025-05-25 10:20:39,732 [Worker-34: Download sources and javadoc] INFO  o.e.m.c.i.e.AbstractTransferListenerAdapter - Downloaded https://repo.spring.io/milestone/org/springframework/boot/spring-boot-starter-tomcat/3.3.0-M3/spring-boot-starter-tomcat-3.3.0-M3-sources.jar
2025-05-25 10:20:39,735 [Worker-34: Download sources and javadoc] INFO  o.e.m.j.internal.DownloadSourcesJob - Downloaded sources for org.springframework.boot:spring-boot-starter-tomcat:3.3.0-M3
2025-05-25 10:20:40,374 [Worker-34: Download sources and javadoc] INFO  o.e.m.c.i.e.AbstractTransferListenerAdapter - Downloaded https://repo.spring.io/milestone/org/apache/tomcat/embed/tomcat-embed-core/10.1.19/tomcat-embed-core-10.1.19-sources.jar
2025-05-25 10:20:40,398 [Worker-34: Download sources and javadoc] INFO  o.e.m.c.i.e.AbstractTransferListenerAdapter - Downloading https://repo.maven.apache.org/maven2/org/apache/tomcat/embed/tomcat-embed-core/10.1.19/tomcat-embed-core-10.1.19-sources.jar
2025-05-25 10:20:41,458 [Worker-34: Download sources and javadoc] INFO  o.e.m.c.i.e.AbstractTransferListenerAdapter - Downloaded https://repo.maven.apache.org/maven2/org/apache/tomcat/embed/tomcat-embed-core/10.1.19/tomcat-embed-core-10.1.19-sources.jar
2025-05-25 10:20:41,461 [Worker-34: Download sources and javadoc] INFO  o.e.m.j.internal.DownloadSourcesJob - Downloaded sources for org.apache.tomcat.embed:tomcat-embed-core:10.1.19
2025-05-25 10:20:42,321 [Worker-34: Download sources and javadoc] INFO  o.e.m.c.i.e.AbstractTransferListenerAdapter - Downloaded https://repo.spring.io/milestone/org/apache/tomcat/embed/tomcat-embed-el/10.1.19/tomcat-embed-el-10.1.19-sources.jar
2025-05-25 10:20:42,353 [Worker-34: Download sources and javadoc] INFO  o.e.m.c.i.e.AbstractTransferListenerAdapter - Downloading https://repo.maven.apache.org/maven2/org/apache/tomcat/embed/tomcat-embed-el/10.1.19/tomcat-embed-el-10.1.19-sources.jar
2025-05-25 10:20:42,400 [Worker-34: Download sources and javadoc] INFO  o.e.m.c.i.e.AbstractTransferListenerAdapter - Downloaded https://repo.maven.apache.org/maven2/org/apache/tomcat/embed/tomcat-embed-el/10.1.19/tomcat-embed-el-10.1.19-sources.jar
2025-05-25 10:20:42,402 [Worker-34: Download sources and javadoc] INFO  o.e.m.j.internal.DownloadSourcesJob - Downloaded sources for org.apache.tomcat.embed:tomcat-embed-el:10.1.19
2025-05-25 10:20:43,257 [Worker-34: Download sources and javadoc] INFO  o.e.m.c.i.e.AbstractTransferListenerAdapter - Downloaded https://repo.spring.io/milestone/org/apache/tomcat/embed/tomcat-embed-websocket/10.1.19/tomcat-embed-websocket-10.1.19-sources.jar
2025-05-25 10:20:43,283 [Worker-34: Download sources and javadoc] INFO  o.e.m.c.i.e.AbstractTransferListenerAdapter - Downloading https://repo.maven.apache.org/maven2/org/apache/tomcat/embed/tomcat-embed-websocket/10.1.19/tomcat-embed-websocket-10.1.19-sources.jar
2025-05-25 10:20:43,332 [Worker-34: Download sources and javadoc] INFO  o.e.m.c.i.e.AbstractTransferListenerAdapter - Downloaded https://repo.maven.apache.org/maven2/org/apache/tomcat/embed/tomcat-embed-websocket/10.1.19/tomcat-embed-websocket-10.1.19-sources.jar
2025-05-25 10:20:43,334 [Worker-34: Download sources and javadoc] INFO  o.e.m.j.internal.DownloadSourcesJob - Downloaded sources for org.apache.tomcat.embed:tomcat-embed-websocket:10.1.19
2025-05-25 10:20:44,174 [Worker-34: Download sources and javadoc] INFO  o.e.m.c.i.e.AbstractTransferListenerAdapter - Downloaded https://repo.spring.io/milestone/org/springframework/spring-web/6.1.5/spring-web-6.1.5-sources.jar
2025-05-25 10:20:44,204 [Worker-34: Download sources and javadoc] INFO  o.e.m.c.i.e.AbstractTransferListenerAdapter - Downloading https://repo.maven.apache.org/maven2/org/springframework/spring-web/6.1.5/spring-web-6.1.5-sources.jar
2025-05-25 10:20:44,395 [Worker-34: Download sources and javadoc] INFO  o.e.m.c.i.e.AbstractTransferListenerAdapter - Downloaded https://repo.maven.apache.org/maven2/org/springframework/spring-web/6.1.5/spring-web-6.1.5-sources.jar
2025-05-25 10:20:44,398 [Worker-34: Download sources and javadoc] INFO  o.e.m.j.internal.DownloadSourcesJob - Downloaded sources for org.springframework:spring-web:6.1.5
2025-05-25 10:20:45,239 [Worker-34: Download sources and javadoc] INFO  o.e.m.c.i.e.AbstractTransferListenerAdapter - Downloaded https://repo.spring.io/milestone/org/springframework/spring-beans/6.1.5/spring-beans-6.1.5-sources.jar
2025-05-25 10:20:45,265 [Worker-34: Download sources and javadoc] INFO  o.e.m.c.i.e.AbstractTransferListenerAdapter - Downloading https://repo.maven.apache.org/maven2/org/springframework/spring-beans/6.1.5/spring-beans-6.1.5-sources.jar
2025-05-25 10:20:45,424 [Worker-34: Download sources and javadoc] INFO  o.e.m.c.i.e.AbstractTransferListenerAdapter - Downloaded https://repo.maven.apache.org/maven2/org/springframework/spring-beans/6.1.5/spring-beans-6.1.5-sources.jar
2025-05-25 10:20:45,425 [Worker-34: Download sources and javadoc] INFO  o.e.m.j.internal.DownloadSourcesJob - Downloaded sources for org.springframework:spring-beans:6.1.5
2025-05-25 10:20:46,276 [Worker-34: Download sources and javadoc] INFO  o.e.m.c.i.e.AbstractTransferListenerAdapter - Downloading https://repo.spring.io/milestone/io/micrometer/micrometer-observation/1.13.0-M2/micrometer-observation-1.13.0-M2-sources.jar
2025-05-25 10:20:46,693 [Worker-34: Download sources and javadoc] INFO  o.e.m.c.i.e.AbstractTransferListenerAdapter - Downloaded https://repo.spring.io/milestone/io/micrometer/micrometer-observation/1.13.0-M2/micrometer-observation-1.13.0-M2-sources.jar
2025-05-25 10:20:46,695 [Worker-34: Download sources and javadoc] INFO  o.e.m.j.internal.DownloadSourcesJob - Downloaded sources for io.micrometer:micrometer-observation:1.13.0-M2
2025-05-25 10:20:47,546 [Worker-34: Download sources and javadoc] INFO  o.e.m.c.i.e.AbstractTransferListenerAdapter - Downloading https://repo.spring.io/milestone/io/micrometer/micrometer-commons/1.13.0-M2/micrometer-commons-1.13.0-M2-sources.jar
2025-05-25 10:20:47,973 [Worker-34: Download sources and javadoc] INFO  o.e.m.c.i.e.AbstractTransferListenerAdapter - Downloaded https://repo.spring.io/milestone/io/micrometer/micrometer-commons/1.13.0-M2/micrometer-commons-1.13.0-M2-sources.jar
2025-05-25 10:20:47,976 [Worker-34: Download sources and javadoc] INFO  o.e.m.j.internal.DownloadSourcesJob - Downloaded sources for io.micrometer:micrometer-commons:1.13.0-M2
2025-05-25 10:20:48,823 [Worker-34: Download sources and javadoc] INFO  o.e.m.c.i.e.AbstractTransferListenerAdapter - Downloaded https://repo.spring.io/milestone/org/springframework/spring-webmvc/6.1.5/spring-webmvc-6.1.5-sources.jar
2025-05-25 10:20:48,853 [Worker-34: Download sources and javadoc] INFO  o.e.m.c.i.e.AbstractTransferListenerAdapter - Downloading https://repo.maven.apache.org/maven2/org/springframework/spring-webmvc/6.1.5/spring-webmvc-6.1.5-sources.jar
2025-05-25 10:20:48,991 [Worker-34: Download sources and javadoc] INFO  o.e.m.c.i.e.AbstractTransferListenerAdapter - Downloaded https://repo.maven.apache.org/maven2/org/springframework/spring-webmvc/6.1.5/spring-webmvc-6.1.5-sources.jar
2025-05-25 10:20:48,993 [Worker-34: Download sources and javadoc] INFO  o.e.m.j.internal.DownloadSourcesJob - Downloaded sources for org.springframework:spring-webmvc:6.1.5
2025-05-25 10:20:49,840 [Worker-34: Download sources and javadoc] INFO  o.e.m.c.i.e.AbstractTransferListenerAdapter - Downloaded https://repo.spring.io/milestone/org/springframework/spring-context/6.1.5/spring-context-6.1.5-sources.jar
2025-05-25 10:20:49,863 [Worker-34: Download sources and javadoc] INFO  o.e.m.c.i.e.AbstractTransferListenerAdapter - Downloading https://repo.maven.apache.org/maven2/org/springframework/spring-context/6.1.5/spring-context-6.1.5-sources.jar
2025-05-25 10:20:50,036 [Worker-34: Download sources and javadoc] INFO  o.e.m.c.i.e.AbstractTransferListenerAdapter - Downloaded https://repo.maven.apache.org/maven2/org/springframework/spring-context/6.1.5/spring-context-6.1.5-sources.jar
2025-05-25 10:20:50,038 [Worker-34: Download sources and javadoc] INFO  o.e.m.j.internal.DownloadSourcesJob - Downloaded sources for org.springframework:spring-context:6.1.5
2025-05-25 10:20:50,675 [Worker-34: Download sources and javadoc] INFO  o.e.m.c.i.e.AbstractTransferListenerAdapter - Downloaded https://repo.spring.io/milestone/org/springframework/spring-expression/6.1.5/spring-expression-6.1.5-sources.jar
2025-05-25 10:20:50,701 [Worker-34: Download sources and javadoc] INFO  o.e.m.c.i.e.AbstractTransferListenerAdapter - Downloading https://repo.maven.apache.org/maven2/org/springframework/spring-expression/6.1.5/spring-expression-6.1.5-sources.jar
2025-05-25 10:20:50,746 [Worker-34: Download sources and javadoc] INFO  o.e.m.c.i.e.AbstractTransferListenerAdapter - Downloaded https://repo.maven.apache.org/maven2/org/springframework/spring-expression/6.1.5/spring-expression-6.1.5-sources.jar
2025-05-25 10:20:50,749 [Worker-34: Download sources and javadoc] INFO  o.e.m.j.internal.DownloadSourcesJob - Downloaded sources for org.springframework:spring-expression:6.1.5
2025-05-25 10:20:51,657 [Worker-34: Download sources and javadoc] INFO  o.e.m.c.i.e.AbstractTransferListenerAdapter - Downloading https://repo.spring.io/milestone/org/springframework/boot/spring-boot-starter-security/3.3.0-M3/spring-boot-starter-security-3.3.0-M3-sources.jar
2025-05-25 10:20:51,662 [Worker-34: Download sources and javadoc] INFO  o.e.m.c.i.e.AbstractTransferListenerAdapter - Downloaded https://repo.spring.io/milestone/org/springframework/boot/spring-boot-starter-security/3.3.0-M3/spring-boot-starter-security-3.3.0-M3-sources.jar
2025-05-25 10:20:51,664 [Worker-34: Download sources and javadoc] INFO  o.e.m.j.internal.DownloadSourcesJob - Downloaded sources for org.springframework.boot:spring-boot-starter-security:3.3.0-M3
2025-05-25 10:20:52,517 [Worker-34: Download sources and javadoc] INFO  o.e.m.c.i.e.AbstractTransferListenerAdapter - Downloaded https://repo.spring.io/milestone/org/springframework/spring-aop/6.1.5/spring-aop-6.1.5-sources.jar
2025-05-25 10:20:52,545 [Worker-34: Download sources and javadoc] INFO  o.e.m.c.i.e.AbstractTransferListenerAdapter - Downloading https://repo.maven.apache.org/maven2/org/springframework/spring-aop/6.1.5/spring-aop-6.1.5-sources.jar
2025-05-25 10:20:52,612 [Worker-34: Download sources and javadoc] INFO  o.e.m.c.i.e.AbstractTransferListenerAdapter - Downloaded https://repo.maven.apache.org/maven2/org/springframework/spring-aop/6.1.5/spring-aop-6.1.5-sources.jar
2025-05-25 10:20:52,614 [Worker-34: Download sources and javadoc] INFO  o.e.m.j.internal.DownloadSourcesJob - Downloaded sources for org.springframework:spring-aop:6.1.5
2025-05-25 10:20:54,031 [Worker-34: Download sources and javadoc] INFO  o.e.m.c.i.e.AbstractTransferListenerAdapter - Downloading https://repo.spring.io/milestone/org/springframework/security/spring-security-config/6.3.0-M3/spring-security-config-6.3.0-M3-sources.jar
2025-05-25 10:20:56,180 [Worker-34: Download sources and javadoc] INFO  o.e.m.c.i.e.AbstractTransferListenerAdapter - Downloaded https://repo.spring.io/milestone/org/springframework/security/spring-security-config/6.3.0-M3/spring-security-config-6.3.0-M3-sources.jar
2025-05-25 10:20:56,182 [Worker-34: Download sources and javadoc] INFO  o.e.m.j.internal.DownloadSourcesJob - Downloaded sources for org.springframework.security:spring-security-config:6.3.0-M3
2025-05-25 10:20:57,787 [Worker-34: Download sources and javadoc] INFO  o.e.m.c.i.e.AbstractTransferListenerAdapter - Downloading https://repo.spring.io/milestone/org/springframework/security/spring-security-core/6.3.0-M3/spring-security-core-6.3.0-M3-sources.jar
2025-05-25 10:20:58,870 [Worker-34: Download sources and javadoc] INFO  o.e.m.c.i.e.AbstractTransferListenerAdapter - Downloaded https://repo.spring.io/milestone/org/springframework/security/spring-security-core/6.3.0-M3/spring-security-core-6.3.0-M3-sources.jar
2025-05-25 10:20:58,873 [Worker-34: Download sources and javadoc] INFO  o.e.m.j.internal.DownloadSourcesJob - Downloaded sources for org.springframework.security:spring-security-core:6.3.0-M3
2025-05-25 10:20:59,717 [Worker-34: Download sources and javadoc] INFO  o.e.m.c.i.e.AbstractTransferListenerAdapter - Downloading https://repo.spring.io/milestone/org/springframework/security/spring-security-crypto/6.3.0-M3/spring-security-crypto-6.3.0-M3-sources.jar
2025-05-25 10:21:00,139 [Worker-34: Download sources and javadoc] INFO  o.e.m.c.i.e.AbstractTransferListenerAdapter - Downloaded https://repo.spring.io/milestone/org/springframework/security/spring-security-crypto/6.3.0-M3/spring-security-crypto-6.3.0-M3-sources.jar
2025-05-25 10:21:00,141 [Worker-34: Download sources and javadoc] INFO  o.e.m.j.internal.DownloadSourcesJob - Downloaded sources for org.springframework.security:spring-security-crypto:6.3.0-M3
2025-05-25 10:21:01,713 [Worker-34: Download sources and javadoc] INFO  o.e.m.c.i.e.AbstractTransferListenerAdapter - Downloading https://repo.spring.io/milestone/org/springframework/security/spring-security-web/6.3.0-M3/spring-security-web-6.3.0-M3-sources.jar
2025-05-25 10:21:03,003 [Worker-34: Download sources and javadoc] INFO  o.e.m.c.i.e.AbstractTransferListenerAdapter - Downloaded https://repo.spring.io/milestone/org/springframework/security/spring-security-web/6.3.0-M3/spring-security-web-6.3.0-M3-sources.jar
2025-05-25 10:21:03,006 [Worker-34: Download sources and javadoc] INFO  o.e.m.j.internal.DownloadSourcesJob - Downloaded sources for org.springframework.security:spring-security-web:6.3.0-M3
2025-05-25 10:21:03,903 [Worker-34: Download sources and javadoc] INFO  o.e.m.c.i.e.AbstractTransferListenerAdapter - Downloading https://repo.spring.io/milestone/org/springframework/boot/spring-boot-starter-data-jpa/3.3.0-M3/spring-boot-starter-data-jpa-3.3.0-M3-sources.jar
2025-05-25 10:21:03,908 [Worker-34: Download sources and javadoc] INFO  o.e.m.c.i.e.AbstractTransferListenerAdapter - Downloaded https://repo.spring.io/milestone/org/springframework/boot/spring-boot-starter-data-jpa/3.3.0-M3/spring-boot-starter-data-jpa-3.3.0-M3-sources.jar
2025-05-25 10:21:03,911 [Worker-34: Download sources and javadoc] INFO  o.e.m.j.internal.DownloadSourcesJob - Downloaded sources for org.springframework.boot:spring-boot-starter-data-jpa:3.3.0-M3
2025-05-25 10:21:04,796 [Worker-34: Download sources and javadoc] INFO  o.e.m.c.i.e.AbstractTransferListenerAdapter - Downloading https://repo.spring.io/milestone/org/springframework/boot/spring-boot-starter-aop/3.3.0-M3/spring-boot-starter-aop-3.3.0-M3-sources.jar
2025-05-25 10:21:04,800 [Worker-34: Download sources and javadoc] INFO  o.e.m.c.i.e.AbstractTransferListenerAdapter - Downloaded https://repo.spring.io/milestone/org/springframework/boot/spring-boot-starter-aop/3.3.0-M3/spring-boot-starter-aop-3.3.0-M3-sources.jar
2025-05-25 10:21:04,803 [Worker-34: Download sources and javadoc] INFO  o.e.m.j.internal.DownloadSourcesJob - Downloaded sources for org.springframework.boot:spring-boot-starter-aop:3.3.0-M3
2025-05-25 10:21:05,658 [Worker-34: Download sources and javadoc] INFO  o.e.m.c.i.e.AbstractTransferListenerAdapter - Downloaded https://repo.spring.io/milestone/org/aspectj/aspectjweaver/1.9.21/aspectjweaver-1.9.21-sources.jar
2025-05-25 10:21:05,681 [Worker-34: Download sources and javadoc] INFO  o.e.m.c.i.e.AbstractTransferListenerAdapter - Downloading https://repo.maven.apache.org/maven2/org/aspectj/aspectjweaver/1.9.21/aspectjweaver-1.9.21-sources.jar
2025-05-25 10:21:06,161 [Worker-34: Download sources and javadoc] INFO  o.e.m.c.i.e.AbstractTransferListenerAdapter - Downloaded https://repo.maven.apache.org/maven2/org/aspectj/aspectjweaver/1.9.21/aspectjweaver-1.9.21-sources.jar
2025-05-25 10:21:06,163 [Worker-34: Download sources and javadoc] INFO  o.e.m.j.internal.DownloadSourcesJob - Downloaded sources for org.aspectj:aspectjweaver:1.9.21
2025-05-25 10:21:07,004 [Worker-34: Download sources and javadoc] INFO  o.e.m.c.i.e.AbstractTransferListenerAdapter - Downloading https://repo.spring.io/milestone/org/springframework/boot/spring-boot-starter-jdbc/3.3.0-M3/spring-boot-starter-jdbc-3.3.0-M3-sources.jar
2025-05-25 10:21:07,009 [Worker-34: Download sources and javadoc] INFO  o.e.m.c.i.e.AbstractTransferListenerAdapter - Downloaded https://repo.spring.io/milestone/org/springframework/boot/spring-boot-starter-jdbc/3.3.0-M3/spring-boot-starter-jdbc-3.3.0-M3-sources.jar
2025-05-25 10:21:07,011 [Worker-34: Download sources and javadoc] INFO  o.e.m.j.internal.DownloadSourcesJob - Downloaded sources for org.springframework.boot:spring-boot-starter-jdbc:3.3.0-M3
2025-05-25 10:21:07,660 [Worker-34: Download sources and javadoc] INFO  o.e.m.c.i.e.AbstractTransferListenerAdapter - Downloaded https://repo.spring.io/milestone/org/springframework/spring-jdbc/6.1.5/spring-jdbc-6.1.5-sources.jar
2025-05-25 10:21:07,681 [Worker-34: Download sources and javadoc] INFO  o.e.m.c.i.e.AbstractTransferListenerAdapter - Downloading https://repo.maven.apache.org/maven2/org/springframework/spring-jdbc/6.1.5/spring-jdbc-6.1.5-sources.jar
2025-05-25 10:21:07,758 [Worker-34: Download sources and javadoc] INFO  o.e.m.c.i.e.AbstractTransferListenerAdapter - Downloaded https://repo.maven.apache.org/maven2/org/springframework/spring-jdbc/6.1.5/spring-jdbc-6.1.5-sources.jar
2025-05-25 10:21:07,760 [Worker-34: Download sources and javadoc] INFO  o.e.m.j.internal.DownloadSourcesJob - Downloaded sources for org.springframework:spring-jdbc:6.1.5
2025-05-25 10:21:08,606 [Worker-34: Download sources and javadoc] INFO  o.e.m.c.i.e.AbstractTransferListenerAdapter - Downloaded https://repo.spring.io/milestone/org/hibernate/orm/hibernate-core/6.4.4.Final/hibernate-core-6.4.4.Final-sources.jar
2025-05-25 10:21:08,631 [Worker-34: Download sources and javadoc] INFO  o.e.m.c.i.e.AbstractTransferListenerAdapter - Downloading https://repo.maven.apache.org/maven2/org/hibernate/orm/hibernate-core/6.4.4.Final/hibernate-core-6.4.4.Final-sources.jar
2025-05-25 10:21:09,946 [Worker-34: Download sources and javadoc] INFO  o.e.m.c.i.e.AbstractTransferListenerAdapter - Downloaded https://repo.maven.apache.org/maven2/org/hibernate/orm/hibernate-core/6.4.4.Final/hibernate-core-6.4.4.Final-sources.jar
2025-05-25 10:21:09,947 [Worker-34: Download sources and javadoc] INFO  o.e.m.j.internal.DownloadSourcesJob - Downloaded sources for org.hibernate.orm:hibernate-core:6.4.4.Final
2025-05-25 10:21:10,806 [Worker-34: Download sources and javadoc] INFO  o.e.m.c.i.e.AbstractTransferListenerAdapter - Downloaded https://repo.spring.io/milestone/org/jboss/logging/jboss-logging/3.5.3.Final/jboss-logging-3.5.3.Final-sources.jar
2025-05-25 10:21:10,835 [Worker-34: Download sources and javadoc] INFO  o.e.m.c.i.e.AbstractTransferListenerAdapter - Downloading https://repo.maven.apache.org/maven2/org/jboss/logging/jboss-logging/3.5.3.Final/jboss-logging-3.5.3.Final-sources.jar
2025-05-25 10:21:10,849 [Worker-34: Download sources and javadoc] INFO  o.e.m.c.i.e.AbstractTransferListenerAdapter - Downloaded https://repo.maven.apache.org/maven2/org/jboss/logging/jboss-logging/3.5.3.Final/jboss-logging-3.5.3.Final-sources.jar
2025-05-25 10:21:10,852 [Worker-34: Download sources and javadoc] INFO  o.e.m.j.internal.DownloadSourcesJob - Downloaded sources for org.jboss.logging:jboss-logging:3.5.3.Final
2025-05-25 10:21:11,718 [Worker-34: Download sources and javadoc] INFO  o.e.m.c.i.e.AbstractTransferListenerAdapter - Downloaded https://repo.spring.io/milestone/org/hibernate/common/hibernate-commons-annotations/6.0.6.Final/hibernate-commons-annotations-6.0.6.Final-sources.jar
2025-05-25 10:21:11,741 [Worker-34: Download sources and javadoc] INFO  o.e.m.c.i.e.AbstractTransferListenerAdapter - Downloading https://repo.maven.apache.org/maven2/org/hibernate/common/hibernate-commons-annotations/6.0.6.Final/hibernate-commons-annotations-6.0.6.Final-sources.jar
2025-05-25 10:21:11,752 [Worker-34: Download sources and javadoc] INFO  o.e.m.c.i.e.AbstractTransferListenerAdapter - Downloaded https://repo.maven.apache.org/maven2/org/hibernate/common/hibernate-commons-annotations/6.0.6.Final/hibernate-commons-annotations-6.0.6.Final-sources.jar
2025-05-25 10:21:11,753 [Worker-34: Download sources and javadoc] INFO  o.e.m.j.internal.DownloadSourcesJob - Downloaded sources for org.hibernate.common:hibernate-commons-annotations:6.0.6.Final
2025-05-25 10:21:12,597 [Worker-34: Download sources and javadoc] INFO  o.e.m.c.i.e.AbstractTransferListenerAdapter - Downloaded https://repo.spring.io/milestone/io/smallrye/jandex/3.1.2/jandex-3.1.2-sources.jar
2025-05-25 10:21:12,621 [Worker-34: Download sources and javadoc] INFO  o.e.m.c.i.e.AbstractTransferListenerAdapter - Downloading https://repo.maven.apache.org/maven2/io/smallrye/jandex/3.1.2/jandex-3.1.2-sources.jar
2025-05-25 10:21:12,668 [Worker-34: Download sources and javadoc] INFO  o.e.m.c.i.e.AbstractTransferListenerAdapter - Downloaded https://repo.maven.apache.org/maven2/io/smallrye/jandex/3.1.2/jandex-3.1.2-sources.jar
2025-05-25 10:21:12,670 [Worker-34: Download sources and javadoc] INFO  o.e.m.j.internal.DownloadSourcesJob - Downloaded sources for io.smallrye:jandex:3.1.2
2025-05-25 10:21:13,529 [Worker-34: Download sources and javadoc] INFO  o.e.m.c.i.e.AbstractTransferListenerAdapter - Downloaded https://repo.spring.io/milestone/net/bytebuddy/byte-buddy/1.14.12/byte-buddy-1.14.12-sources.jar
2025-05-25 10:21:13,555 [Worker-34: Download sources and javadoc] INFO  o.e.m.c.i.e.AbstractTransferListenerAdapter - Downloading https://repo.maven.apache.org/maven2/net/bytebuddy/byte-buddy/1.14.12/byte-buddy-1.14.12-sources.jar
2025-05-25 10:21:14,074 [Worker-34: Download sources and javadoc] INFO  o.e.m.c.i.e.AbstractTransferListenerAdapter - Downloaded https://repo.maven.apache.org/maven2/net/bytebuddy/byte-buddy/1.14.12/byte-buddy-1.14.12-sources.jar
2025-05-25 10:21:14,076 [Worker-34: Download sources and javadoc] INFO  o.e.m.j.internal.DownloadSourcesJob - Downloaded sources for net.bytebuddy:byte-buddy:1.14.12
2025-05-25 10:21:15,679 [Worker-34: Download sources and javadoc] INFO  o.e.m.c.i.e.AbstractTransferListenerAdapter - Downloading https://repo.spring.io/milestone/org/springframework/data/spring-data-jpa/3.3.0-M2/spring-data-jpa-3.3.0-M2-sources.jar
2025-05-25 10:21:17,146 [Worker-34: Download sources and javadoc] INFO  o.e.m.c.i.e.AbstractTransferListenerAdapter - Downloaded https://repo.spring.io/milestone/org/springframework/data/spring-data-jpa/3.3.0-M2/spring-data-jpa-3.3.0-M2-sources.jar
2025-05-25 10:21:17,149 [Worker-34: Download sources and javadoc] INFO  o.e.m.j.internal.DownloadSourcesJob - Downloaded sources for org.springframework.data:spring-data-jpa:3.3.0-M2
2025-05-25 10:21:18,565 [Worker-34: Download sources and javadoc] INFO  o.e.m.c.i.e.AbstractTransferListenerAdapter - Downloading https://repo.spring.io/milestone/org/springframework/data/spring-data-commons/3.3.0-M2/spring-data-commons-3.3.0-M2-sources.jar
2025-05-25 10:21:20,274 [Worker-34: Download sources and javadoc] INFO  o.e.m.c.i.e.AbstractTransferListenerAdapter - Downloaded https://repo.spring.io/milestone/org/springframework/data/spring-data-commons/3.3.0-M2/spring-data-commons-3.3.0-M2-sources.jar
2025-05-25 10:21:20,277 [Worker-34: Download sources and javadoc] INFO  o.e.m.j.internal.DownloadSourcesJob - Downloaded sources for org.springframework.data:spring-data-commons:3.3.0-M2
2025-05-25 10:21:21,136 [Worker-34: Download sources and javadoc] INFO  o.e.m.c.i.e.AbstractTransferListenerAdapter - Downloaded https://repo.spring.io/milestone/org/springframework/spring-orm/6.1.5/spring-orm-6.1.5-sources.jar
2025-05-25 10:21:21,202 [Worker-34: Download sources and javadoc] INFO  o.e.m.c.i.e.AbstractTransferListenerAdapter - Downloading https://repo.maven.apache.org/maven2/org/springframework/spring-orm/6.1.5/spring-orm-6.1.5-sources.jar
2025-05-25 10:21:21,321 [Worker-34: Download sources and javadoc] INFO  o.e.m.c.i.e.AbstractTransferListenerAdapter - Downloaded https://repo.maven.apache.org/maven2/org/springframework/spring-orm/6.1.5/spring-orm-6.1.5-sources.jar
2025-05-25 10:21:21,324 [Worker-34: Download sources and javadoc] INFO  o.e.m.j.internal.DownloadSourcesJob - Downloaded sources for org.springframework:spring-orm:6.1.5
2025-05-25 10:21:22,181 [Worker-34: Download sources and javadoc] INFO  o.e.m.c.i.e.AbstractTransferListenerAdapter - Downloaded https://repo.spring.io/milestone/org/springframework/spring-tx/6.1.5/spring-tx-6.1.5-sources.jar
2025-05-25 10:21:22,210 [Worker-34: Download sources and javadoc] INFO  o.e.m.c.i.e.AbstractTransferListenerAdapter - Downloading https://repo.maven.apache.org/maven2/org/springframework/spring-tx/6.1.5/spring-tx-6.1.5-sources.jar
2025-05-25 10:21:22,297 [Worker-34: Download sources and javadoc] INFO  o.e.m.c.i.e.AbstractTransferListenerAdapter - Downloaded https://repo.maven.apache.org/maven2/org/springframework/spring-tx/6.1.5/spring-tx-6.1.5-sources.jar
2025-05-25 10:21:22,299 [Worker-34: Download sources and javadoc] INFO  o.e.m.j.internal.DownloadSourcesJob - Downloaded sources for org.springframework:spring-tx:6.1.5
2025-05-25 10:21:23,145 [Worker-34: Download sources and javadoc] INFO  o.e.m.c.i.e.AbstractTransferListenerAdapter - Downloaded https://repo.spring.io/milestone/org/slf4j/slf4j-api/2.0.12/slf4j-api-2.0.12-sources.jar
2025-05-25 10:21:23,171 [Worker-34: Download sources and javadoc] INFO  o.e.m.c.i.e.AbstractTransferListenerAdapter - Downloading https://repo.maven.apache.org/maven2/org/slf4j/slf4j-api/2.0.12/slf4j-api-2.0.12-sources.jar
2025-05-25 10:21:23,185 [Worker-34: Download sources and javadoc] INFO  o.e.m.c.i.e.AbstractTransferListenerAdapter - Downloaded https://repo.maven.apache.org/maven2/org/slf4j/slf4j-api/2.0.12/slf4j-api-2.0.12-sources.jar
2025-05-25 10:21:23,188 [Worker-34: Download sources and javadoc] INFO  o.e.m.j.internal.DownloadSourcesJob - Downloaded sources for org.slf4j:slf4j-api:2.0.12
2025-05-25 10:21:23,833 [Worker-34: Download sources and javadoc] INFO  o.e.m.c.i.e.AbstractTransferListenerAdapter - Downloaded https://repo.spring.io/milestone/org/springframework/spring-aspects/6.1.5/spring-aspects-6.1.5-sources.jar
2025-05-25 10:21:23,855 [Worker-34: Download sources and javadoc] INFO  o.e.m.c.i.e.AbstractTransferListenerAdapter - Downloading https://repo.maven.apache.org/maven2/org/springframework/spring-aspects/6.1.5/spring-aspects-6.1.5-sources.jar
2025-05-25 10:21:23,862 [Worker-34: Download sources and javadoc] INFO  o.e.m.c.i.e.AbstractTransferListenerAdapter - Downloaded https://repo.maven.apache.org/maven2/org/springframework/spring-aspects/6.1.5/spring-aspects-6.1.5-sources.jar
2025-05-25 10:21:23,864 [Worker-34: Download sources and javadoc] INFO  o.e.m.j.internal.DownloadSourcesJob - Downloaded sources for org.springframework:spring-aspects:6.1.5
2025-05-25 10:21:24,747 [Worker-34: Download sources and javadoc] INFO  o.e.m.c.i.e.AbstractTransferListenerAdapter - Downloading https://repo.spring.io/milestone/org/springframework/boot/spring-boot-starter-data-rest/3.3.0-M3/spring-boot-starter-data-rest-3.3.0-M3-sources.jar
2025-05-25 10:21:24,749 [Worker-34: Download sources and javadoc] INFO  o.e.m.c.i.e.AbstractTransferListenerAdapter - Downloaded https://repo.spring.io/milestone/org/springframework/boot/spring-boot-starter-data-rest/3.3.0-M3/spring-boot-starter-data-rest-3.3.0-M3-sources.jar
2025-05-25 10:21:24,752 [Worker-34: Download sources and javadoc] INFO  o.e.m.j.internal.DownloadSourcesJob - Downloaded sources for org.springframework.boot:spring-boot-starter-data-rest:3.3.0-M3
2025-05-25 10:21:26,359 [Worker-34: Download sources and javadoc] INFO  o.e.m.c.i.e.AbstractTransferListenerAdapter - Downloading https://repo.spring.io/milestone/org/springframework/data/spring-data-rest-webmvc/4.3.0-M2/spring-data-rest-webmvc-4.3.0-M2-sources.jar
2025-05-25 10:21:27,201 [Worker-34: Download sources and javadoc] INFO  o.e.m.c.i.e.AbstractTransferListenerAdapter - Downloaded https://repo.spring.io/milestone/org/springframework/data/spring-data-rest-webmvc/4.3.0-M2/spring-data-rest-webmvc-4.3.0-M2-sources.jar
2025-05-25 10:21:27,203 [Worker-34: Download sources and javadoc] INFO  o.e.m.j.internal.DownloadSourcesJob - Downloaded sources for org.springframework.data:spring-data-rest-webmvc:4.3.0-M2
2025-05-25 10:21:27,929 [Worker-34: Download sources and javadoc] INFO  o.e.m.c.i.e.AbstractTransferListenerAdapter - Downloading https://repo.spring.io/milestone/org/springframework/data/spring-data-rest-core/4.3.0-M2/spring-data-rest-core-4.3.0-M2-sources.jar
2025-05-25 10:21:28,567 [Worker-34: Download sources and javadoc] INFO  o.e.m.c.i.e.AbstractTransferListenerAdapter - Downloaded https://repo.spring.io/milestone/org/springframework/data/spring-data-rest-core/4.3.0-M2/spring-data-rest-core-4.3.0-M2-sources.jar
2025-05-25 10:21:28,570 [Worker-34: Download sources and javadoc] INFO  o.e.m.j.internal.DownloadSourcesJob - Downloaded sources for org.springframework.data:spring-data-rest-core:4.3.0-M2
2025-05-25 10:21:30,166 [Worker-34: Download sources and javadoc] INFO  o.e.m.c.i.e.AbstractTransferListenerAdapter - Downloading https://repo.spring.io/milestone/org/springframework/hateoas/spring-hateoas/2.3.0-M1/spring-hateoas-2.3.0-M1-sources.jar
2025-05-25 10:21:32,273 [Worker-34: Download sources and javadoc] INFO  o.e.m.c.i.e.AbstractTransferListenerAdapter - Downloaded https://repo.spring.io/milestone/org/springframework/hateoas/spring-hateoas/2.3.0-M1/spring-hateoas-2.3.0-M1-sources.jar
2025-05-25 10:21:32,276 [Worker-34: Download sources and javadoc] INFO  o.e.m.j.internal.DownloadSourcesJob - Downloaded sources for org.springframework.hateoas:spring-hateoas:2.3.0-M1
2025-05-25 10:21:33,124 [Worker-34: Download sources and javadoc] INFO  o.e.m.c.i.e.AbstractTransferListenerAdapter - Downloaded https://repo.spring.io/milestone/org/springframework/plugin/spring-plugin-core/3.0.0/spring-plugin-core-3.0.0-sources.jar
2025-05-25 10:21:33,149 [Worker-34: Download sources and javadoc] INFO  o.e.m.c.i.e.AbstractTransferListenerAdapter - Downloading https://repo.maven.apache.org/maven2/org/springframework/plugin/spring-plugin-core/3.0.0/spring-plugin-core-3.0.0-sources.jar
2025-05-25 10:21:33,156 [Worker-34: Download sources and javadoc] INFO  o.e.m.c.i.e.AbstractTransferListenerAdapter - Downloaded https://repo.maven.apache.org/maven2/org/springframework/plugin/spring-plugin-core/3.0.0/spring-plugin-core-3.0.0-sources.jar
2025-05-25 10:21:33,159 [Worker-34: Download sources and javadoc] INFO  o.e.m.j.internal.DownloadSourcesJob - Downloaded sources for org.springframework.plugin:spring-plugin-core:3.0.0
2025-05-25 10:21:34,017 [Worker-34: Download sources and javadoc] INFO  o.e.m.c.i.e.AbstractTransferListenerAdapter - Downloaded https://repo.spring.io/milestone/org/atteo/evo-inflector/1.3/evo-inflector-1.3-sources.jar
2025-05-25 10:21:34,049 [Worker-34: Download sources and javadoc] INFO  o.e.m.c.i.e.AbstractTransferListenerAdapter - Downloading https://repo.maven.apache.org/maven2/org/atteo/evo-inflector/1.3/evo-inflector-1.3-sources.jar
2025-05-25 10:21:34,052 [Worker-34: Download sources and javadoc] INFO  o.e.m.c.i.e.AbstractTransferListenerAdapter - Downloaded https://repo.maven.apache.org/maven2/org/atteo/evo-inflector/1.3/evo-inflector-1.3-sources.jar
2025-05-25 10:21:34,054 [Worker-34: Download sources and javadoc] INFO  o.e.m.j.internal.DownloadSourcesJob - Downloaded sources for org.atteo:evo-inflector:1.3
2025-05-25 10:21:34,907 [Worker-34: Download sources and javadoc] INFO  o.e.m.c.i.e.AbstractTransferListenerAdapter - Downloaded https://repo.spring.io/milestone/com/fasterxml/jackson/core/jackson-annotations/2.17.0/jackson-annotations-2.17.0-sources.jar
2025-05-25 10:21:34,932 [Worker-34: Download sources and javadoc] INFO  o.e.m.c.i.e.AbstractTransferListenerAdapter - Downloading https://repo.maven.apache.org/maven2/com/fasterxml/jackson/core/jackson-annotations/2.17.0/jackson-annotations-2.17.0-sources.jar
2025-05-25 10:21:34,955 [Worker-34: Download sources and javadoc] INFO  o.e.m.c.i.e.AbstractTransferListenerAdapter - Downloaded https://repo.maven.apache.org/maven2/com/fasterxml/jackson/core/jackson-annotations/2.17.0/jackson-annotations-2.17.0-sources.jar
2025-05-25 10:21:34,958 [Worker-34: Download sources and javadoc] INFO  o.e.m.j.internal.DownloadSourcesJob - Downloaded sources for com.fasterxml.jackson.core:jackson-annotations:2.17.0
2025-05-25 10:21:35,813 [Worker-34: Download sources and javadoc] INFO  o.e.m.c.i.e.AbstractTransferListenerAdapter - Downloaded https://repo.spring.io/milestone/com/h2database/h2/2.2.224/h2-2.2.224-sources.jar
2025-05-25 10:21:35,836 [Worker-34: Download sources and javadoc] INFO  o.e.m.c.i.e.AbstractTransferListenerAdapter - Downloading https://repo.maven.apache.org/maven2/com/h2database/h2/2.2.224/h2-2.2.224-sources.jar
2025-05-25 10:21:36,398 [Worker-34: Download sources and javadoc] INFO  o.e.m.c.i.e.AbstractTransferListenerAdapter - Downloaded https://repo.maven.apache.org/maven2/com/h2database/h2/2.2.224/h2-2.2.224-sources.jar
2025-05-25 10:21:36,400 [Worker-34: Download sources and javadoc] INFO  o.e.m.j.internal.DownloadSourcesJob - Downloaded sources for com.h2database:h2:2.2.224
2025-05-25 10:21:37,331 [Worker-34: Download sources and javadoc] INFO  o.e.m.c.i.e.AbstractTransferListenerAdapter - Downloading https://repo.spring.io/milestone/org/springframework/boot/spring-boot-devtools/3.3.0-M3/spring-boot-devtools-3.3.0-M3-sources.jar
2025-05-25 10:21:37,983 [Worker-34: Download sources and javadoc] INFO  o.e.m.c.i.e.AbstractTransferListenerAdapter - Downloaded https://repo.spring.io/milestone/org/springframework/boot/spring-boot-devtools/3.3.0-M3/spring-boot-devtools-3.3.0-M3-sources.jar
2025-05-25 10:21:37,985 [Worker-34: Download sources and javadoc] INFO  o.e.m.j.internal.DownloadSourcesJob - Downloaded sources for org.springframework.boot:spring-boot-devtools:3.3.0-M3
2025-05-25 10:21:39,359 [Worker-34: Download sources and javadoc] INFO  o.e.m.c.i.e.AbstractTransferListenerAdapter - Downloading https://repo.spring.io/milestone/org/springframework/boot/spring-boot/3.3.0-M3/spring-boot-3.3.0-M3-sources.jar
2025-05-25 10:21:41,104 [Worker-34: Download sources and javadoc] INFO  o.e.m.c.i.e.AbstractTransferListenerAdapter - Downloaded https://repo.spring.io/milestone/org/springframework/boot/spring-boot/3.3.0-M3/spring-boot-3.3.0-M3-sources.jar
2025-05-25 10:21:41,106 [Worker-34: Download sources and javadoc] INFO  o.e.m.j.internal.DownloadSourcesJob - Downloaded sources for org.springframework.boot:spring-boot:3.3.0-M3
2025-05-25 10:21:42,733 [Worker-34: Download sources and javadoc] INFO  o.e.m.c.i.e.AbstractTransferListenerAdapter - Downloading https://repo.spring.io/milestone/org/springframework/boot/spring-boot-autoconfigure/3.3.0-M3/spring-boot-autoconfigure-3.3.0-M3-sources.jar
2025-05-25 10:21:44,339 [Worker-34: Download sources and javadoc] INFO  o.e.m.c.i.e.AbstractTransferListenerAdapter - Downloaded https://repo.spring.io/milestone/org/springframework/boot/spring-boot-autoconfigure/3.3.0-M3/spring-boot-autoconfigure-3.3.0-M3-sources.jar
2025-05-25 10:21:44,340 [Worker-34: Download sources and javadoc] INFO  o.e.m.j.internal.DownloadSourcesJob - Downloaded sources for org.springframework.boot:spring-boot-autoconfigure:3.3.0-M3
2025-05-25 10:21:45,032 [Worker-34: Download sources and javadoc] INFO  o.e.m.c.i.e.AbstractTransferListenerAdapter - Downloading https://repo.spring.io/milestone/org/springframework/boot/spring-boot-starter-test/3.3.0-M3/spring-boot-starter-test-3.3.0-M3-sources.jar
2025-05-25 10:21:45,035 [Worker-34: Download sources and javadoc] INFO  o.e.m.c.i.e.AbstractTransferListenerAdapter - Downloaded https://repo.spring.io/milestone/org/springframework/boot/spring-boot-starter-test/3.3.0-M3/spring-boot-starter-test-3.3.0-M3-sources.jar
2025-05-25 10:21:45,036 [Worker-34: Download sources and javadoc] INFO  o.e.m.j.internal.DownloadSourcesJob - Downloaded sources for org.springframework.boot:spring-boot-starter-test:3.3.0-M3
2025-05-25 10:21:45,954 [Worker-34: Download sources and javadoc] INFO  o.e.m.c.i.e.AbstractTransferListenerAdapter - Downloading https://repo.spring.io/milestone/org/springframework/boot/spring-boot-test/3.3.0-M3/spring-boot-test-3.3.0-M3-sources.jar
2025-05-25 10:21:46,786 [Worker-34: Download sources and javadoc] INFO  o.e.m.c.i.e.AbstractTransferListenerAdapter - Downloaded https://repo.spring.io/milestone/org/springframework/boot/spring-boot-test/3.3.0-M3/spring-boot-test-3.3.0-M3-sources.jar
2025-05-25 10:21:46,788 [Worker-34: Download sources and javadoc] INFO  o.e.m.j.internal.DownloadSourcesJob - Downloaded sources for org.springframework.boot:spring-boot-test:3.3.0-M3
2025-05-25 10:21:48,167 [Worker-34: Download sources and javadoc] INFO  o.e.m.c.i.e.AbstractTransferListenerAdapter - Downloading https://repo.spring.io/milestone/org/springframework/boot/spring-boot-test-autoconfigure/3.3.0-M3/spring-boot-test-autoconfigure-3.3.0-M3-sources.jar
2025-05-25 10:21:49,014 [Worker-34: Download sources and javadoc] INFO  o.e.m.c.i.e.AbstractTransferListenerAdapter - Downloaded https://repo.spring.io/milestone/org/springframework/boot/spring-boot-test-autoconfigure/3.3.0-M3/spring-boot-test-autoconfigure-3.3.0-M3-sources.jar
2025-05-25 10:21:49,016 [Worker-34: Download sources and javadoc] INFO  o.e.m.j.internal.DownloadSourcesJob - Downloaded sources for org.springframework.boot:spring-boot-test-autoconfigure:3.3.0-M3
2025-05-25 10:21:49,867 [Worker-34: Download sources and javadoc] INFO  o.e.m.c.i.e.AbstractTransferListenerAdapter - Downloaded https://repo.spring.io/milestone/net/minidev/json-smart/2.5.0/json-smart-2.5.0-sources.jar
2025-05-25 10:21:49,890 [Worker-34: Download sources and javadoc] INFO  o.e.m.c.i.e.AbstractTransferListenerAdapter - Downloading https://repo.maven.apache.org/maven2/net/minidev/json-smart/2.5.0/json-smart-2.5.0-sources.jar
2025-05-25 10:21:49,906 [Worker-34: Download sources and javadoc] INFO  o.e.m.c.i.e.AbstractTransferListenerAdapter - Downloaded https://repo.maven.apache.org/maven2/net/minidev/json-smart/2.5.0/json-smart-2.5.0-sources.jar
2025-05-25 10:21:49,908 [Worker-34: Download sources and javadoc] INFO  o.e.m.j.internal.DownloadSourcesJob - Downloaded sources for net.minidev:json-smart:2.5.0
2025-05-25 10:21:50,559 [Worker-34: Download sources and javadoc] INFO  o.e.m.c.i.e.AbstractTransferListenerAdapter - Downloaded https://repo.spring.io/milestone/net/minidev/accessors-smart/2.5.0/accessors-smart-2.5.0-sources.jar
2025-05-25 10:21:50,584 [Worker-34: Download sources and javadoc] INFO  o.e.m.c.i.e.AbstractTransferListenerAdapter - Downloading https://repo.maven.apache.org/maven2/net/minidev/accessors-smart/2.5.0/accessors-smart-2.5.0-sources.jar
2025-05-25 10:21:50,590 [Worker-34: Download sources and javadoc] INFO  o.e.m.c.i.e.AbstractTransferListenerAdapter - Downloaded https://repo.maven.apache.org/maven2/net/minidev/accessors-smart/2.5.0/accessors-smart-2.5.0-sources.jar
2025-05-25 10:21:50,593 [Worker-34: Download sources and javadoc] INFO  o.e.m.j.internal.DownloadSourcesJob - Downloaded sources for net.minidev:accessors-smart:2.5.0
2025-05-25 10:21:51,455 [Worker-34: Download sources and javadoc] INFO  o.e.m.c.i.e.AbstractTransferListenerAdapter - Downloaded https://repo.spring.io/milestone/org/ow2/asm/asm/9.3/asm-9.3-sources.jar
2025-05-25 10:21:51,497 [Worker-34: Download sources and javadoc] INFO  o.e.m.c.i.e.AbstractTransferListenerAdapter - Downloading https://repo.maven.apache.org/maven2/org/ow2/asm/asm/9.3/asm-9.3-sources.jar
2025-05-25 10:21:51,529 [Worker-34: Download sources and javadoc] INFO  o.e.m.c.i.e.AbstractTransferListenerAdapter - Downloaded https://repo.maven.apache.org/maven2/org/ow2/asm/asm/9.3/asm-9.3-sources.jar
2025-05-25 10:21:51,532 [Worker-34: Download sources and javadoc] INFO  o.e.m.j.internal.DownloadSourcesJob - Downloaded sources for org.ow2.asm:asm:9.3
2025-05-25 10:21:52,155 [Worker-34: Download sources and javadoc] INFO  o.e.m.c.i.e.AbstractTransferListenerAdapter - Downloaded https://repo.spring.io/milestone/org/assertj/assertj-core/3.25.3/assertj-core-3.25.3-sources.jar
2025-05-25 10:21:52,177 [Worker-34: Download sources and javadoc] INFO  o.e.m.c.i.e.AbstractTransferListenerAdapter - Downloading https://repo.maven.apache.org/maven2/org/assertj/assertj-core/3.25.3/assertj-core-3.25.3-sources.jar
2025-05-25 10:21:52,385 [Worker-34: Download sources and javadoc] INFO  o.e.m.c.i.e.AbstractTransferListenerAdapter - Downloaded https://repo.maven.apache.org/maven2/org/assertj/assertj-core/3.25.3/assertj-core-3.25.3-sources.jar
2025-05-25 10:21:52,387 [Worker-34: Download sources and javadoc] INFO  o.e.m.j.internal.DownloadSourcesJob - Downloaded sources for org.assertj:assertj-core:3.25.3
2025-05-25 10:21:53,237 [Worker-34: Download sources and javadoc] INFO  o.e.m.c.i.e.AbstractTransferListenerAdapter - Downloaded https://repo.spring.io/milestone/org/awaitility/awaitility/4.2.0/awaitility-4.2.0-sources.jar
2025-05-25 10:21:53,263 [Worker-34: Download sources and javadoc] INFO  o.e.m.c.i.e.AbstractTransferListenerAdapter - Downloading https://repo.maven.apache.org/maven2/org/awaitility/awaitility/4.2.0/awaitility-4.2.0-sources.jar
2025-05-25 10:21:53,275 [Worker-34: Download sources and javadoc] INFO  o.e.m.c.i.e.AbstractTransferListenerAdapter - Downloaded https://repo.maven.apache.org/maven2/org/awaitility/awaitility/4.2.0/awaitility-4.2.0-sources.jar
2025-05-25 10:21:53,277 [Worker-34: Download sources and javadoc] INFO  o.e.m.j.internal.DownloadSourcesJob - Downloaded sources for org.awaitility:awaitility:4.2.0
2025-05-25 10:21:53,926 [Worker-34: Download sources and javadoc] INFO  o.e.m.c.i.e.AbstractTransferListenerAdapter - Downloaded https://repo.spring.io/milestone/org/junit/jupiter/junit-jupiter/5.10.2/junit-jupiter-5.10.2-sources.jar
2025-05-25 10:21:53,948 [Worker-34: Download sources and javadoc] INFO  o.e.m.c.i.e.AbstractTransferListenerAdapter - Downloading https://repo.maven.apache.org/maven2/org/junit/jupiter/junit-jupiter/5.10.2/junit-jupiter-5.10.2-sources.jar
2025-05-25 10:21:53,951 [Worker-34: Download sources and javadoc] INFO  o.e.m.c.i.e.AbstractTransferListenerAdapter - Downloaded https://repo.maven.apache.org/maven2/org/junit/jupiter/junit-jupiter/5.10.2/junit-jupiter-5.10.2-sources.jar
2025-05-25 10:21:53,953 [Worker-34: Download sources and javadoc] INFO  o.e.m.j.internal.DownloadSourcesJob - Downloaded sources for org.junit.jupiter:junit-jupiter:5.10.2
2025-05-25 10:21:54,801 [Worker-34: Download sources and javadoc] INFO  o.e.m.c.i.e.AbstractTransferListenerAdapter - Downloaded https://repo.spring.io/milestone/org/junit/jupiter/junit-jupiter-api/5.10.2/junit-jupiter-api-5.10.2-sources.jar
2025-05-25 10:21:54,832 [Worker-34: Download sources and javadoc] INFO  o.e.m.c.i.e.AbstractTransferListenerAdapter - Downloading https://repo.maven.apache.org/maven2/org/junit/jupiter/junit-jupiter-api/5.10.2/junit-jupiter-api-5.10.2-sources.jar
2025-05-25 10:21:54,920 [Worker-34: Download sources and javadoc] INFO  o.e.m.c.i.e.AbstractTransferListenerAdapter - Downloaded https://repo.maven.apache.org/maven2/org/junit/jupiter/junit-jupiter-api/5.10.2/junit-jupiter-api-5.10.2-sources.jar
2025-05-25 10:21:54,922 [Worker-34: Download sources and javadoc] INFO  o.e.m.j.internal.DownloadSourcesJob - Downloaded sources for org.junit.jupiter:junit-jupiter-api:5.10.2
2025-05-25 10:21:55,762 [Worker-34: Download sources and javadoc] INFO  o.e.m.c.i.e.AbstractTransferListenerAdapter - Downloaded https://repo.spring.io/milestone/org/junit/platform/junit-platform-commons/1.10.2/junit-platform-commons-1.10.2-sources.jar
2025-05-25 10:21:55,783 [Worker-34: Download sources and javadoc] INFO  o.e.m.c.i.e.AbstractTransferListenerAdapter - Downloading https://repo.maven.apache.org/maven2/org/junit/platform/junit-platform-commons/1.10.2/junit-platform-commons-1.10.2-sources.jar
2025-05-25 10:21:55,797 [Worker-34: Download sources and javadoc] INFO  o.e.m.c.i.e.AbstractTransferListenerAdapter - Downloaded https://repo.maven.apache.org/maven2/org/junit/platform/junit-platform-commons/1.10.2/junit-platform-commons-1.10.2-sources.jar
2025-05-25 10:21:55,798 [Worker-34: Download sources and javadoc] INFO  o.e.m.j.internal.DownloadSourcesJob - Downloaded sources for org.junit.platform:junit-platform-commons:1.10.2
2025-05-25 10:21:56,648 [Worker-34: Download sources and javadoc] INFO  o.e.m.c.i.e.AbstractTransferListenerAdapter - Downloaded https://repo.spring.io/milestone/org/junit/jupiter/junit-jupiter-params/5.10.2/junit-jupiter-params-5.10.2-sources.jar
2025-05-25 10:21:56,666 [Worker-34: Download sources and javadoc] INFO  o.e.m.c.i.e.AbstractTransferListenerAdapter - Downloading https://repo.maven.apache.org/maven2/org/junit/jupiter/junit-jupiter-params/5.10.2/junit-jupiter-params-5.10.2-sources.jar
2025-05-25 10:21:56,678 [Worker-34: Download sources and javadoc] INFO  o.e.m.c.i.e.AbstractTransferListenerAdapter - Downloaded https://repo.maven.apache.org/maven2/org/junit/jupiter/junit-jupiter-params/5.10.2/junit-jupiter-params-5.10.2-sources.jar
2025-05-25 10:21:56,680 [Worker-34: Download sources and javadoc] INFO  o.e.m.j.internal.DownloadSourcesJob - Downloaded sources for org.junit.jupiter:junit-jupiter-params:5.10.2
2025-05-25 10:21:57,511 [Worker-34: Download sources and javadoc] INFO  o.e.m.c.i.e.AbstractTransferListenerAdapter - Downloaded https://repo.spring.io/milestone/org/junit/jupiter/junit-jupiter-engine/5.10.2/junit-jupiter-engine-5.10.2-sources.jar
2025-05-25 10:21:57,559 [Worker-34: Download sources and javadoc] INFO  o.e.m.c.i.e.AbstractTransferListenerAdapter - Downloading https://repo.maven.apache.org/maven2/org/junit/jupiter/junit-jupiter-engine/5.10.2/junit-jupiter-engine-5.10.2-sources.jar
2025-05-25 10:21:57,602 [Worker-34: Download sources and javadoc] INFO  o.e.m.c.i.e.AbstractTransferListenerAdapter - Downloaded https://repo.maven.apache.org/maven2/org/junit/jupiter/junit-jupiter-engine/5.10.2/junit-jupiter-engine-5.10.2-sources.jar
2025-05-25 10:21:57,604 [Worker-34: Download sources and javadoc] INFO  o.e.m.j.internal.DownloadSourcesJob - Downloaded sources for org.junit.jupiter:junit-jupiter-engine:5.10.2
2025-05-25 10:21:58,236 [Worker-34: Download sources and javadoc] INFO  o.e.m.c.i.e.AbstractTransferListenerAdapter - Downloaded https://repo.spring.io/milestone/org/junit/platform/junit-platform-engine/1.10.2/junit-platform-engine-1.10.2-sources.jar
2025-05-25 10:21:58,257 [Worker-34: Download sources and javadoc] INFO  o.e.m.c.i.e.AbstractTransferListenerAdapter - Downloading https://repo.maven.apache.org/maven2/org/junit/platform/junit-platform-engine/1.10.2/junit-platform-engine-1.10.2-sources.jar
2025-05-25 10:21:58,276 [Worker-34: Download sources and javadoc] INFO  o.e.m.c.i.e.AbstractTransferListenerAdapter - Downloaded https://repo.maven.apache.org/maven2/org/junit/platform/junit-platform-engine/1.10.2/junit-platform-engine-1.10.2-sources.jar
2025-05-25 10:21:58,278 [Worker-34: Download sources and javadoc] INFO  o.e.m.j.internal.DownloadSourcesJob - Downloaded sources for org.junit.platform:junit-platform-engine:1.10.2
2025-05-25 10:21:59,140 [Worker-34: Download sources and javadoc] INFO  o.e.m.c.i.e.AbstractTransferListenerAdapter - Downloaded https://repo.spring.io/milestone/org/mockito/mockito-core/5.11.0/mockito-core-5.11.0-sources.jar
2025-05-25 10:21:59,170 [Worker-34: Download sources and javadoc] INFO  o.e.m.c.i.e.AbstractTransferListenerAdapter - Downloading https://repo.maven.apache.org/maven2/org/mockito/mockito-core/5.11.0/mockito-core-5.11.0-sources.jar
2025-05-25 10:21:59,392 [Worker-34: Download sources and javadoc] INFO  o.e.m.c.i.e.AbstractTransferListenerAdapter - Downloaded https://repo.maven.apache.org/maven2/org/mockito/mockito-core/5.11.0/mockito-core-5.11.0-sources.jar
2025-05-25 10:21:59,394 [Worker-34: Download sources and javadoc] INFO  o.e.m.j.internal.DownloadSourcesJob - Downloaded sources for org.mockito:mockito-core:5.11.0
2025-05-25 10:22:00,260 [Worker-34: Download sources and javadoc] INFO  o.e.m.c.i.e.AbstractTransferListenerAdapter - Downloaded https://repo.spring.io/milestone/net/bytebuddy/byte-buddy-agent/1.14.12/byte-buddy-agent-1.14.12-sources.jar
2025-05-25 10:22:00,280 [Worker-34: Download sources and javadoc] INFO  o.e.m.c.i.e.AbstractTransferListenerAdapter - Downloading https://repo.maven.apache.org/maven2/net/bytebuddy/byte-buddy-agent/1.14.12/byte-buddy-agent-1.14.12-sources.jar
2025-05-25 10:22:00,316 [Worker-34: Download sources and javadoc] INFO  o.e.m.c.i.e.AbstractTransferListenerAdapter - Downloaded https://repo.maven.apache.org/maven2/net/bytebuddy/byte-buddy-agent/1.14.12/byte-buddy-agent-1.14.12-sources.jar
2025-05-25 10:22:00,317 [Worker-34: Download sources and javadoc] INFO  o.e.m.j.internal.DownloadSourcesJob - Downloaded sources for net.bytebuddy:byte-buddy-agent:1.14.12
2025-05-25 10:22:01,157 [Worker-34: Download sources and javadoc] INFO  o.e.m.c.i.e.AbstractTransferListenerAdapter - Downloaded https://repo.spring.io/milestone/org/mockito/mockito-junit-jupiter/5.11.0/mockito-junit-jupiter-5.11.0-sources.jar
2025-05-25 10:22:01,177 [Worker-34: Download sources and javadoc] INFO  o.e.m.c.i.e.AbstractTransferListenerAdapter - Downloading https://repo.maven.apache.org/maven2/org/mockito/mockito-junit-jupiter/5.11.0/mockito-junit-jupiter-5.11.0-sources.jar
2025-05-25 10:22:01,180 [Worker-34: Download sources and javadoc] INFO  o.e.m.c.i.e.AbstractTransferListenerAdapter - Downloaded https://repo.maven.apache.org/maven2/org/mockito/mockito-junit-jupiter/5.11.0/mockito-junit-jupiter-5.11.0-sources.jar
2025-05-25 10:22:01,181 [Worker-34: Download sources and javadoc] INFO  o.e.m.j.internal.DownloadSourcesJob - Downloaded sources for org.mockito:mockito-junit-jupiter:5.11.0
2025-05-25 10:22:01,824 [Worker-34: Download sources and javadoc] INFO  o.e.m.c.i.e.AbstractTransferListenerAdapter - Downloaded https://repo.spring.io/milestone/org/skyscreamer/jsonassert/1.5.1/jsonassert-1.5.1-sources.jar
2025-05-25 10:22:01,845 [Worker-34: Download sources and javadoc] INFO  o.e.m.c.i.e.AbstractTransferListenerAdapter - Downloading https://repo.maven.apache.org/maven2/org/skyscreamer/jsonassert/1.5.1/jsonassert-1.5.1-sources.jar
2025-05-25 10:22:01,850 [Worker-34: Download sources and javadoc] INFO  o.e.m.c.i.e.AbstractTransferListenerAdapter - Downloaded https://repo.maven.apache.org/maven2/org/skyscreamer/jsonassert/1.5.1/jsonassert-1.5.1-sources.jar
2025-05-25 10:22:01,852 [Worker-34: Download sources and javadoc] INFO  o.e.m.j.internal.DownloadSourcesJob - Downloaded sources for org.skyscreamer:jsonassert:1.5.1
2025-05-25 10:22:02,479 [Worker-34: Download sources and javadoc] INFO  o.e.m.c.i.e.AbstractTransferListenerAdapter - Downloaded https://repo.spring.io/milestone/org/springframework/spring-core/6.1.5/spring-core-6.1.5-sources.jar
2025-05-25 10:22:02,502 [Worker-34: Download sources and javadoc] INFO  o.e.m.c.i.e.AbstractTransferListenerAdapter - Downloading https://repo.maven.apache.org/maven2/org/springframework/spring-core/6.1.5/spring-core-6.1.5-sources.jar
2025-05-25 10:22:02,709 [Worker-34: Download sources and javadoc] INFO  o.e.m.c.i.e.AbstractTransferListenerAdapter - Downloaded https://repo.maven.apache.org/maven2/org/springframework/spring-core/6.1.5/spring-core-6.1.5-sources.jar
2025-05-25 10:22:02,710 [Worker-34: Download sources and javadoc] INFO  o.e.m.j.internal.DownloadSourcesJob - Downloaded sources for org.springframework:spring-core:6.1.5
2025-05-25 10:22:03,345 [Worker-34: Download sources and javadoc] INFO  o.e.m.c.i.e.AbstractTransferListenerAdapter - Downloaded https://repo.spring.io/milestone/org/springframework/spring-jcl/6.1.5/spring-jcl-6.1.5-sources.jar
2025-05-25 10:22:03,367 [Worker-34: Download sources and javadoc] INFO  o.e.m.c.i.e.AbstractTransferListenerAdapter - Downloading https://repo.maven.apache.org/maven2/org/springframework/spring-jcl/6.1.5/spring-jcl-6.1.5-sources.jar
2025-05-25 10:22:03,375 [Worker-34: Download sources and javadoc] INFO  o.e.m.c.i.e.AbstractTransferListenerAdapter - Downloaded https://repo.maven.apache.org/maven2/org/springframework/spring-jcl/6.1.5/spring-jcl-6.1.5-sources.jar
2025-05-25 10:22:03,376 [Worker-34: Download sources and javadoc] INFO  o.e.m.j.internal.DownloadSourcesJob - Downloaded sources for org.springframework:spring-jcl:6.1.5
2025-05-25 10:22:04,216 [Worker-34: Download sources and javadoc] INFO  o.e.m.c.i.e.AbstractTransferListenerAdapter - Downloaded https://repo.spring.io/milestone/org/springframework/spring-test/6.1.5/spring-test-6.1.5-sources.jar
2025-05-25 10:22:04,238 [Worker-34: Download sources and javadoc] INFO  o.e.m.c.i.e.AbstractTransferListenerAdapter - Downloading https://repo.maven.apache.org/maven2/org/springframework/spring-test/6.1.5/spring-test-6.1.5-sources.jar
2025-05-25 10:22:04,358 [Worker-34: Download sources and javadoc] INFO  o.e.m.c.i.e.AbstractTransferListenerAdapter - Downloaded https://repo.maven.apache.org/maven2/org/springframework/spring-test/6.1.5/spring-test-6.1.5-sources.jar
2025-05-25 10:22:04,360 [Worker-34: Download sources and javadoc] INFO  o.e.m.j.internal.DownloadSourcesJob - Downloaded sources for org.springframework:spring-test:6.1.5
2025-05-25 10:22:05,197 [Worker-34: Download sources and javadoc] INFO  o.e.m.c.i.e.AbstractTransferListenerAdapter - Downloaded https://repo.spring.io/milestone/org/xmlunit/xmlunit-core/2.9.1/xmlunit-core-2.9.1-sources.jar
2025-05-25 10:22:05,221 [Worker-34: Download sources and javadoc] INFO  o.e.m.c.i.e.AbstractTransferListenerAdapter - Downloading https://repo.maven.apache.org/maven2/org/xmlunit/xmlunit-core/2.9.1/xmlunit-core-2.9.1-sources.jar
2025-05-25 10:22:05,235 [Worker-34: Download sources and javadoc] INFO  o.e.m.c.i.e.AbstractTransferListenerAdapter - Downloaded https://repo.maven.apache.org/maven2/org/xmlunit/xmlunit-core/2.9.1/xmlunit-core-2.9.1-sources.jar
2025-05-25 10:22:05,238 [Worker-34: Download sources and javadoc] INFO  o.e.m.j.internal.DownloadSourcesJob - Downloaded sources for org.xmlunit:xmlunit-core:2.9.1
2025-05-25 10:22:18,520 [Worker-36: Updating Maven Project] INFO  o.e.m.c.i.p.ProjectConfigurationManager - Update started
2025-05-25 10:22:18,739 [Worker-36: Updating Maven Project] INFO  o.e.m.c.i.l.LifecycleMappingFactory - Using org.eclipse.m2e.jdt.JarLifecycleMapping lifecycle mapping for MavenProject: com.cg.springboot:first-rest-api:0.0.1-SNAPSHOT @ C:\DevOps\dockerProj\Java-SpringMVC-Boot\pom.xml.
2025-05-25 10:22:19,211 [Worker-36: Updating Maven Project] ERROR o.e.m.c.i.p.ProjectConfigurationManager - Could not read maven project
org.eclipse.core.runtime.CoreException: Could not read maven project
	at org.eclipse.m2e.core.internal.embedder.MavenImpl.lambda$4(MavenImpl.java:371)
	at org.eclipse.m2e.core.internal.embedder.MavenExecutionContext.executeBare(MavenExecutionContext.java:458)
	at org.eclipse.m2e.core.internal.embedder.MavenExecutionContext.execute(MavenExecutionContext.java:292)
	at org.eclipse.m2e.core.internal.embedder.MavenExecutionContext.execute(MavenExecutionContext.java:278)
	at org.eclipse.m2e.core.internal.embedder.MavenImpl.readProject(MavenImpl.java:361)
	at org.eclipse.m2e.mavenarchiver.internal.AbstractMavenArchiverConfigurator.lambda$4(AbstractMavenArchiverConfigurator.java:576)
	at org.eclipse.m2e.core.internal.embedder.MavenExecutionContext.executeBare(MavenExecutionContext.java:458)
	at org.eclipse.m2e.core.internal.embedder.MavenExecutionContext.execute(MavenExecutionContext.java:339)
	at org.eclipse.m2e.mavenarchiver.internal.AbstractMavenArchiverConfigurator.loadParentHierarchy(AbstractMavenArchiverConfigurator.java:568)
	at org.eclipse.m2e.mavenarchiver.internal.AbstractMavenArchiverConfigurator.generateManifest(AbstractMavenArchiverConfigurator.java:365)
	at org.eclipse.m2e.mavenarchiver.internal.AbstractMavenArchiverConfigurator.mavenProjectChanged(AbstractMavenArchiverConfigurator.java:228)
	at org.eclipse.m2e.mavenarchiver.internal.AbstractMavenArchiverConfigurator.mavenProjectChanged(AbstractMavenArchiverConfigurator.java:220)
	at org.eclipse.m2e.core.internal.project.ProjectConfigurationManager.mavenProjectChanged(ProjectConfigurationManager.java:885)
	at org.eclipse.m2e.core.internal.project.registry.ProjectRegistryManager.notifyProjectChangeListeners(ProjectRegistryManager.java:892)
	at org.eclipse.m2e.core.internal.project.registry.ProjectRegistryManager.applyMutableProjectRegistry(ProjectRegistryManager.java:1042)
	at org.eclipse.m2e.core.internal.project.registry.ProjectRegistryManager.refresh(ProjectRegistryManager.java:324)
	at org.eclipse.m2e.core.internal.project.ProjectConfigurationManager.updateProjectConfiguration0(ProjectConfigurationManager.java:388)
	at org.eclipse.m2e.core.internal.project.ProjectConfigurationManager.lambda$3(ProjectConfigurationManager.java:340)
	at org.eclipse.m2e.core.internal.embedder.MavenExecutionContext.executeBare(MavenExecutionContext.java:458)
	at org.eclipse.m2e.core.internal.embedder.MavenExecutionContext.execute(MavenExecutionContext.java:339)
	at org.eclipse.m2e.core.internal.embedder.MavenExecutionContext.execute(MavenExecutionContext.java:278)
	at org.eclipse.m2e.core.internal.embedder.MavenImpl.execute(MavenImpl.java:1053)
	at org.eclipse.m2e.core.internal.project.ProjectConfigurationManager.updateProjectConfiguration(ProjectConfigurationManager.java:339)
	at org.eclipse.m2e.core.ui.internal.UpdateMavenProjectJob.runInWorkspace(UpdateMavenProjectJob.java:80)
	at org.eclipse.core.internal.resources.InternalWorkspaceJob.run(InternalWorkspaceJob.java:43)
	at org.eclipse.core.internal.jobs.Worker.run(Worker.java:63)
Caused by: org.apache.maven.project.ProjectBuildingException: 1 problem was encountered while building the effective model
[FATAL] Non-readable POM C:\DevOps\dockerProj\Java-SpringMVC-Boot: C:\DevOps\dockerProj\Java-SpringMVC-Boot (Access is denied) @ 
 for project  at C:\DevOps\dockerProj\Java-SpringMVC-Boot
	at org.apache.maven.project.DefaultProjectBuilder.build(DefaultProjectBuilder.java:180)
	at org.apache.maven.project.DefaultProjectBuilder.build(DefaultProjectBuilder.java:123)
	at org.eclipse.m2e.core.internal.embedder.MavenImpl.lambda$4(MavenImpl.java:369)
	... 25 common frames omitted
Caused by: org.apache.maven.model.building.ModelBuildingException: 1 problem was encountered while building the effective model
[FATAL] Non-readable POM C:\DevOps\dockerProj\Java-SpringMVC-Boot: C:\DevOps\dockerProj\Java-SpringMVC-Boot (Access is denied) @ 

	at org.apache.maven.model.building.DefaultModelProblemCollector.newModelBuildingException(DefaultModelProblemCollector.java:176)
	at org.apache.maven.model.building.DefaultModelBuilder.readModel(DefaultModelBuilder.java:642)
	at org.apache.maven.model.building.DefaultModelBuilder.build(DefaultModelBuilder.java:262)
	at org.apache.maven.model.building.DefaultModelBuilder.build(DefaultModelBuilder.java:248)
	at org.apache.maven.project.DefaultProjectBuilder.build(DefaultProjectBuilder.java:176)
	... 27 common frames omitted
2025-05-25 10:22:19,475 [Worker-36: Updating Maven Project] INFO  o.e.m.j.i.AbstractJavaProjectConfigurator - Adding resource folder /Java-SpringMVC-Boot/src/main/resources
2025-05-25 10:22:19,476 [Worker-36: Updating Maven Project] INFO  o.e.m.j.i.AbstractJavaProjectConfigurator - Adding resource folder /Java-SpringMVC-Boot/src/main/resources
2025-05-25 10:22:19,477 [Worker-36: Updating Maven Project] INFO  o.e.m.j.i.AbstractJavaProjectConfigurator - Adding resource folder /Java-SpringMVC-Boot/src/test/resources
2025-05-25 10:22:19,728 [Worker-36: Updating Maven Project] INFO  o.e.m.c.i.p.ProjectConfigurationManager - Update completed for 1 poms: local refresh takes 0.00 sec, refresh facades takes 0.00 sec, update config takes 0.00 sec 
2025-05-25 10:22:19,979 [Worker-34: Building] INFO  o.a.m.s.f.DefaultMavenResourcesFiltering - Copying 1 resource from src\main\resources to target\classes
2025-05-25 10:22:20,006 [Worker-34: Building] INFO  o.a.m.s.f.DefaultMavenResourcesFiltering - Copying 0 resource from src\main\resources to target\classes
2025-05-25 10:22:20,013 [Worker-34: Building] INFO  o.a.m.s.f.DefaultMavenResourcesFiltering - skip non existing resourceDirectory C:\DevOps\dockerProj\Java-SpringMVC-Boot\src\test\resources
2025-05-25 10:22:44,677 [Worker-34: Building] INFO  o.a.m.s.f.DefaultMavenResourcesFiltering - Copying 1 resource from src\main\resources to target\classes
2025-05-25 10:22:44,678 [Worker-34: Building] INFO  o.a.m.s.f.DefaultMavenResourcesFiltering - Copying 0 resource from src\main\resources to target\classes
2025-05-25 10:22:44,681 [Worker-34: Building] INFO  o.a.m.s.f.DefaultMavenResourcesFiltering - skip non existing resourceDirectory C:\DevOps\dockerProj\Java-SpringMVC-Boot\src\test\resources
2025-05-25 10:22:53,551 [Worker-37: Building] INFO  o.e.m.c.i.l.LifecycleMappingFactory - Using org.eclipse.m2e.jdt.JarLifecycleMapping lifecycle mapping for MavenProject: com.cg.springboot:first-rest-api:0.0.1-SNAPSHOT @ C:\DevOps\dockerProj\Java-SpringMVC-Boot\pom.xml.
2025-05-25 10:22:53,789 [Worker-37: Building] ERROR o.e.m.c.i.p.ProjectConfigurationManager - Could not read maven project
org.eclipse.core.runtime.CoreException: Could not read maven project
	at org.eclipse.m2e.core.internal.embedder.MavenImpl.lambda$4(MavenImpl.java:371)
	at org.eclipse.m2e.core.internal.embedder.MavenExecutionContext.executeBare(MavenExecutionContext.java:458)
	at org.eclipse.m2e.core.internal.embedder.MavenExecutionContext.execute(MavenExecutionContext.java:292)
	at org.eclipse.m2e.core.internal.embedder.MavenExecutionContext.execute(MavenExecutionContext.java:278)
	at org.eclipse.m2e.core.internal.embedder.MavenImpl.readProject(MavenImpl.java:361)
	at org.eclipse.m2e.mavenarchiver.internal.AbstractMavenArchiverConfigurator.lambda$4(AbstractMavenArchiverConfigurator.java:576)
	at org.eclipse.m2e.core.internal.embedder.MavenExecutionContext.executeBare(MavenExecutionContext.java:458)
	at org.eclipse.m2e.core.internal.embedder.MavenExecutionContext.execute(MavenExecutionContext.java:339)
	at org.eclipse.m2e.mavenarchiver.internal.AbstractMavenArchiverConfigurator.loadParentHierarchy(AbstractMavenArchiverConfigurator.java:568)
	at org.eclipse.m2e.mavenarchiver.internal.AbstractMavenArchiverConfigurator.generateManifest(AbstractMavenArchiverConfigurator.java:365)
	at org.eclipse.m2e.mavenarchiver.internal.AbstractMavenArchiverConfigurator.mavenProjectChanged(AbstractMavenArchiverConfigurator.java:228)
	at org.eclipse.m2e.mavenarchiver.internal.AbstractMavenArchiverConfigurator.mavenProjectChanged(AbstractMavenArchiverConfigurator.java:220)
	at org.eclipse.m2e.core.internal.project.ProjectConfigurationManager.mavenProjectChanged(ProjectConfigurationManager.java:885)
	at org.eclipse.m2e.core.internal.project.registry.ProjectRegistryManager.notifyProjectChangeListeners(ProjectRegistryManager.java:892)
	at org.eclipse.m2e.core.internal.project.registry.ProjectRegistryManager.applyMutableProjectRegistry(ProjectRegistryManager.java:1042)
	at org.eclipse.m2e.core.internal.project.registry.ProjectRegistryManager.refresh(ProjectRegistryManager.java:324)
	at org.eclipse.m2e.core.internal.builder.MavenBuilder$BuildMethod.getProjectFacade(MavenBuilder.java:146)
	at org.eclipse.m2e.core.internal.builder.MavenBuilder$BuildMethod.lambda$0(MavenBuilder.java:84)
	at org.eclipse.m2e.core.internal.embedder.MavenExecutionContext.executeBare(MavenExecutionContext.java:458)
	at org.eclipse.m2e.core.internal.embedder.MavenExecutionContext.execute(MavenExecutionContext.java:339)
	at org.eclipse.m2e.core.internal.embedder.MavenExecutionContext.execute(MavenExecutionContext.java:278)
	at org.eclipse.m2e.core.internal.builder.MavenBuilder$BuildMethod.execute(MavenBuilder.java:83)
	at org.eclipse.m2e.core.internal.builder.MavenBuilder.build(MavenBuilder.java:192)
	at org.eclipse.core.internal.events.BuildManager$2.run(BuildManager.java:1077)
	at org.eclipse.core.runtime.SafeRunner.run(SafeRunner.java:47)
	at org.eclipse.core.internal.events.BuildManager.basicBuild(BuildManager.java:296)
	at org.eclipse.core.internal.events.BuildManager.basicBuild(BuildManager.java:352)
	at org.eclipse.core.internal.events.BuildManager$1.run(BuildManager.java:441)
	at org.eclipse.core.runtime.SafeRunner.run(SafeRunner.java:47)
	at org.eclipse.core.internal.events.BuildManager.basicBuild(BuildManager.java:444)
	at org.eclipse.core.internal.events.BuildManager.basicBuildLoop(BuildManager.java:555)
	at org.eclipse.core.internal.events.BuildManager.basicBuildLoop(BuildManager.java:503)
	at org.eclipse.core.internal.events.BuildManager.build(BuildManager.java:585)
	at org.eclipse.core.internal.events.AutoBuildJob.doBuild(AutoBuildJob.java:207)
	at org.eclipse.core.internal.events.AutoBuildJob.run(AutoBuildJob.java:300)
	at org.eclipse.core.internal.jobs.Worker.run(Worker.java:63)
Caused by: org.apache.maven.project.ProjectBuildingException: 1 problem was encountered while building the effective model
[FATAL] Non-readable POM C:\DevOps\dockerProj\Java-SpringMVC-Boot: C:\DevOps\dockerProj\Java-SpringMVC-Boot (Access is denied) @ 
 for project  at C:\DevOps\dockerProj\Java-SpringMVC-Boot
	at org.apache.maven.project.DefaultProjectBuilder.build(DefaultProjectBuilder.java:180)
	at org.apache.maven.project.DefaultProjectBuilder.build(DefaultProjectBuilder.java:123)
	at org.eclipse.m2e.core.internal.embedder.MavenImpl.lambda$4(MavenImpl.java:369)
	... 35 common frames omitted
Caused by: org.apache.maven.model.building.ModelBuildingException: 1 problem was encountered while building the effective model
[FATAL] Non-readable POM C:\DevOps\dockerProj\Java-SpringMVC-Boot: C:\DevOps\dockerProj\Java-SpringMVC-Boot (Access is denied) @ 

	at org.apache.maven.model.building.DefaultModelProblemCollector.newModelBuildingException(DefaultModelProblemCollector.java:176)
	at org.apache.maven.model.building.DefaultModelBuilder.readModel(DefaultModelBuilder.java:642)
	at org.apache.maven.model.building.DefaultModelBuilder.build(DefaultModelBuilder.java:262)
	at org.apache.maven.model.building.DefaultModelBuilder.build(DefaultModelBuilder.java:248)
	at org.apache.maven.project.DefaultProjectBuilder.build(DefaultProjectBuilder.java:176)
	... 37 common frames omitted
2025-05-25 10:22:53,982 [Worker-37: Building] INFO  o.a.m.s.f.DefaultMavenResourcesFiltering - Copying 1 resource from src\main\resources to target\classes
2025-05-25 10:22:53,991 [Worker-37: Building] INFO  o.a.m.s.f.DefaultMavenResourcesFiltering - Copying 0 resource from src\main\resources to target\classes
2025-05-25 10:22:53,995 [Worker-37: Building] INFO  o.a.m.s.f.DefaultMavenResourcesFiltering - skip non existing resourceDirectory C:\DevOps\dockerProj\Java-SpringMVC-Boot\src\test\resources
2025-05-25 10:30:01,191 [Worker-37: Importing Maven projects] INFO  o.e.m.c.i.e.AbstractTransferListenerAdapter - Downloading https://repo.maven.apache.org/maven2/org/springframework/boot/spring-boot-starter-parent/3.5.0/spring-boot-starter-parent-3.5.0.pom
2025-05-25 10:30:01,301 [Worker-37: Importing Maven projects] INFO  o.e.m.c.i.e.AbstractTransferListenerAdapter - Downloaded https://repo.maven.apache.org/maven2/org/springframework/boot/spring-boot-starter-parent/3.5.0/spring-boot-starter-parent-3.5.0.pom
2025-05-25 10:30:01,312 [Worker-37: Importing Maven projects] INFO  o.e.m.c.i.e.AbstractTransferListenerAdapter - Downloading https://repo.maven.apache.org/maven2/org/springframework/boot/spring-boot-dependencies/3.5.0/spring-boot-dependencies-3.5.0.pom
2025-05-25 10:30:01,344 [Worker-37: Importing Maven projects] INFO  o.e.m.c.i.e.AbstractTransferListenerAdapter - Downloaded https://repo.maven.apache.org/maven2/org/springframework/boot/spring-boot-dependencies/3.5.0/spring-boot-dependencies-3.5.0.pom
2025-05-25 10:30:01,361 [Worker-37: Importing Maven projects] INFO  o.e.m.c.i.e.AbstractTransferListenerAdapter - Downloading https://repo.maven.apache.org/maven2/org/apache/activemq/activemq-bom/6.1.6/activemq-bom-6.1.6.pom
2025-05-25 10:30:01,363 [Worker-37: Importing Maven projects] INFO  o.e.m.c.i.e.AbstractTransferListenerAdapter - Downloaded https://repo.maven.apache.org/maven2/org/apache/activemq/activemq-bom/6.1.6/activemq-bom-6.1.6.pom
2025-05-25 10:30:01,370 [Worker-37: Importing Maven projects] INFO  o.e.m.c.i.e.AbstractTransferListenerAdapter - Downloading https://repo.maven.apache.org/maven2/org/apache/activemq/artemis-bom/2.40.0/artemis-bom-2.40.0.pom
2025-05-25 10:30:01,374 [Worker-37: Importing Maven projects] INFO  o.e.m.c.i.e.AbstractTransferListenerAdapter - Downloaded https://repo.maven.apache.org/maven2/org/apache/activemq/artemis-bom/2.40.0/artemis-bom-2.40.0.pom
2025-05-25 10:30:01,382 [Worker-37: Importing Maven projects] INFO  o.e.m.c.i.e.AbstractTransferListenerAdapter - Downloading https://repo.maven.apache.org/maven2/org/apache/activemq/artemis-project/2.40.0/artemis-project-2.40.0.pom
2025-05-25 10:30:01,390 [Worker-37: Importing Maven projects] INFO  o.e.m.c.i.e.AbstractTransferListenerAdapter - Downloaded https://repo.maven.apache.org/maven2/org/apache/activemq/artemis-project/2.40.0/artemis-project-2.40.0.pom
2025-05-25 10:30:01,402 [Worker-37: Importing Maven projects] INFO  o.e.m.c.i.e.AbstractTransferListenerAdapter - Downloading https://repo.maven.apache.org/maven2/org/assertj/assertj-bom/3.27.3/assertj-bom-3.27.3.pom
2025-05-25 10:30:01,404 [Worker-37: Importing Maven projects] INFO  o.e.m.c.i.e.AbstractTransferListenerAdapter - Downloaded https://repo.maven.apache.org/maven2/org/assertj/assertj-bom/3.27.3/assertj-bom-3.27.3.pom
2025-05-25 10:30:01,411 [Worker-37: Importing Maven projects] INFO  o.e.m.c.i.e.AbstractTransferListenerAdapter - Downloading https://repo.maven.apache.org/maven2/io/zipkin/reporter2/zipkin-reporter-bom/3.5.0/zipkin-reporter-bom-3.5.0.pom
2025-05-25 10:30:01,413 [Worker-37: Importing Maven projects] INFO  o.e.m.c.i.e.AbstractTransferListenerAdapter - Downloaded https://repo.maven.apache.org/maven2/io/zipkin/reporter2/zipkin-reporter-bom/3.5.0/zipkin-reporter-bom-3.5.0.pom
2025-05-25 10:30:01,423 [Worker-37: Importing Maven projects] INFO  o.e.m.c.i.e.AbstractTransferListenerAdapter - Downloading https://repo.maven.apache.org/maven2/io/zipkin/brave/brave-bom/6.1.0/brave-bom-6.1.0.pom
2025-05-25 10:30:01,425 [Worker-37: Importing Maven projects] INFO  o.e.m.c.i.e.AbstractTransferListenerAdapter - Downloaded https://repo.maven.apache.org/maven2/io/zipkin/brave/brave-bom/6.1.0/brave-bom-6.1.0.pom
2025-05-25 10:30:01,433 [Worker-37: Importing Maven projects] INFO  o.e.m.c.i.e.AbstractTransferListenerAdapter - Downloading https://repo.maven.apache.org/maven2/org/apache/cassandra/java-driver-bom/4.19.0/java-driver-bom-4.19.0.pom
2025-05-25 10:30:01,435 [Worker-37: Importing Maven projects] INFO  o.e.m.c.i.e.AbstractTransferListenerAdapter - Downloaded https://repo.maven.apache.org/maven2/org/apache/cassandra/java-driver-bom/4.19.0/java-driver-bom-4.19.0.pom
2025-05-25 10:30:01,445 [Worker-37: Importing Maven projects] INFO  o.e.m.c.i.e.AbstractTransferListenerAdapter - Downloading https://repo.maven.apache.org/maven2/org/apache/groovy/groovy-bom/4.0.26/groovy-bom-4.0.26.pom
2025-05-25 10:30:01,450 [Worker-37: Importing Maven projects] INFO  o.e.m.c.i.e.AbstractTransferListenerAdapter - Downloaded https://repo.maven.apache.org/maven2/org/apache/groovy/groovy-bom/4.0.26/groovy-bom-4.0.26.pom
2025-05-25 10:30:01,458 [Worker-37: Importing Maven projects] INFO  o.e.m.c.i.e.AbstractTransferListenerAdapter - Downloading https://repo.maven.apache.org/maven2/org/infinispan/infinispan-bom/15.2.1.Final/infinispan-bom-15.2.1.Final.pom
2025-05-25 10:30:01,465 [Worker-37: Importing Maven projects] INFO  o.e.m.c.i.e.AbstractTransferListenerAdapter - Downloaded https://repo.maven.apache.org/maven2/org/infinispan/infinispan-bom/15.2.1.Final/infinispan-bom-15.2.1.Final.pom
2025-05-25 10:30:01,473 [Worker-37: Importing Maven projects] INFO  o.e.m.c.i.e.AbstractTransferListenerAdapter - Downloading https://repo.maven.apache.org/maven2/org/infinispan/infinispan-build-configuration-parent/15.2.1.Final/infinispan-build-configuration-parent-15.2.1.Final.pom
2025-05-25 10:30:01,477 [Worker-37: Importing Maven projects] INFO  o.e.m.c.i.e.AbstractTransferListenerAdapter - Downloaded https://repo.maven.apache.org/maven2/org/infinispan/infinispan-build-configuration-parent/15.2.1.Final/infinispan-build-configuration-parent-15.2.1.Final.pom
2025-05-25 10:30:01,485 [Worker-37: Importing Maven projects] INFO  o.e.m.c.i.e.AbstractTransferListenerAdapter - Downloading https://repo.maven.apache.org/maven2/com/fasterxml/jackson/jackson-bom/2.19.0/jackson-bom-2.19.0.pom
2025-05-25 10:30:01,489 [Worker-37: Importing Maven projects] INFO  o.e.m.c.i.e.AbstractTransferListenerAdapter - Downloaded https://repo.maven.apache.org/maven2/com/fasterxml/jackson/jackson-bom/2.19.0/jackson-bom-2.19.0.pom
2025-05-25 10:30:01,496 [Worker-37: Importing Maven projects] INFO  o.e.m.c.i.e.AbstractTransferListenerAdapter - Downloading https://repo.maven.apache.org/maven2/com/fasterxml/jackson/jackson-parent/2.19/jackson-parent-2.19.pom
2025-05-25 10:30:01,499 [Worker-37: Importing Maven projects] INFO  o.e.m.c.i.e.AbstractTransferListenerAdapter - Downloaded https://repo.maven.apache.org/maven2/com/fasterxml/jackson/jackson-parent/2.19/jackson-parent-2.19.pom
2025-05-25 10:30:01,505 [Worker-37: Importing Maven projects] INFO  o.e.m.c.i.e.AbstractTransferListenerAdapter - Downloading https://repo.maven.apache.org/maven2/com/fasterxml/oss-parent/65/oss-parent-65.pom
2025-05-25 10:30:01,510 [Worker-37: Importing Maven projects] INFO  o.e.m.c.i.e.AbstractTransferListenerAdapter - Downloaded https://repo.maven.apache.org/maven2/com/fasterxml/oss-parent/65/oss-parent-65.pom
2025-05-25 10:30:01,518 [Worker-37: Importing Maven projects] INFO  o.e.m.c.i.e.AbstractTransferListenerAdapter - Downloading https://repo.maven.apache.org/maven2/org/glassfish/jersey/jersey-bom/3.1.10/jersey-bom-3.1.10.pom
2025-05-25 10:30:01,523 [Worker-37: Importing Maven projects] INFO  o.e.m.c.i.e.AbstractTransferListenerAdapter - Downloaded https://repo.maven.apache.org/maven2/org/glassfish/jersey/jersey-bom/3.1.10/jersey-bom-3.1.10.pom
2025-05-25 10:30:01,532 [Worker-37: Importing Maven projects] INFO  o.e.m.c.i.e.AbstractTransferListenerAdapter - Downloading https://repo.maven.apache.org/maven2/org/eclipse/jetty/ee10/jetty-ee10-bom/12.0.21/jetty-ee10-bom-12.0.21.pom
2025-05-25 10:30:01,534 [Worker-37: Importing Maven projects] INFO  o.e.m.c.i.e.AbstractTransferListenerAdapter - Downloaded https://repo.maven.apache.org/maven2/org/eclipse/jetty/ee10/jetty-ee10-bom/12.0.21/jetty-ee10-bom-12.0.21.pom
2025-05-25 10:30:01,542 [Worker-37: Importing Maven projects] INFO  o.e.m.c.i.e.AbstractTransferListenerAdapter - Downloading https://repo.maven.apache.org/maven2/org/eclipse/jetty/jetty-bom/12.0.21/jetty-bom-12.0.21.pom
2025-05-25 10:30:01,546 [Worker-37: Importing Maven projects] INFO  o.e.m.c.i.e.AbstractTransferListenerAdapter - Downloaded https://repo.maven.apache.org/maven2/org/eclipse/jetty/jetty-bom/12.0.21/jetty-bom-12.0.21.pom
2025-05-25 10:30:01,555 [Worker-37: Importing Maven projects] INFO  o.e.m.c.i.e.AbstractTransferListenerAdapter - Downloading https://repo.maven.apache.org/maven2/org/junit/junit-bom/5.12.2/junit-bom-5.12.2.pom
2025-05-25 10:30:01,557 [Worker-37: Importing Maven projects] INFO  o.e.m.c.i.e.AbstractTransferListenerAdapter - Downloaded https://repo.maven.apache.org/maven2/org/junit/junit-bom/5.12.2/junit-bom-5.12.2.pom
2025-05-25 10:30:01,574 [Worker-37: Importing Maven projects] INFO  o.e.m.c.i.e.AbstractTransferListenerAdapter - Downloading https://repo.maven.apache.org/maven2/io/micrometer/micrometer-bom/1.15.0/micrometer-bom-1.15.0.pom
2025-05-25 10:30:01,577 [Worker-37: Importing Maven projects] INFO  o.e.m.c.i.e.AbstractTransferListenerAdapter - Downloaded https://repo.maven.apache.org/maven2/io/micrometer/micrometer-bom/1.15.0/micrometer-bom-1.15.0.pom
2025-05-25 10:30:01,586 [Worker-37: Importing Maven projects] INFO  o.e.m.c.i.e.AbstractTransferListenerAdapter - Downloading https://repo.maven.apache.org/maven2/io/micrometer/micrometer-tracing-bom/1.5.0/micrometer-tracing-bom-1.5.0.pom
2025-05-25 10:30:01,588 [Worker-37: Importing Maven projects] INFO  o.e.m.c.i.e.AbstractTransferListenerAdapter - Downloaded https://repo.maven.apache.org/maven2/io/micrometer/micrometer-tracing-bom/1.5.0/micrometer-tracing-bom-1.5.0.pom
2025-05-25 10:30:01,596 [Worker-37: Importing Maven projects] INFO  o.e.m.c.i.e.AbstractTransferListenerAdapter - Downloading https://repo.maven.apache.org/maven2/org/mockito/mockito-bom/5.17.0/mockito-bom-5.17.0.pom
2025-05-25 10:30:01,598 [Worker-37: Importing Maven projects] INFO  o.e.m.c.i.e.AbstractTransferListenerAdapter - Downloaded https://repo.maven.apache.org/maven2/org/mockito/mockito-bom/5.17.0/mockito-bom-5.17.0.pom
2025-05-25 10:30:01,607 [Worker-37: Importing Maven projects] INFO  o.e.m.c.i.e.AbstractTransferListenerAdapter - Downloading https://repo.maven.apache.org/maven2/org/mongodb/mongodb-driver-bom/5.4.0/mongodb-driver-bom-5.4.0.pom
2025-05-25 10:30:01,609 [Worker-37: Importing Maven projects] INFO  o.e.m.c.i.e.AbstractTransferListenerAdapter - Downloaded https://repo.maven.apache.org/maven2/org/mongodb/mongodb-driver-bom/5.4.0/mongodb-driver-bom-5.4.0.pom
2025-05-25 10:30:01,616 [Worker-37: Importing Maven projects] INFO  o.e.m.c.i.e.AbstractTransferListenerAdapter - Downloading https://repo.maven.apache.org/maven2/io/netty/netty-bom/4.1.121.Final/netty-bom-4.1.121.Final.pom
2025-05-25 10:30:01,620 [Worker-37: Importing Maven projects] INFO  o.e.m.c.i.e.AbstractTransferListenerAdapter - Downloaded https://repo.maven.apache.org/maven2/io/netty/netty-bom/4.1.121.Final/netty-bom-4.1.121.Final.pom
2025-05-25 10:30:01,631 [Worker-37: Importing Maven projects] INFO  o.e.m.c.i.e.AbstractTransferListenerAdapter - Downloading https://repo.maven.apache.org/maven2/io/opentelemetry/opentelemetry-bom/1.49.0/opentelemetry-bom-1.49.0.pom
2025-05-25 10:30:01,633 [Worker-37: Importing Maven projects] INFO  o.e.m.c.i.e.AbstractTransferListenerAdapter - Downloaded https://repo.maven.apache.org/maven2/io/opentelemetry/opentelemetry-bom/1.49.0/opentelemetry-bom-1.49.0.pom
2025-05-25 10:30:01,642 [Worker-37: Importing Maven projects] INFO  o.e.m.c.i.e.AbstractTransferListenerAdapter - Downloading https://repo.maven.apache.org/maven2/io/prometheus/prometheus-metrics-bom/1.3.6/prometheus-metrics-bom-1.3.6.pom
2025-05-25 10:30:01,645 [Worker-37: Importing Maven projects] INFO  o.e.m.c.i.e.AbstractTransferListenerAdapter - Downloaded https://repo.maven.apache.org/maven2/io/prometheus/prometheus-metrics-bom/1.3.6/prometheus-metrics-bom-1.3.6.pom
2025-05-25 10:30:01,657 [Worker-37: Importing Maven projects] INFO  o.e.m.c.i.e.AbstractTransferListenerAdapter - Downloading https://repo.maven.apache.org/maven2/io/prometheus/client_java/1.3.6/client_java-1.3.6.pom
2025-05-25 10:30:01,660 [Worker-37: Importing Maven projects] INFO  o.e.m.c.i.e.AbstractTransferListenerAdapter - Downloaded https://repo.maven.apache.org/maven2/io/prometheus/client_java/1.3.6/client_java-1.3.6.pom
2025-05-25 10:30:01,670 [Worker-37: Importing Maven projects] INFO  o.e.m.c.i.e.AbstractTransferListenerAdapter - Downloading https://repo.maven.apache.org/maven2/org/apache/pulsar/pulsar-bom/4.0.4/pulsar-bom-4.0.4.pom
2025-05-25 10:30:01,676 [Worker-37: Importing Maven projects] INFO  o.e.m.c.i.e.AbstractTransferListenerAdapter - Downloaded https://repo.maven.apache.org/maven2/org/apache/pulsar/pulsar-bom/4.0.4/pulsar-bom-4.0.4.pom
2025-05-25 10:30:01,686 [Worker-37: Importing Maven projects] INFO  o.e.m.c.i.e.AbstractTransferListenerAdapter - Downloading https://repo.maven.apache.org/maven2/org/apache/pulsar/pulsar-client-reactive-bom/0.6.0/pulsar-client-reactive-bom-0.6.0.pom
2025-05-25 10:30:01,688 [Worker-37: Importing Maven projects] INFO  o.e.m.c.i.e.AbstractTransferListenerAdapter - Downloaded https://repo.maven.apache.org/maven2/org/apache/pulsar/pulsar-client-reactive-bom/0.6.0/pulsar-client-reactive-bom-0.6.0.pom
2025-05-25 10:30:01,697 [Worker-37: Importing Maven projects] INFO  o.e.m.c.i.e.AbstractTransferListenerAdapter - Downloading https://repo.maven.apache.org/maven2/io/projectreactor/reactor-bom/2024.0.6/reactor-bom-2024.0.6.pom
2025-05-25 10:30:01,700 [Worker-37: Importing Maven projects] INFO  o.e.m.c.i.e.AbstractTransferListenerAdapter - Downloaded https://repo.maven.apache.org/maven2/io/projectreactor/reactor-bom/2024.0.6/reactor-bom-2024.0.6.pom
2025-05-25 10:30:01,709 [Worker-37: Importing Maven projects] INFO  o.e.m.c.i.e.AbstractTransferListenerAdapter - Downloading https://repo.maven.apache.org/maven2/io/rest-assured/rest-assured-bom/5.5.2/rest-assured-bom-5.5.2.pom
2025-05-25 10:30:01,712 [Worker-37: Importing Maven projects] INFO  o.e.m.c.i.e.AbstractTransferListenerAdapter - Downloaded https://repo.maven.apache.org/maven2/io/rest-assured/rest-assured-bom/5.5.2/rest-assured-bom-5.5.2.pom
2025-05-25 10:30:01,721 [Worker-37: Importing Maven projects] INFO  o.e.m.c.i.e.AbstractTransferListenerAdapter - Downloading https://repo.maven.apache.org/maven2/io/rsocket/rsocket-bom/1.1.5/rsocket-bom-1.1.5.pom
2025-05-25 10:30:01,723 [Worker-37: Importing Maven projects] INFO  o.e.m.c.i.e.AbstractTransferListenerAdapter - Downloaded https://repo.maven.apache.org/maven2/io/rsocket/rsocket-bom/1.1.5/rsocket-bom-1.1.5.pom
2025-05-25 10:30:01,734 [Worker-37: Importing Maven projects] INFO  o.e.m.c.i.e.AbstractTransferListenerAdapter - Downloading https://repo.maven.apache.org/maven2/org/seleniumhq/selenium/selenium-bom/4.31.0/selenium-bom-4.31.0.pom
2025-05-25 10:30:01,737 [Worker-37: Importing Maven projects] INFO  o.e.m.c.i.e.AbstractTransferListenerAdapter - Downloaded https://repo.maven.apache.org/maven2/org/seleniumhq/selenium/selenium-bom/4.31.0/selenium-bom-4.31.0.pom
2025-05-25 10:30:01,746 [Worker-37: Importing Maven projects] INFO  o.e.m.c.i.e.AbstractTransferListenerAdapter - Downloading https://repo.maven.apache.org/maven2/org/springframework/amqp/spring-amqp-bom/3.2.5/spring-amqp-bom-3.2.5.pom
2025-05-25 10:30:01,749 [Worker-37: Importing Maven projects] INFO  o.e.m.c.i.e.AbstractTransferListenerAdapter - Downloaded https://repo.maven.apache.org/maven2/org/springframework/amqp/spring-amqp-bom/3.2.5/spring-amqp-bom-3.2.5.pom
2025-05-25 10:30:01,759 [Worker-37: Importing Maven projects] INFO  o.e.m.c.i.e.AbstractTransferListenerAdapter - Downloading https://repo.maven.apache.org/maven2/org/springframework/batch/spring-batch-bom/5.2.2/spring-batch-bom-5.2.2.pom
2025-05-25 10:30:01,762 [Worker-37: Importing Maven projects] INFO  o.e.m.c.i.e.AbstractTransferListenerAdapter - Downloaded https://repo.maven.apache.org/maven2/org/springframework/batch/spring-batch-bom/5.2.2/spring-batch-bom-5.2.2.pom
2025-05-25 10:30:01,769 [Worker-37: Importing Maven projects] INFO  o.e.m.c.i.e.AbstractTransferListenerAdapter - Downloading https://repo.maven.apache.org/maven2/org/springframework/data/spring-data-bom/2025.0.0/spring-data-bom-2025.0.0.pom
2025-05-25 10:30:01,771 [Worker-37: Importing Maven projects] INFO  o.e.m.c.i.e.AbstractTransferListenerAdapter - Downloaded https://repo.maven.apache.org/maven2/org/springframework/data/spring-data-bom/2025.0.0/spring-data-bom-2025.0.0.pom
2025-05-25 10:30:01,778 [Worker-37: Importing Maven projects] INFO  o.e.m.c.i.e.AbstractTransferListenerAdapter - Downloading https://repo.maven.apache.org/maven2/org/springframework/spring-framework-bom/6.2.7/spring-framework-bom-6.2.7.pom
2025-05-25 10:30:01,781 [Worker-37: Importing Maven projects] INFO  o.e.m.c.i.e.AbstractTransferListenerAdapter - Downloaded https://repo.maven.apache.org/maven2/org/springframework/spring-framework-bom/6.2.7/spring-framework-bom-6.2.7.pom
2025-05-25 10:30:01,790 [Worker-37: Importing Maven projects] INFO  o.e.m.c.i.e.AbstractTransferListenerAdapter - Downloading https://repo.maven.apache.org/maven2/org/springframework/integration/spring-integration-bom/6.5.0/spring-integration-bom-6.5.0.pom
2025-05-25 10:30:01,794 [Worker-37: Importing Maven projects] INFO  o.e.m.c.i.e.AbstractTransferListenerAdapter - Downloaded https://repo.maven.apache.org/maven2/org/springframework/integration/spring-integration-bom/6.5.0/spring-integration-bom-6.5.0.pom
2025-05-25 10:30:01,803 [Worker-37: Importing Maven projects] INFO  o.e.m.c.i.e.AbstractTransferListenerAdapter - Downloading https://repo.maven.apache.org/maven2/org/springframework/pulsar/spring-pulsar-bom/1.2.6/spring-pulsar-bom-1.2.6.pom
2025-05-25 10:30:01,805 [Worker-37: Importing Maven projects] INFO  o.e.m.c.i.e.AbstractTransferListenerAdapter - Downloaded https://repo.maven.apache.org/maven2/org/springframework/pulsar/spring-pulsar-bom/1.2.6/spring-pulsar-bom-1.2.6.pom
2025-05-25 10:30:01,815 [Worker-37: Importing Maven projects] INFO  o.e.m.c.i.e.AbstractTransferListenerAdapter - Downloading https://repo.maven.apache.org/maven2/org/springframework/security/spring-security-bom/6.5.0/spring-security-bom-6.5.0.pom
2025-05-25 10:30:01,818 [Worker-37: Importing Maven projects] INFO  o.e.m.c.i.e.AbstractTransferListenerAdapter - Downloaded https://repo.maven.apache.org/maven2/org/springframework/security/spring-security-bom/6.5.0/spring-security-bom-6.5.0.pom
2025-05-25 10:30:01,836 [Worker-37: Importing Maven projects] INFO  o.e.m.c.i.e.AbstractTransferListenerAdapter - Downloading https://repo.maven.apache.org/maven2/org/springframework/session/spring-session-bom/3.5.0/spring-session-bom-3.5.0.pom
2025-05-25 10:30:01,838 [Worker-37: Importing Maven projects] INFO  o.e.m.c.i.e.AbstractTransferListenerAdapter - Downloaded https://repo.maven.apache.org/maven2/org/springframework/session/spring-session-bom/3.5.0/spring-session-bom-3.5.0.pom
2025-05-25 10:30:01,851 [Worker-37: Importing Maven projects] INFO  o.e.m.c.i.e.AbstractTransferListenerAdapter - Downloading https://repo.maven.apache.org/maven2/org/springframework/ws/spring-ws-bom/4.1.0/spring-ws-bom-4.1.0.pom
2025-05-25 10:30:01,854 [Worker-37: Importing Maven projects] INFO  o.e.m.c.i.e.AbstractTransferListenerAdapter - Downloaded https://repo.maven.apache.org/maven2/org/springframework/ws/spring-ws-bom/4.1.0/spring-ws-bom-4.1.0.pom
2025-05-25 10:30:01,868 [Worker-37: Importing Maven projects] INFO  o.e.m.c.i.e.AbstractTransferListenerAdapter - Downloading https://repo.maven.apache.org/maven2/org/testcontainers/testcontainers-bom/1.21.0/testcontainers-bom-1.21.0.pom
2025-05-25 10:30:01,870 [Worker-37: Importing Maven projects] INFO  o.e.m.c.i.e.AbstractTransferListenerAdapter - Downloaded https://repo.maven.apache.org/maven2/org/testcontainers/testcontainers-bom/1.21.0/testcontainers-bom-1.21.0.pom
2025-05-25 10:30:01,990 [Worker-37: Importing Maven projects] INFO  o.e.m.c.i.e.AbstractTransferListenerAdapter - Downloading https://repo.maven.apache.org/maven2/org/springframework/boot/spring-boot-maven-plugin/3.5.0/spring-boot-maven-plugin-3.5.0.pom
2025-05-25 10:30:01,995 [Worker-37: Importing Maven projects] INFO  o.e.m.c.i.e.AbstractTransferListenerAdapter - Downloaded https://repo.maven.apache.org/maven2/org/springframework/boot/spring-boot-maven-plugin/3.5.0/spring-boot-maven-plugin-3.5.0.pom
2025-05-25 10:30:02,003 [Worker-37: Importing Maven projects] INFO  o.e.m.c.i.e.AbstractTransferListenerAdapter - Downloading https://repo.maven.apache.org/maven2/org/springframework/boot/spring-boot-maven-plugin/3.5.0/spring-boot-maven-plugin-3.5.0.jar
2025-05-25 10:30:02,022 [Worker-37: Importing Maven projects] INFO  o.e.m.c.i.e.AbstractTransferListenerAdapter - Downloaded https://repo.maven.apache.org/maven2/org/springframework/boot/spring-boot-maven-plugin/3.5.0/spring-boot-maven-plugin-3.5.0.jar
2025-05-25 10:30:02,038 [Worker-37: Importing Maven projects] INFO  o.e.m.c.i.e.AbstractTransferListenerAdapter - Downloading https://repo.maven.apache.org/maven2/org/apache/maven/plugins/maven-clean-plugin/3.4.1/maven-clean-plugin-3.4.1.jar
2025-05-25 10:30:02,044 [Worker-37: Importing Maven projects] INFO  o.e.m.c.i.e.AbstractTransferListenerAdapter - Downloaded https://repo.maven.apache.org/maven2/org/apache/maven/plugins/maven-clean-plugin/3.4.1/maven-clean-plugin-3.4.1.jar
2025-05-25 10:30:02,053 [Worker-37: Importing Maven projects] INFO  o.e.m.c.i.e.AbstractTransferListenerAdapter - Downloading https://repo.maven.apache.org/maven2/org/apache/maven/plugins/maven-compiler-plugin/3.14.0/maven-compiler-plugin-3.14.0.jar
2025-05-25 10:30:02,069 [Worker-37: Importing Maven projects] INFO  o.e.m.c.i.e.AbstractTransferListenerAdapter - Downloaded https://repo.maven.apache.org/maven2/org/apache/maven/plugins/maven-compiler-plugin/3.14.0/maven-compiler-plugin-3.14.0.jar
2025-05-25 10:30:02,081 [Worker-37: Importing Maven projects] INFO  o.e.m.c.i.e.AbstractTransferListenerAdapter - Downloading https://repo.maven.apache.org/maven2/org/apache/maven/plugins/maven-surefire-plugin/3.5.3/maven-surefire-plugin-3.5.3.jar
2025-05-25 10:30:02,088 [Worker-37: Importing Maven projects] INFO  o.e.m.c.i.e.AbstractTransferListenerAdapter - Downloaded https://repo.maven.apache.org/maven2/org/apache/maven/plugins/maven-surefire-plugin/3.5.3/maven-surefire-plugin-3.5.3.jar
2025-05-25 10:30:02,099 [Worker-37: Importing Maven projects] INFO  o.e.m.c.i.e.AbstractTransferListenerAdapter - Downloading https://repo.maven.apache.org/maven2/org/apache/maven/plugins/maven-install-plugin/3.1.4/maven-install-plugin-3.1.4.jar
2025-05-25 10:30:02,105 [Worker-37: Importing Maven projects] INFO  o.e.m.c.i.e.AbstractTransferListenerAdapter - Downloaded https://repo.maven.apache.org/maven2/org/apache/maven/plugins/maven-install-plugin/3.1.4/maven-install-plugin-3.1.4.jar
2025-05-25 10:30:02,113 [Worker-37: Importing Maven projects] INFO  o.e.m.c.i.e.AbstractTransferListenerAdapter - Downloading https://repo.maven.apache.org/maven2/org/apache/maven/plugins/maven-deploy-plugin/3.1.4/maven-deploy-plugin-3.1.4.jar
2025-05-25 10:30:02,122 [Worker-37: Importing Maven projects] INFO  o.e.m.c.i.e.AbstractTransferListenerAdapter - Downloaded https://repo.maven.apache.org/maven2/org/apache/maven/plugins/maven-deploy-plugin/3.1.4/maven-deploy-plugin-3.1.4.jar
2025-05-25 10:30:02,131 [Worker-37: Importing Maven projects] INFO  o.e.m.c.i.e.AbstractTransferListenerAdapter - Downloading https://repo.maven.apache.org/maven2/org/apache/maven/plugins/maven-compiler-plugin/3.14.0/maven-compiler-plugin-3.14.0.pom
2025-05-25 10:30:02,139 [Worker-37: Importing Maven projects] INFO  o.e.m.c.i.e.AbstractTransferListenerAdapter - Downloaded https://repo.maven.apache.org/maven2/org/apache/maven/plugins/maven-compiler-plugin/3.14.0/maven-compiler-plugin-3.14.0.pom
2025-05-25 10:30:02,147 [Worker-37: Importing Maven projects] INFO  o.e.m.c.i.e.AbstractTransferListenerAdapter - Downloading https://repo.maven.apache.org/maven2/org/apache/maven/plugins/maven-plugins/43/maven-plugins-43.pom
2025-05-25 10:30:02,150 [Worker-37: Importing Maven projects] INFO  o.e.m.c.i.e.AbstractTransferListenerAdapter - Downloaded https://repo.maven.apache.org/maven2/org/apache/maven/plugins/maven-plugins/43/maven-plugins-43.pom
2025-05-25 10:30:02,183 [Worker-37: Importing Maven projects] INFO  o.e.m.c.i.e.AbstractTransferListenerAdapter - Downloading https://repo.maven.apache.org/maven2/org/codehaus/plexus/plexus-java/1.4.0/plexus-java-1.4.0.pom
2025-05-25 10:30:02,186 [Worker-37: Importing Maven projects] INFO  o.e.m.c.i.e.AbstractTransferListenerAdapter - Downloaded https://repo.maven.apache.org/maven2/org/codehaus/plexus/plexus-java/1.4.0/plexus-java-1.4.0.pom
2025-05-25 10:30:02,209 [Worker-37: Importing Maven projects] INFO  o.e.m.c.i.e.AbstractTransferListenerAdapter - Downloading https://repo.maven.apache.org/maven2/org/codehaus/plexus/plexus-languages/1.4.0/plexus-languages-1.4.0.pom
2025-05-25 10:30:02,211 [Worker-37: Importing Maven projects] INFO  o.e.m.c.i.e.AbstractTransferListenerAdapter - Downloaded https://repo.maven.apache.org/maven2/org/codehaus/plexus/plexus-languages/1.4.0/plexus-languages-1.4.0.pom
2025-05-25 10:30:02,223 [Worker-37: Importing Maven projects] INFO  o.e.m.c.i.e.AbstractTransferListenerAdapter - Downloading https://repo.maven.apache.org/maven2/org/codehaus/plexus/plexus/20/plexus-20.pom
2025-05-25 10:30:02,227 [Worker-37: Importing Maven projects] INFO  o.e.m.c.i.e.AbstractTransferListenerAdapter - Downloaded https://repo.maven.apache.org/maven2/org/codehaus/plexus/plexus/20/plexus-20.pom
2025-05-25 10:30:02,237 [Worker-37: Importing Maven projects] INFO  o.e.m.c.i.e.AbstractTransferListenerAdapter - Downloading https://repo.maven.apache.org/maven2/org/ow2/asm/asm/9.7.1/asm-9.7.1.pom
2025-05-25 10:30:02,240 [Worker-37: Importing Maven projects] INFO  o.e.m.c.i.e.AbstractTransferListenerAdapter - Downloaded https://repo.maven.apache.org/maven2/org/ow2/asm/asm/9.7.1/asm-9.7.1.pom
2025-05-25 10:30:02,249 [Worker-37: Importing Maven projects] INFO  o.e.m.c.i.e.AbstractTransferListenerAdapter - Downloading https://repo.maven.apache.org/maven2/com/thoughtworks/qdox/qdox/2.2.0/qdox-2.2.0.pom
2025-05-25 10:30:02,253 [Worker-37: Importing Maven projects] INFO  o.e.m.c.i.e.AbstractTransferListenerAdapter - Downloaded https://repo.maven.apache.org/maven2/com/thoughtworks/qdox/qdox/2.2.0/qdox-2.2.0.pom
2025-05-25 10:30:02,271 [Worker-37: Importing Maven projects] INFO  o.e.m.c.i.e.AbstractTransferListenerAdapter - Downloading https://repo.maven.apache.org/maven2/org/codehaus/plexus/plexus-xml/3.0.1/plexus-xml-3.0.1.pom
2025-05-25 10:30:02,274 [Worker-37: Importing Maven projects] INFO  o.e.m.c.i.e.AbstractTransferListenerAdapter - Downloaded https://repo.maven.apache.org/maven2/org/codehaus/plexus/plexus-xml/3.0.1/plexus-xml-3.0.1.pom
2025-05-25 10:30:02,282 [Worker-37: Importing Maven projects] INFO  o.e.m.c.i.e.AbstractTransferListenerAdapter - Downloading https://repo.maven.apache.org/maven2/org/codehaus/plexus/plexus/18/plexus-18.pom
2025-05-25 10:30:02,287 [Worker-37: Importing Maven projects] INFO  o.e.m.c.i.e.AbstractTransferListenerAdapter - Downloaded https://repo.maven.apache.org/maven2/org/codehaus/plexus/plexus/18/plexus-18.pom
2025-05-25 10:30:02,306 [Worker-37: Importing Maven projects] INFO  o.e.m.c.i.e.AbstractTransferListenerAdapter - Downloading https://repo.maven.apache.org/maven2/org/codehaus/plexus/plexus-java/1.4.0/plexus-java-1.4.0.jar
2025-05-25 10:30:02,314 [Worker-37: Importing Maven projects] INFO  o.e.m.c.i.e.AbstractTransferListenerAdapter - Downloaded https://repo.maven.apache.org/maven2/org/codehaus/plexus/plexus-java/1.4.0/plexus-java-1.4.0.jar
2025-05-25 10:30:02,320 [BasicRepositoryConnector-repo.maven.apache.org-2-0] INFO  o.e.m.c.i.e.AbstractTransferListenerAdapter - Downloading https://repo.maven.apache.org/maven2/org/ow2/asm/asm/9.7.1/asm-9.7.1.jar
2025-05-25 10:30:02,338 [BasicRepositoryConnector-repo.maven.apache.org-2-0] INFO  o.e.m.c.i.e.AbstractTransferListenerAdapter - Downloaded https://repo.maven.apache.org/maven2/org/ow2/asm/asm/9.7.1/asm-9.7.1.jar
2025-05-25 10:30:02,341 [BasicRepositoryConnector-repo.maven.apache.org-2-1] INFO  o.e.m.c.i.e.AbstractTransferListenerAdapter - Downloading https://repo.maven.apache.org/maven2/com/thoughtworks/qdox/qdox/2.2.0/qdox-2.2.0.jar
2025-05-25 10:30:02,345 [BasicRepositoryConnector-repo.maven.apache.org-2-2] INFO  o.e.m.c.i.e.AbstractTransferListenerAdapter - Downloading https://repo.maven.apache.org/maven2/org/codehaus/plexus/plexus-xml/3.0.1/plexus-xml-3.0.1.jar
2025-05-25 10:30:02,366 [BasicRepositoryConnector-repo.maven.apache.org-2-2] INFO  o.e.m.c.i.e.AbstractTransferListenerAdapter - Downloaded https://repo.maven.apache.org/maven2/org/codehaus/plexus/plexus-xml/3.0.1/plexus-xml-3.0.1.jar
2025-05-25 10:30:02,394 [BasicRepositoryConnector-repo.maven.apache.org-2-1] INFO  o.e.m.c.i.e.AbstractTransferListenerAdapter - Downloaded https://repo.maven.apache.org/maven2/com/thoughtworks/qdox/qdox/2.2.0/qdox-2.2.0.jar
2025-05-25 10:30:02,442 [Worker-37: Importing Maven projects] INFO  o.e.m.c.i.l.LifecycleMappingFactory - Using org.eclipse.m2e.jdt.JarLifecycleMapping lifecycle mapping for MavenProject: com.dockerProj:SimpleAppForPrac:0.0.1-SNAPSHOT @ C:\DevOps\dockerProj\SimpleAppForPrac\pom.xml.
2025-05-25 10:30:02,453 [Worker-37: Importing Maven projects] INFO  o.e.m.c.i.e.AbstractTransferListenerAdapter - Downloading https://repo.maven.apache.org/maven2/org/springframework/boot/spring-boot-starter-web/3.5.0/spring-boot-starter-web-3.5.0.pom
2025-05-25 10:30:02,457 [Worker-37: Importing Maven projects] INFO  o.e.m.c.i.e.AbstractTransferListenerAdapter - Downloaded https://repo.maven.apache.org/maven2/org/springframework/boot/spring-boot-starter-web/3.5.0/spring-boot-starter-web-3.5.0.pom
2025-05-25 10:30:02,467 [Worker-37: Importing Maven projects] INFO  o.e.m.c.i.e.AbstractTransferListenerAdapter - Downloading https://repo.maven.apache.org/maven2/org/springframework/boot/spring-boot-starter/3.5.0/spring-boot-starter-3.5.0.pom
2025-05-25 10:30:02,469 [Worker-37: Importing Maven projects] INFO  o.e.m.c.i.e.AbstractTransferListenerAdapter - Downloaded https://repo.maven.apache.org/maven2/org/springframework/boot/spring-boot-starter/3.5.0/spring-boot-starter-3.5.0.pom
2025-05-25 10:30:02,481 [Worker-37: Importing Maven projects] INFO  o.e.m.c.i.e.AbstractTransferListenerAdapter - Downloading https://repo.maven.apache.org/maven2/org/springframework/boot/spring-boot/3.5.0/spring-boot-3.5.0.pom
2025-05-25 10:30:02,483 [Worker-37: Importing Maven projects] INFO  o.e.m.c.i.e.AbstractTransferListenerAdapter - Downloaded https://repo.maven.apache.org/maven2/org/springframework/boot/spring-boot/3.5.0/spring-boot-3.5.0.pom
2025-05-25 10:30:02,492 [Worker-37: Importing Maven projects] INFO  o.e.m.c.i.e.AbstractTransferListenerAdapter - Downloading https://repo.maven.apache.org/maven2/org/springframework/spring-core/6.2.7/spring-core-6.2.7.pom
2025-05-25 10:30:02,494 [Worker-37: Importing Maven projects] INFO  o.e.m.c.i.e.AbstractTransferListenerAdapter - Downloaded https://repo.maven.apache.org/maven2/org/springframework/spring-core/6.2.7/spring-core-6.2.7.pom
2025-05-25 10:30:02,502 [Worker-37: Importing Maven projects] INFO  o.e.m.c.i.e.AbstractTransferListenerAdapter - Downloading https://repo.maven.apache.org/maven2/org/springframework/spring-jcl/6.2.7/spring-jcl-6.2.7.pom
2025-05-25 10:30:02,505 [Worker-37: Importing Maven projects] INFO  o.e.m.c.i.e.AbstractTransferListenerAdapter - Downloaded https://repo.maven.apache.org/maven2/org/springframework/spring-jcl/6.2.7/spring-jcl-6.2.7.pom
2025-05-25 10:30:02,513 [Worker-37: Importing Maven projects] INFO  o.e.m.c.i.e.AbstractTransferListenerAdapter - Downloading https://repo.maven.apache.org/maven2/org/springframework/spring-context/6.2.7/spring-context-6.2.7.pom
2025-05-25 10:30:02,516 [Worker-37: Importing Maven projects] INFO  o.e.m.c.i.e.AbstractTransferListenerAdapter - Downloaded https://repo.maven.apache.org/maven2/org/springframework/spring-context/6.2.7/spring-context-6.2.7.pom
2025-05-25 10:30:02,525 [Worker-37: Importing Maven projects] INFO  o.e.m.c.i.e.AbstractTransferListenerAdapter - Downloading https://repo.maven.apache.org/maven2/org/springframework/spring-aop/6.2.7/spring-aop-6.2.7.pom
2025-05-25 10:30:02,526 [Worker-37: Importing Maven projects] INFO  o.e.m.c.i.e.AbstractTransferListenerAdapter - Downloaded https://repo.maven.apache.org/maven2/org/springframework/spring-aop/6.2.7/spring-aop-6.2.7.pom
2025-05-25 10:30:02,535 [Worker-37: Importing Maven projects] INFO  o.e.m.c.i.e.AbstractTransferListenerAdapter - Downloading https://repo.maven.apache.org/maven2/org/springframework/spring-beans/6.2.7/spring-beans-6.2.7.pom
2025-05-25 10:30:02,538 [Worker-37: Importing Maven projects] INFO  o.e.m.c.i.e.AbstractTransferListenerAdapter - Downloaded https://repo.maven.apache.org/maven2/org/springframework/spring-beans/6.2.7/spring-beans-6.2.7.pom
2025-05-25 10:30:02,547 [Worker-37: Importing Maven projects] INFO  o.e.m.c.i.e.AbstractTransferListenerAdapter - Downloading https://repo.maven.apache.org/maven2/org/springframework/spring-expression/6.2.7/spring-expression-6.2.7.pom
2025-05-25 10:30:02,549 [Worker-37: Importing Maven projects] INFO  o.e.m.c.i.e.AbstractTransferListenerAdapter - Downloaded https://repo.maven.apache.org/maven2/org/springframework/spring-expression/6.2.7/spring-expression-6.2.7.pom
2025-05-25 10:30:02,556 [Worker-37: Importing Maven projects] INFO  o.e.m.c.i.e.AbstractTransferListenerAdapter - Downloading https://repo.maven.apache.org/maven2/io/micrometer/micrometer-observation/1.15.0/micrometer-observation-1.15.0.pom
2025-05-25 10:30:02,559 [Worker-37: Importing Maven projects] INFO  o.e.m.c.i.e.AbstractTransferListenerAdapter - Downloaded https://repo.maven.apache.org/maven2/io/micrometer/micrometer-observation/1.15.0/micrometer-observation-1.15.0.pom
2025-05-25 10:30:02,566 [Worker-37: Importing Maven projects] INFO  o.e.m.c.i.e.AbstractTransferListenerAdapter - Downloading https://repo.maven.apache.org/maven2/io/micrometer/micrometer-commons/1.15.0/micrometer-commons-1.15.0.pom
2025-05-25 10:30:02,569 [Worker-37: Importing Maven projects] INFO  o.e.m.c.i.e.AbstractTransferListenerAdapter - Downloaded https://repo.maven.apache.org/maven2/io/micrometer/micrometer-commons/1.15.0/micrometer-commons-1.15.0.pom
2025-05-25 10:30:02,580 [Worker-37: Importing Maven projects] INFO  o.e.m.c.i.e.AbstractTransferListenerAdapter - Downloading https://repo.maven.apache.org/maven2/org/springframework/boot/spring-boot-autoconfigure/3.5.0/spring-boot-autoconfigure-3.5.0.pom
2025-05-25 10:30:02,583 [Worker-37: Importing Maven projects] INFO  o.e.m.c.i.e.AbstractTransferListenerAdapter - Downloaded https://repo.maven.apache.org/maven2/org/springframework/boot/spring-boot-autoconfigure/3.5.0/spring-boot-autoconfigure-3.5.0.pom
2025-05-25 10:30:02,592 [Worker-37: Importing Maven projects] INFO  o.e.m.c.i.e.AbstractTransferListenerAdapter - Downloading https://repo.maven.apache.org/maven2/org/springframework/boot/spring-boot-starter-logging/3.5.0/spring-boot-starter-logging-3.5.0.pom
2025-05-25 10:30:02,594 [Worker-37: Importing Maven projects] INFO  o.e.m.c.i.e.AbstractTransferListenerAdapter - Downloaded https://repo.maven.apache.org/maven2/org/springframework/boot/spring-boot-starter-logging/3.5.0/spring-boot-starter-logging-3.5.0.pom
2025-05-25 10:30:02,601 [Worker-37: Importing Maven projects] INFO  o.e.m.c.i.e.AbstractTransferListenerAdapter - Downloading https://repo.maven.apache.org/maven2/ch/qos/logback/logback-classic/1.5.18/logback-classic-1.5.18.pom
2025-05-25 10:30:02,606 [Worker-37: Importing Maven projects] INFO  o.e.m.c.i.e.AbstractTransferListenerAdapter - Downloaded https://repo.maven.apache.org/maven2/ch/qos/logback/logback-classic/1.5.18/logback-classic-1.5.18.pom
2025-05-25 10:30:02,614 [Worker-37: Importing Maven projects] INFO  o.e.m.c.i.e.AbstractTransferListenerAdapter - Downloading https://repo.maven.apache.org/maven2/ch/qos/logback/logback-parent/1.5.18/logback-parent-1.5.18.pom
2025-05-25 10:30:02,618 [Worker-37: Importing Maven projects] INFO  o.e.m.c.i.e.AbstractTransferListenerAdapter - Downloaded https://repo.maven.apache.org/maven2/ch/qos/logback/logback-parent/1.5.18/logback-parent-1.5.18.pom
2025-05-25 10:30:02,627 [Worker-37: Importing Maven projects] INFO  o.e.m.c.i.e.AbstractTransferListenerAdapter - Downloading https://repo.maven.apache.org/maven2/ch/qos/logback/logback-core/1.5.18/logback-core-1.5.18.pom
2025-05-25 10:30:02,631 [Worker-37: Importing Maven projects] INFO  o.e.m.c.i.e.AbstractTransferListenerAdapter - Downloaded https://repo.maven.apache.org/maven2/ch/qos/logback/logback-core/1.5.18/logback-core-1.5.18.pom
2025-05-25 10:30:02,639 [Worker-37: Importing Maven projects] INFO  o.e.m.c.i.e.AbstractTransferListenerAdapter - Downloading https://repo.maven.apache.org/maven2/org/slf4j/slf4j-api/2.0.17/slf4j-api-2.0.17.pom
2025-05-25 10:30:02,641 [Worker-37: Importing Maven projects] INFO  o.e.m.c.i.e.AbstractTransferListenerAdapter - Downloaded https://repo.maven.apache.org/maven2/org/slf4j/slf4j-api/2.0.17/slf4j-api-2.0.17.pom
2025-05-25 10:30:02,652 [Worker-37: Importing Maven projects] INFO  o.e.m.c.i.e.AbstractTransferListenerAdapter - Downloading https://repo.maven.apache.org/maven2/org/slf4j/slf4j-parent/2.0.17/slf4j-parent-2.0.17.pom
2025-05-25 10:30:02,654 [Worker-37: Importing Maven projects] INFO  o.e.m.c.i.e.AbstractTransferListenerAdapter - Downloaded https://repo.maven.apache.org/maven2/org/slf4j/slf4j-parent/2.0.17/slf4j-parent-2.0.17.pom
2025-05-25 10:30:02,662 [Worker-37: Importing Maven projects] INFO  o.e.m.c.i.e.AbstractTransferListenerAdapter - Downloading https://repo.maven.apache.org/maven2/org/slf4j/slf4j-bom/2.0.17/slf4j-bom-2.0.17.pom
2025-05-25 10:30:02,666 [Worker-37: Importing Maven projects] INFO  o.e.m.c.i.e.AbstractTransferListenerAdapter - Downloaded https://repo.maven.apache.org/maven2/org/slf4j/slf4j-bom/2.0.17/slf4j-bom-2.0.17.pom
2025-05-25 10:30:02,707 [Worker-37: Importing Maven projects] INFO  o.e.m.c.i.e.AbstractTransferListenerAdapter - Downloading https://repo.maven.apache.org/maven2/org/slf4j/jul-to-slf4j/2.0.17/jul-to-slf4j-2.0.17.pom
2025-05-25 10:30:02,709 [Worker-37: Importing Maven projects] INFO  o.e.m.c.i.e.AbstractTransferListenerAdapter - Downloaded https://repo.maven.apache.org/maven2/org/slf4j/jul-to-slf4j/2.0.17/jul-to-slf4j-2.0.17.pom
2025-05-25 10:30:02,723 [Worker-37: Importing Maven projects] INFO  o.e.m.c.i.e.AbstractTransferListenerAdapter - Downloading https://repo.maven.apache.org/maven2/org/yaml/snakeyaml/2.4/snakeyaml-2.4.pom
2025-05-25 10:30:02,725 [Worker-37: Importing Maven projects] INFO  o.e.m.c.i.e.AbstractTransferListenerAdapter - Downloaded https://repo.maven.apache.org/maven2/org/yaml/snakeyaml/2.4/snakeyaml-2.4.pom
2025-05-25 10:30:02,738 [Worker-37: Importing Maven projects] INFO  o.e.m.c.i.e.AbstractTransferListenerAdapter - Downloading https://repo.maven.apache.org/maven2/org/springframework/boot/spring-boot-starter-json/3.5.0/spring-boot-starter-json-3.5.0.pom
2025-05-25 10:30:02,741 [Worker-37: Importing Maven projects] INFO  o.e.m.c.i.e.AbstractTransferListenerAdapter - Downloaded https://repo.maven.apache.org/maven2/org/springframework/boot/spring-boot-starter-json/3.5.0/spring-boot-starter-json-3.5.0.pom
2025-05-25 10:30:02,750 [Worker-37: Importing Maven projects] INFO  o.e.m.c.i.e.AbstractTransferListenerAdapter - Downloading https://repo.maven.apache.org/maven2/org/springframework/spring-web/6.2.7/spring-web-6.2.7.pom
2025-05-25 10:30:02,752 [Worker-37: Importing Maven projects] INFO  o.e.m.c.i.e.AbstractTransferListenerAdapter - Downloaded https://repo.maven.apache.org/maven2/org/springframework/spring-web/6.2.7/spring-web-6.2.7.pom
2025-05-25 10:30:02,761 [Worker-37: Importing Maven projects] INFO  o.e.m.c.i.e.AbstractTransferListenerAdapter - Downloading https://repo.maven.apache.org/maven2/com/fasterxml/jackson/core/jackson-databind/2.19.0/jackson-databind-2.19.0.pom
2025-05-25 10:30:02,765 [Worker-37: Importing Maven projects] INFO  o.e.m.c.i.e.AbstractTransferListenerAdapter - Downloaded https://repo.maven.apache.org/maven2/com/fasterxml/jackson/core/jackson-databind/2.19.0/jackson-databind-2.19.0.pom
2025-05-25 10:30:02,774 [Worker-37: Importing Maven projects] INFO  o.e.m.c.i.e.AbstractTransferListenerAdapter - Downloading https://repo.maven.apache.org/maven2/com/fasterxml/jackson/jackson-base/2.19.0/jackson-base-2.19.0.pom
2025-05-25 10:30:02,779 [Worker-37: Importing Maven projects] INFO  o.e.m.c.i.e.AbstractTransferListenerAdapter - Downloaded https://repo.maven.apache.org/maven2/com/fasterxml/jackson/jackson-base/2.19.0/jackson-base-2.19.0.pom
2025-05-25 10:30:02,790 [Worker-37: Importing Maven projects] INFO  o.e.m.c.i.e.AbstractTransferListenerAdapter - Downloading https://repo.maven.apache.org/maven2/com/fasterxml/jackson/core/jackson-annotations/2.19.0/jackson-annotations-2.19.0.pom
2025-05-25 10:30:02,794 [Worker-37: Importing Maven projects] INFO  o.e.m.c.i.e.AbstractTransferListenerAdapter - Downloaded https://repo.maven.apache.org/maven2/com/fasterxml/jackson/core/jackson-annotations/2.19.0/jackson-annotations-2.19.0.pom
2025-05-25 10:30:02,814 [Worker-37: Importing Maven projects] INFO  o.e.m.c.i.e.AbstractTransferListenerAdapter - Downloading https://repo.maven.apache.org/maven2/com/fasterxml/jackson/core/jackson-core/2.19.0/jackson-core-2.19.0.pom
2025-05-25 10:30:02,819 [Worker-37: Importing Maven projects] INFO  o.e.m.c.i.e.AbstractTransferListenerAdapter - Downloaded https://repo.maven.apache.org/maven2/com/fasterxml/jackson/core/jackson-core/2.19.0/jackson-core-2.19.0.pom
2025-05-25 10:30:02,830 [Worker-37: Importing Maven projects] INFO  o.e.m.c.i.e.AbstractTransferListenerAdapter - Downloading https://repo.maven.apache.org/maven2/com/fasterxml/jackson/datatype/jackson-datatype-jdk8/2.19.0/jackson-datatype-jdk8-2.19.0.pom
2025-05-25 10:30:02,832 [Worker-37: Importing Maven projects] INFO  o.e.m.c.i.e.AbstractTransferListenerAdapter - Downloaded https://repo.maven.apache.org/maven2/com/fasterxml/jackson/datatype/jackson-datatype-jdk8/2.19.0/jackson-datatype-jdk8-2.19.0.pom
2025-05-25 10:30:02,841 [Worker-37: Importing Maven projects] INFO  o.e.m.c.i.e.AbstractTransferListenerAdapter - Downloading https://repo.maven.apache.org/maven2/com/fasterxml/jackson/module/jackson-modules-java8/2.19.0/jackson-modules-java8-2.19.0.pom
2025-05-25 10:30:02,843 [Worker-37: Importing Maven projects] INFO  o.e.m.c.i.e.AbstractTransferListenerAdapter - Downloaded https://repo.maven.apache.org/maven2/com/fasterxml/jackson/module/jackson-modules-java8/2.19.0/jackson-modules-java8-2.19.0.pom
2025-05-25 10:30:02,852 [Worker-37: Importing Maven projects] INFO  o.e.m.c.i.e.AbstractTransferListenerAdapter - Downloading https://repo.maven.apache.org/maven2/com/fasterxml/jackson/datatype/jackson-datatype-jsr310/2.19.0/jackson-datatype-jsr310-2.19.0.pom
2025-05-25 10:30:02,854 [Worker-37: Importing Maven projects] INFO  o.e.m.c.i.e.AbstractTransferListenerAdapter - Downloaded https://repo.maven.apache.org/maven2/com/fasterxml/jackson/datatype/jackson-datatype-jsr310/2.19.0/jackson-datatype-jsr310-2.19.0.pom
2025-05-25 10:30:02,865 [Worker-37: Importing Maven projects] INFO  o.e.m.c.i.e.AbstractTransferListenerAdapter - Downloading https://repo.maven.apache.org/maven2/com/fasterxml/jackson/module/jackson-module-parameter-names/2.19.0/jackson-module-parameter-names-2.19.0.pom
2025-05-25 10:30:02,866 [Worker-37: Importing Maven projects] INFO  o.e.m.c.i.e.AbstractTransferListenerAdapter - Downloaded https://repo.maven.apache.org/maven2/com/fasterxml/jackson/module/jackson-module-parameter-names/2.19.0/jackson-module-parameter-names-2.19.0.pom
2025-05-25 10:30:02,876 [Worker-37: Importing Maven projects] INFO  o.e.m.c.i.e.AbstractTransferListenerAdapter - Downloading https://repo.maven.apache.org/maven2/org/springframework/boot/spring-boot-starter-tomcat/3.5.0/spring-boot-starter-tomcat-3.5.0.pom
2025-05-25 10:30:02,878 [Worker-37: Importing Maven projects] INFO  o.e.m.c.i.e.AbstractTransferListenerAdapter - Downloaded https://repo.maven.apache.org/maven2/org/springframework/boot/spring-boot-starter-tomcat/3.5.0/spring-boot-starter-tomcat-3.5.0.pom
2025-05-25 10:30:02,887 [Worker-37: Importing Maven projects] INFO  o.e.m.c.i.e.AbstractTransferListenerAdapter - Downloading https://repo.maven.apache.org/maven2/org/apache/tomcat/embed/tomcat-embed-core/10.1.41/tomcat-embed-core-10.1.41.pom
2025-05-25 10:30:02,889 [Worker-37: Importing Maven projects] INFO  o.e.m.c.i.e.AbstractTransferListenerAdapter - Downloaded https://repo.maven.apache.org/maven2/org/apache/tomcat/embed/tomcat-embed-core/10.1.41/tomcat-embed-core-10.1.41.pom
2025-05-25 10:30:02,898 [Worker-37: Importing Maven projects] INFO  o.e.m.c.i.e.AbstractTransferListenerAdapter - Downloading https://repo.maven.apache.org/maven2/org/apache/tomcat/embed/tomcat-embed-el/10.1.41/tomcat-embed-el-10.1.41.pom
2025-05-25 10:30:02,900 [Worker-37: Importing Maven projects] INFO  o.e.m.c.i.e.AbstractTransferListenerAdapter - Downloaded https://repo.maven.apache.org/maven2/org/apache/tomcat/embed/tomcat-embed-el/10.1.41/tomcat-embed-el-10.1.41.pom
2025-05-25 10:30:02,908 [Worker-37: Importing Maven projects] INFO  o.e.m.c.i.e.AbstractTransferListenerAdapter - Downloading https://repo.maven.apache.org/maven2/org/apache/tomcat/embed/tomcat-embed-websocket/10.1.41/tomcat-embed-websocket-10.1.41.pom
2025-05-25 10:30:02,912 [Worker-37: Importing Maven projects] INFO  o.e.m.c.i.e.AbstractTransferListenerAdapter - Downloaded https://repo.maven.apache.org/maven2/org/apache/tomcat/embed/tomcat-embed-websocket/10.1.41/tomcat-embed-websocket-10.1.41.pom
2025-05-25 10:30:02,921 [Worker-37: Importing Maven projects] INFO  o.e.m.c.i.e.AbstractTransferListenerAdapter - Downloading https://repo.maven.apache.org/maven2/org/springframework/spring-webmvc/6.2.7/spring-webmvc-6.2.7.pom
2025-05-25 10:30:02,923 [Worker-37: Importing Maven projects] INFO  o.e.m.c.i.e.AbstractTransferListenerAdapter - Downloaded https://repo.maven.apache.org/maven2/org/springframework/spring-webmvc/6.2.7/spring-webmvc-6.2.7.pom
2025-05-25 10:30:02,931 [Worker-37: Importing Maven projects] INFO  o.e.m.c.i.e.AbstractTransferListenerAdapter - Downloading https://repo.maven.apache.org/maven2/org/springframework/boot/spring-boot-starter-test/3.5.0/spring-boot-starter-test-3.5.0.pom
2025-05-25 10:30:02,933 [Worker-37: Importing Maven projects] INFO  o.e.m.c.i.e.AbstractTransferListenerAdapter - Downloaded https://repo.maven.apache.org/maven2/org/springframework/boot/spring-boot-starter-test/3.5.0/spring-boot-starter-test-3.5.0.pom
2025-05-25 10:30:02,941 [Worker-37: Importing Maven projects] INFO  o.e.m.c.i.e.AbstractTransferListenerAdapter - Downloading https://repo.maven.apache.org/maven2/org/springframework/boot/spring-boot-test/3.5.0/spring-boot-test-3.5.0.pom
2025-05-25 10:30:02,943 [Worker-37: Importing Maven projects] INFO  o.e.m.c.i.e.AbstractTransferListenerAdapter - Downloaded https://repo.maven.apache.org/maven2/org/springframework/boot/spring-boot-test/3.5.0/spring-boot-test-3.5.0.pom
2025-05-25 10:30:02,955 [Worker-37: Importing Maven projects] INFO  o.e.m.c.i.e.AbstractTransferListenerAdapter - Downloading https://repo.maven.apache.org/maven2/org/springframework/spring-test/6.2.7/spring-test-6.2.7.pom
2025-05-25 10:30:02,957 [Worker-37: Importing Maven projects] INFO  o.e.m.c.i.e.AbstractTransferListenerAdapter - Downloaded https://repo.maven.apache.org/maven2/org/springframework/spring-test/6.2.7/spring-test-6.2.7.pom
2025-05-25 10:30:02,974 [Worker-37: Importing Maven projects] INFO  o.e.m.c.i.e.AbstractTransferListenerAdapter - Downloading https://repo.maven.apache.org/maven2/org/springframework/boot/spring-boot-test-autoconfigure/3.5.0/spring-boot-test-autoconfigure-3.5.0.pom
2025-05-25 10:30:02,976 [Worker-37: Importing Maven projects] INFO  o.e.m.c.i.e.AbstractTransferListenerAdapter - Downloaded https://repo.maven.apache.org/maven2/org/springframework/boot/spring-boot-test-autoconfigure/3.5.0/spring-boot-test-autoconfigure-3.5.0.pom
2025-05-25 10:30:02,989 [Worker-37: Importing Maven projects] INFO  o.e.m.c.i.e.AbstractTransferListenerAdapter - Downloading https://repo.maven.apache.org/maven2/net/minidev/json-smart/2.5.2/json-smart-2.5.2.pom
2025-05-25 10:30:02,991 [Worker-37: Importing Maven projects] INFO  o.e.m.c.i.e.AbstractTransferListenerAdapter - Downloaded https://repo.maven.apache.org/maven2/net/minidev/json-smart/2.5.2/json-smart-2.5.2.pom
2025-05-25 10:30:03,001 [Worker-37: Importing Maven projects] INFO  o.e.m.c.i.e.AbstractTransferListenerAdapter - Downloading https://repo.maven.apache.org/maven2/net/minidev/accessors-smart/2.5.2/accessors-smart-2.5.2.pom
2025-05-25 10:30:03,005 [Worker-37: Importing Maven projects] INFO  o.e.m.c.i.e.AbstractTransferListenerAdapter - Downloaded https://repo.maven.apache.org/maven2/net/minidev/accessors-smart/2.5.2/accessors-smart-2.5.2.pom
2025-05-25 10:30:03,017 [Worker-37: Importing Maven projects] INFO  o.e.m.c.i.e.AbstractTransferListenerAdapter - Downloading https://repo.maven.apache.org/maven2/org/assertj/assertj-core/3.27.3/assertj-core-3.27.3.pom
2025-05-25 10:30:03,020 [Worker-37: Importing Maven projects] INFO  o.e.m.c.i.e.AbstractTransferListenerAdapter - Downloaded https://repo.maven.apache.org/maven2/org/assertj/assertj-core/3.27.3/assertj-core-3.27.3.pom
2025-05-25 10:30:03,029 [Worker-37: Importing Maven projects] INFO  o.e.m.c.i.e.AbstractTransferListenerAdapter - Downloading https://repo.maven.apache.org/maven2/net/bytebuddy/byte-buddy/1.17.5/byte-buddy-1.17.5.pom
2025-05-25 10:30:03,034 [Worker-37: Importing Maven projects] INFO  o.e.m.c.i.e.AbstractTransferListenerAdapter - Downloaded https://repo.maven.apache.org/maven2/net/bytebuddy/byte-buddy/1.17.5/byte-buddy-1.17.5.pom
2025-05-25 10:30:03,046 [Worker-37: Importing Maven projects] INFO  o.e.m.c.i.e.AbstractTransferListenerAdapter - Downloading https://repo.maven.apache.org/maven2/net/bytebuddy/byte-buddy-parent/1.17.5/byte-buddy-parent-1.17.5.pom
2025-05-25 10:30:03,054 [Worker-37: Importing Maven projects] INFO  o.e.m.c.i.e.AbstractTransferListenerAdapter - Downloaded https://repo.maven.apache.org/maven2/net/bytebuddy/byte-buddy-parent/1.17.5/byte-buddy-parent-1.17.5.pom
2025-05-25 10:30:03,066 [Worker-37: Importing Maven projects] INFO  o.e.m.c.i.e.AbstractTransferListenerAdapter - Downloading https://repo.maven.apache.org/maven2/org/awaitility/awaitility/4.3.0/awaitility-4.3.0.pom
2025-05-25 10:30:03,068 [Worker-37: Importing Maven projects] INFO  o.e.m.c.i.e.AbstractTransferListenerAdapter - Downloaded https://repo.maven.apache.org/maven2/org/awaitility/awaitility/4.3.0/awaitility-4.3.0.pom
2025-05-25 10:30:03,077 [Worker-37: Importing Maven projects] INFO  o.e.m.c.i.e.AbstractTransferListenerAdapter - Downloading https://repo.maven.apache.org/maven2/org/awaitility/awaitility-parent/4.3.0/awaitility-parent-4.3.0.pom
2025-05-25 10:30:03,079 [Worker-37: Importing Maven projects] INFO  o.e.m.c.i.e.AbstractTransferListenerAdapter - Downloaded https://repo.maven.apache.org/maven2/org/awaitility/awaitility-parent/4.3.0/awaitility-parent-4.3.0.pom
2025-05-25 10:30:03,087 [Worker-37: Importing Maven projects] INFO  o.e.m.c.i.e.AbstractTransferListenerAdapter - Downloading https://repo.maven.apache.org/maven2/org/hamcrest/hamcrest/3.0/hamcrest-3.0.pom
2025-05-25 10:30:03,089 [Worker-37: Importing Maven projects] INFO  o.e.m.c.i.e.AbstractTransferListenerAdapter - Downloaded https://repo.maven.apache.org/maven2/org/hamcrest/hamcrest/3.0/hamcrest-3.0.pom
2025-05-25 10:30:03,097 [Worker-37: Importing Maven projects] INFO  o.e.m.c.i.e.AbstractTransferListenerAdapter - Downloading https://repo.maven.apache.org/maven2/org/junit/jupiter/junit-jupiter/5.12.2/junit-jupiter-5.12.2.pom
2025-05-25 10:30:03,100 [Worker-37: Importing Maven projects] INFO  o.e.m.c.i.e.AbstractTransferListenerAdapter - Downloaded https://repo.maven.apache.org/maven2/org/junit/jupiter/junit-jupiter/5.12.2/junit-jupiter-5.12.2.pom
2025-05-25 10:30:03,110 [Worker-37: Importing Maven projects] INFO  o.e.m.c.i.e.AbstractTransferListenerAdapter - Downloading https://repo.maven.apache.org/maven2/org/junit/jupiter/junit-jupiter-api/5.12.2/junit-jupiter-api-5.12.2.pom
2025-05-25 10:30:03,112 [Worker-37: Importing Maven projects] INFO  o.e.m.c.i.e.AbstractTransferListenerAdapter - Downloaded https://repo.maven.apache.org/maven2/org/junit/jupiter/junit-jupiter-api/5.12.2/junit-jupiter-api-5.12.2.pom
2025-05-25 10:30:03,122 [Worker-37: Importing Maven projects] INFO  o.e.m.c.i.e.AbstractTransferListenerAdapter - Downloading https://repo.maven.apache.org/maven2/org/junit/platform/junit-platform-commons/1.12.2/junit-platform-commons-1.12.2.pom
2025-05-25 10:30:03,124 [Worker-37: Importing Maven projects] INFO  o.e.m.c.i.e.AbstractTransferListenerAdapter - Downloaded https://repo.maven.apache.org/maven2/org/junit/platform/junit-platform-commons/1.12.2/junit-platform-commons-1.12.2.pom
2025-05-25 10:30:03,135 [Worker-37: Importing Maven projects] INFO  o.e.m.c.i.e.AbstractTransferListenerAdapter - Downloading https://repo.maven.apache.org/maven2/org/junit/jupiter/junit-jupiter-params/5.12.2/junit-jupiter-params-5.12.2.pom
2025-05-25 10:30:03,138 [Worker-37: Importing Maven projects] INFO  o.e.m.c.i.e.AbstractTransferListenerAdapter - Downloaded https://repo.maven.apache.org/maven2/org/junit/jupiter/junit-jupiter-params/5.12.2/junit-jupiter-params-5.12.2.pom
2025-05-25 10:30:03,146 [Worker-37: Importing Maven projects] INFO  o.e.m.c.i.e.AbstractTransferListenerAdapter - Downloading https://repo.maven.apache.org/maven2/org/junit/jupiter/junit-jupiter-engine/5.12.2/junit-jupiter-engine-5.12.2.pom
2025-05-25 10:30:03,148 [Worker-37: Importing Maven projects] INFO  o.e.m.c.i.e.AbstractTransferListenerAdapter - Downloaded https://repo.maven.apache.org/maven2/org/junit/jupiter/junit-jupiter-engine/5.12.2/junit-jupiter-engine-5.12.2.pom
2025-05-25 10:30:03,157 [Worker-37: Importing Maven projects] INFO  o.e.m.c.i.e.AbstractTransferListenerAdapter - Downloading https://repo.maven.apache.org/maven2/org/junit/platform/junit-platform-engine/1.12.2/junit-platform-engine-1.12.2.pom
2025-05-25 10:30:03,159 [Worker-37: Importing Maven projects] INFO  o.e.m.c.i.e.AbstractTransferListenerAdapter - Downloaded https://repo.maven.apache.org/maven2/org/junit/platform/junit-platform-engine/1.12.2/junit-platform-engine-1.12.2.pom
2025-05-25 10:30:03,167 [Worker-37: Importing Maven projects] INFO  o.e.m.c.i.e.AbstractTransferListenerAdapter - Downloading https://repo.maven.apache.org/maven2/org/mockito/mockito-core/5.17.0/mockito-core-5.17.0.pom
2025-05-25 10:30:03,171 [Worker-37: Importing Maven projects] INFO  o.e.m.c.i.e.AbstractTransferListenerAdapter - Downloaded https://repo.maven.apache.org/maven2/org/mockito/mockito-core/5.17.0/mockito-core-5.17.0.pom
2025-05-25 10:30:03,179 [Worker-37: Importing Maven projects] INFO  o.e.m.c.i.e.AbstractTransferListenerAdapter - Downloading https://repo.maven.apache.org/maven2/net/bytebuddy/byte-buddy-agent/1.17.5/byte-buddy-agent-1.17.5.pom
2025-05-25 10:30:03,184 [Worker-37: Importing Maven projects] INFO  o.e.m.c.i.e.AbstractTransferListenerAdapter - Downloaded https://repo.maven.apache.org/maven2/net/bytebuddy/byte-buddy-agent/1.17.5/byte-buddy-agent-1.17.5.pom
2025-05-25 10:30:03,198 [Worker-37: Importing Maven projects] INFO  o.e.m.c.i.e.AbstractTransferListenerAdapter - Downloading https://repo.maven.apache.org/maven2/org/mockito/mockito-junit-jupiter/5.17.0/mockito-junit-jupiter-5.17.0.pom
2025-05-25 10:30:03,200 [Worker-37: Importing Maven projects] INFO  o.e.m.c.i.e.AbstractTransferListenerAdapter - Downloaded https://repo.maven.apache.org/maven2/org/mockito/mockito-junit-jupiter/5.17.0/mockito-junit-jupiter-5.17.0.pom
2025-05-25 10:30:03,212 [Worker-37: Importing Maven projects] INFO  o.e.m.c.i.e.AbstractTransferListenerAdapter - Downloading https://repo.maven.apache.org/maven2/org/xmlunit/xmlunit-core/2.10.1/xmlunit-core-2.10.1.pom
2025-05-25 10:30:03,214 [Worker-37: Importing Maven projects] INFO  o.e.m.c.i.e.AbstractTransferListenerAdapter - Downloaded https://repo.maven.apache.org/maven2/org/xmlunit/xmlunit-core/2.10.1/xmlunit-core-2.10.1.pom
2025-05-25 10:30:03,223 [Worker-37: Importing Maven projects] INFO  o.e.m.c.i.e.AbstractTransferListenerAdapter - Downloading https://repo.maven.apache.org/maven2/org/xmlunit/xmlunit-parent/2.10.1/xmlunit-parent-2.10.1.pom
2025-05-25 10:30:03,227 [Worker-37: Importing Maven projects] INFO  o.e.m.c.i.e.AbstractTransferListenerAdapter - Downloaded https://repo.maven.apache.org/maven2/org/xmlunit/xmlunit-parent/2.10.1/xmlunit-parent-2.10.1.pom
2025-05-25 10:30:03,254 [Worker-37: Importing Maven projects] INFO  o.e.m.c.i.e.AbstractTransferListenerAdapter - Downloading https://repo.maven.apache.org/maven2/org/springframework/boot/spring-boot-starter-web/3.5.0/spring-boot-starter-web-3.5.0.jar
2025-05-25 10:30:03,256 [Worker-37: Importing Maven projects] INFO  o.e.m.c.i.e.AbstractTransferListenerAdapter - Downloaded https://repo.maven.apache.org/maven2/org/springframework/boot/spring-boot-starter-web/3.5.0/spring-boot-starter-web-3.5.0.jar
2025-05-25 10:30:03,261 [BasicRepositoryConnector-repo.maven.apache.org-3-3] INFO  o.e.m.c.i.e.AbstractTransferListenerAdapter - Downloading https://repo.maven.apache.org/maven2/org/springframework/boot/spring-boot-starter-logging/3.5.0/spring-boot-starter-logging-3.5.0.jar
2025-05-25 10:30:03,263 [BasicRepositoryConnector-repo.maven.apache.org-3-1] INFO  o.e.m.c.i.e.AbstractTransferListenerAdapter - Downloading https://repo.maven.apache.org/maven2/org/springframework/boot/spring-boot/3.5.0/spring-boot-3.5.0.jar
2025-05-25 10:30:03,264 [BasicRepositoryConnector-repo.maven.apache.org-3-2] INFO  o.e.m.c.i.e.AbstractTransferListenerAdapter - Downloading https://repo.maven.apache.org/maven2/org/springframework/boot/spring-boot-autoconfigure/3.5.0/spring-boot-autoconfigure-3.5.0.jar
2025-05-25 10:30:03,264 [BasicRepositoryConnector-repo.maven.apache.org-3-3] INFO  o.e.m.c.i.e.AbstractTransferListenerAdapter - Downloaded https://repo.maven.apache.org/maven2/org/springframework/boot/spring-boot-starter-logging/3.5.0/spring-boot-starter-logging-3.5.0.jar
2025-05-25 10:30:03,289 [BasicRepositoryConnector-repo.maven.apache.org-3-3] INFO  o.e.m.c.i.e.AbstractTransferListenerAdapter - Downloading https://repo.maven.apache.org/maven2/ch/qos/logback/logback-core/1.5.18/logback-core-1.5.18.jar
2025-05-25 10:30:03,318 [BasicRepositoryConnector-repo.maven.apache.org-3-4] INFO  o.e.m.c.i.e.AbstractTransferListenerAdapter - Downloading https://repo.maven.apache.org/maven2/ch/qos/logback/logback-classic/1.5.18/logback-classic-1.5.18.jar
2025-05-25 10:30:03,336 [BasicRepositoryConnector-repo.maven.apache.org-3-0] INFO  o.e.m.c.i.e.AbstractTransferListenerAdapter - Downloading https://repo.maven.apache.org/maven2/org/springframework/boot/spring-boot-starter/3.5.0/spring-boot-starter-3.5.0.jar
2025-05-25 10:30:03,338 [BasicRepositoryConnector-repo.maven.apache.org-3-0] INFO  o.e.m.c.i.e.AbstractTransferListenerAdapter - Downloaded https://repo.maven.apache.org/maven2/org/springframework/boot/spring-boot-starter/3.5.0/spring-boot-starter-3.5.0.jar
2025-05-25 10:30:03,376 [BasicRepositoryConnector-repo.maven.apache.org-3-0] INFO  o.e.m.c.i.e.AbstractTransferListenerAdapter - Downloading https://repo.maven.apache.org/maven2/org/slf4j/jul-to-slf4j/2.0.17/jul-to-slf4j-2.0.17.jar
2025-05-25 10:30:03,379 [BasicRepositoryConnector-repo.maven.apache.org-3-0] INFO  o.e.m.c.i.e.AbstractTransferListenerAdapter - Downloaded https://repo.maven.apache.org/maven2/org/slf4j/jul-to-slf4j/2.0.17/jul-to-slf4j-2.0.17.jar
2025-05-25 10:30:03,423 [BasicRepositoryConnector-repo.maven.apache.org-3-0] INFO  o.e.m.c.i.e.AbstractTransferListenerAdapter - Downloading https://repo.maven.apache.org/maven2/org/yaml/snakeyaml/2.4/snakeyaml-2.4.jar
2025-05-25 10:30:03,444 [BasicRepositoryConnector-repo.maven.apache.org-3-4] INFO  o.e.m.c.i.e.AbstractTransferListenerAdapter - Downloaded https://repo.maven.apache.org/maven2/ch/qos/logback/logback-classic/1.5.18/logback-classic-1.5.18.jar
2025-05-25 10:30:03,476 [BasicRepositoryConnector-repo.maven.apache.org-3-4] INFO  o.e.m.c.i.e.AbstractTransferListenerAdapter - Downloading https://repo.maven.apache.org/maven2/org/springframework/boot/spring-boot-starter-json/3.5.0/spring-boot-starter-json-3.5.0.jar
2025-05-25 10:30:03,479 [BasicRepositoryConnector-repo.maven.apache.org-3-4] INFO  o.e.m.c.i.e.AbstractTransferListenerAdapter - Downloaded https://repo.maven.apache.org/maven2/org/springframework/boot/spring-boot-starter-json/3.5.0/spring-boot-starter-json-3.5.0.jar
2025-05-25 10:30:03,511 [BasicRepositoryConnector-repo.maven.apache.org-3-4] INFO  o.e.m.c.i.e.AbstractTransferListenerAdapter - Downloading https://repo.maven.apache.org/maven2/com/fasterxml/jackson/core/jackson-databind/2.19.0/jackson-databind-2.19.0.jar
2025-05-25 10:30:03,561 [BasicRepositoryConnector-repo.maven.apache.org-3-0] INFO  o.e.m.c.i.e.AbstractTransferListenerAdapter - Downloaded https://repo.maven.apache.org/maven2/org/yaml/snakeyaml/2.4/snakeyaml-2.4.jar
2025-05-25 10:30:03,599 [BasicRepositoryConnector-repo.maven.apache.org-3-0] INFO  o.e.m.c.i.e.AbstractTransferListenerAdapter - Downloading https://repo.maven.apache.org/maven2/com/fasterxml/jackson/core/jackson-annotations/2.19.0/jackson-annotations-2.19.0.jar
2025-05-25 10:30:03,618 [BasicRepositoryConnector-repo.maven.apache.org-3-0] INFO  o.e.m.c.i.e.AbstractTransferListenerAdapter - Downloaded https://repo.maven.apache.org/maven2/com/fasterxml/jackson/core/jackson-annotations/2.19.0/jackson-annotations-2.19.0.jar
2025-05-25 10:30:03,636 [BasicRepositoryConnector-repo.maven.apache.org-3-3] INFO  o.e.m.c.i.e.AbstractTransferListenerAdapter - Downloaded https://repo.maven.apache.org/maven2/ch/qos/logback/logback-core/1.5.18/logback-core-1.5.18.jar
2025-05-25 10:30:03,653 [BasicRepositoryConnector-repo.maven.apache.org-3-0] INFO  o.e.m.c.i.e.AbstractTransferListenerAdapter - Downloading https://repo.maven.apache.org/maven2/com/fasterxml/jackson/core/jackson-core/2.19.0/jackson-core-2.19.0.jar
2025-05-25 10:30:03,681 [BasicRepositoryConnector-repo.maven.apache.org-3-3] INFO  o.e.m.c.i.e.AbstractTransferListenerAdapter - Downloading https://repo.maven.apache.org/maven2/com/fasterxml/jackson/datatype/jackson-datatype-jdk8/2.19.0/jackson-datatype-jdk8-2.19.0.jar
2025-05-25 10:30:03,700 [BasicRepositoryConnector-repo.maven.apache.org-3-3] INFO  o.e.m.c.i.e.AbstractTransferListenerAdapter - Downloaded https://repo.maven.apache.org/maven2/com/fasterxml/jackson/datatype/jackson-datatype-jdk8/2.19.0/jackson-datatype-jdk8-2.19.0.jar
2025-05-25 10:30:03,744 [BasicRepositoryConnector-repo.maven.apache.org-3-3] INFO  o.e.m.c.i.e.AbstractTransferListenerAdapter - Downloading https://repo.maven.apache.org/maven2/com/fasterxml/jackson/datatype/jackson-datatype-jsr310/2.19.0/jackson-datatype-jsr310-2.19.0.jar
2025-05-25 10:30:03,823 [BasicRepositoryConnector-repo.maven.apache.org-3-0] INFO  o.e.m.c.i.e.AbstractTransferListenerAdapter - Downloaded https://repo.maven.apache.org/maven2/com/fasterxml/jackson/core/jackson-core/2.19.0/jackson-core-2.19.0.jar
2025-05-25 10:30:03,875 [BasicRepositoryConnector-repo.maven.apache.org-3-3] INFO  o.e.m.c.i.e.AbstractTransferListenerAdapter - Downloaded https://repo.maven.apache.org/maven2/com/fasterxml/jackson/datatype/jackson-datatype-jsr310/2.19.0/jackson-datatype-jsr310-2.19.0.jar
2025-05-25 10:30:03,881 [BasicRepositoryConnector-repo.maven.apache.org-3-0] INFO  o.e.m.c.i.e.AbstractTransferListenerAdapter - Downloading https://repo.maven.apache.org/maven2/com/fasterxml/jackson/module/jackson-module-parameter-names/2.19.0/jackson-module-parameter-names-2.19.0.jar
2025-05-25 10:30:03,883 [BasicRepositoryConnector-repo.maven.apache.org-3-0] INFO  o.e.m.c.i.e.AbstractTransferListenerAdapter - Downloaded https://repo.maven.apache.org/maven2/com/fasterxml/jackson/module/jackson-module-parameter-names/2.19.0/jackson-module-parameter-names-2.19.0.jar
2025-05-25 10:30:03,916 [BasicRepositoryConnector-repo.maven.apache.org-3-3] INFO  o.e.m.c.i.e.AbstractTransferListenerAdapter - Downloading https://repo.maven.apache.org/maven2/org/springframework/boot/spring-boot-starter-tomcat/3.5.0/spring-boot-starter-tomcat-3.5.0.jar
2025-05-25 10:30:03,920 [BasicRepositoryConnector-repo.maven.apache.org-3-3] INFO  o.e.m.c.i.e.AbstractTransferListenerAdapter - Downloaded https://repo.maven.apache.org/maven2/org/springframework/boot/spring-boot-starter-tomcat/3.5.0/spring-boot-starter-tomcat-3.5.0.jar
2025-05-25 10:30:03,920 [BasicRepositoryConnector-repo.maven.apache.org-3-0] INFO  o.e.m.c.i.e.AbstractTransferListenerAdapter - Downloading https://repo.maven.apache.org/maven2/org/apache/tomcat/embed/tomcat-embed-core/10.1.41/tomcat-embed-core-10.1.41.jar
2025-05-25 10:30:03,947 [BasicRepositoryConnector-repo.maven.apache.org-3-3] INFO  o.e.m.c.i.e.AbstractTransferListenerAdapter - Downloading https://repo.maven.apache.org/maven2/org/apache/tomcat/embed/tomcat-embed-el/10.1.41/tomcat-embed-el-10.1.41.jar
2025-05-25 10:30:03,947 [BasicRepositoryConnector-repo.maven.apache.org-3-4] INFO  o.e.m.c.i.e.AbstractTransferListenerAdapter - Downloaded https://repo.maven.apache.org/maven2/com/fasterxml/jackson/core/jackson-databind/2.19.0/jackson-databind-2.19.0.jar
2025-05-25 10:30:03,980 [BasicRepositoryConnector-repo.maven.apache.org-3-4] INFO  o.e.m.c.i.e.AbstractTransferListenerAdapter - Downloading https://repo.maven.apache.org/maven2/org/apache/tomcat/embed/tomcat-embed-websocket/10.1.41/tomcat-embed-websocket-10.1.41.jar
2025-05-25 10:30:04,061 [BasicRepositoryConnector-repo.maven.apache.org-3-4] INFO  o.e.m.c.i.e.AbstractTransferListenerAdapter - Downloaded https://repo.maven.apache.org/maven2/org/apache/tomcat/embed/tomcat-embed-websocket/10.1.41/tomcat-embed-websocket-10.1.41.jar
2025-05-25 10:30:04,093 [BasicRepositoryConnector-repo.maven.apache.org-3-4] INFO  o.e.m.c.i.e.AbstractTransferListenerAdapter - Downloading https://repo.maven.apache.org/maven2/org/springframework/spring-web/6.2.7/spring-web-6.2.7.jar
2025-05-25 10:30:04,142 [BasicRepositoryConnector-repo.maven.apache.org-3-2] INFO  o.e.m.c.i.e.AbstractTransferListenerAdapter - Downloaded https://repo.maven.apache.org/maven2/org/springframework/boot/spring-boot-autoconfigure/3.5.0/spring-boot-autoconfigure-3.5.0.jar
2025-05-25 10:30:04,198 [BasicRepositoryConnector-repo.maven.apache.org-3-2] INFO  o.e.m.c.i.e.AbstractTransferListenerAdapter - Downloading https://repo.maven.apache.org/maven2/org/springframework/spring-beans/6.2.7/spring-beans-6.2.7.jar
2025-05-25 10:30:04,240 [BasicRepositoryConnector-repo.maven.apache.org-3-3] INFO  o.e.m.c.i.e.AbstractTransferListenerAdapter - Downloaded https://repo.maven.apache.org/maven2/org/apache/tomcat/embed/tomcat-embed-el/10.1.41/tomcat-embed-el-10.1.41.jar
2025-05-25 10:30:04,240 [BasicRepositoryConnector-repo.maven.apache.org-3-1] INFO  o.e.m.c.i.e.AbstractTransferListenerAdapter - Downloaded https://repo.maven.apache.org/maven2/org/springframework/boot/spring-boot/3.5.0/spring-boot-3.5.0.jar
2025-05-25 10:30:04,281 [BasicRepositoryConnector-repo.maven.apache.org-3-3] INFO  o.e.m.c.i.e.AbstractTransferListenerAdapter - Downloading https://repo.maven.apache.org/maven2/io/micrometer/micrometer-observation/1.15.0/micrometer-observation-1.15.0.jar
2025-05-25 10:30:04,283 [BasicRepositoryConnector-repo.maven.apache.org-3-1] INFO  o.e.m.c.i.e.AbstractTransferListenerAdapter - Downloading https://repo.maven.apache.org/maven2/io/micrometer/micrometer-commons/1.15.0/micrometer-commons-1.15.0.jar
2025-05-25 10:30:04,311 [BasicRepositoryConnector-repo.maven.apache.org-3-1] INFO  o.e.m.c.i.e.AbstractTransferListenerAdapter - Downloaded https://repo.maven.apache.org/maven2/io/micrometer/micrometer-commons/1.15.0/micrometer-commons-1.15.0.jar
2025-05-25 10:30:04,349 [BasicRepositoryConnector-repo.maven.apache.org-3-1] INFO  o.e.m.c.i.e.AbstractTransferListenerAdapter - Downloading https://repo.maven.apache.org/maven2/org/springframework/spring-webmvc/6.2.7/spring-webmvc-6.2.7.jar
2025-05-25 10:30:04,363 [BasicRepositoryConnector-repo.maven.apache.org-3-3] INFO  o.e.m.c.i.e.AbstractTransferListenerAdapter - Downloaded https://repo.maven.apache.org/maven2/io/micrometer/micrometer-observation/1.15.0/micrometer-observation-1.15.0.jar
2025-05-25 10:30:04,404 [BasicRepositoryConnector-repo.maven.apache.org-3-3] INFO  o.e.m.c.i.e.AbstractTransferListenerAdapter - Downloading https://repo.maven.apache.org/maven2/org/springframework/spring-aop/6.2.7/spring-aop-6.2.7.jar
2025-05-25 10:30:04,760 [BasicRepositoryConnector-repo.maven.apache.org-3-2] INFO  o.e.m.c.i.e.AbstractTransferListenerAdapter - Downloaded https://repo.maven.apache.org/maven2/org/springframework/spring-beans/6.2.7/spring-beans-6.2.7.jar
2025-05-25 10:30:04,796 [BasicRepositoryConnector-repo.maven.apache.org-3-2] INFO  o.e.m.c.i.e.AbstractTransferListenerAdapter - Downloading https://repo.maven.apache.org/maven2/org/springframework/spring-context/6.2.7/spring-context-6.2.7.jar
2025-05-25 10:30:04,834 [BasicRepositoryConnector-repo.maven.apache.org-3-0] INFO  o.e.m.c.i.e.AbstractTransferListenerAdapter - Downloaded https://repo.maven.apache.org/maven2/org/apache/tomcat/embed/tomcat-embed-core/10.1.41/tomcat-embed-core-10.1.41.jar
2025-05-25 10:30:04,852 [BasicRepositoryConnector-repo.maven.apache.org-3-0] INFO  o.e.m.c.i.e.AbstractTransferListenerAdapter - Downloading https://repo.maven.apache.org/maven2/org/springframework/spring-expression/6.2.7/spring-expression-6.2.7.jar
2025-05-25 10:30:04,904 [BasicRepositoryConnector-repo.maven.apache.org-3-3] INFO  o.e.m.c.i.e.AbstractTransferListenerAdapter - Downloaded https://repo.maven.apache.org/maven2/org/springframework/spring-aop/6.2.7/spring-aop-6.2.7.jar
2025-05-25 10:30:04,940 [BasicRepositoryConnector-repo.maven.apache.org-3-3] INFO  o.e.m.c.i.e.AbstractTransferListenerAdapter - Downloading https://repo.maven.apache.org/maven2/org/springframework/boot/spring-boot-starter-test/3.5.0/spring-boot-starter-test-3.5.0.jar
2025-05-25 10:30:04,942 [BasicRepositoryConnector-repo.maven.apache.org-3-0] INFO  o.e.m.c.i.e.AbstractTransferListenerAdapter - Downloaded https://repo.maven.apache.org/maven2/org/springframework/spring-expression/6.2.7/spring-expression-6.2.7.jar
2025-05-25 10:30:04,943 [BasicRepositoryConnector-repo.maven.apache.org-3-3] INFO  o.e.m.c.i.e.AbstractTransferListenerAdapter - Downloaded https://repo.maven.apache.org/maven2/org/springframework/boot/spring-boot-starter-test/3.5.0/spring-boot-starter-test-3.5.0.jar
2025-05-25 10:30:04,962 [BasicRepositoryConnector-repo.maven.apache.org-3-0] INFO  o.e.m.c.i.e.AbstractTransferListenerAdapter - Downloading https://repo.maven.apache.org/maven2/org/springframework/boot/spring-boot-test/3.5.0/spring-boot-test-3.5.0.jar
2025-05-25 10:30:04,963 [BasicRepositoryConnector-repo.maven.apache.org-3-3] INFO  o.e.m.c.i.e.AbstractTransferListenerAdapter - Downloading https://repo.maven.apache.org/maven2/org/springframework/boot/spring-boot-test-autoconfigure/3.5.0/spring-boot-test-autoconfigure-3.5.0.jar
2025-05-25 10:30:04,972 [BasicRepositoryConnector-repo.maven.apache.org-3-4] INFO  o.e.m.c.i.e.AbstractTransferListenerAdapter - Downloaded https://repo.maven.apache.org/maven2/org/springframework/spring-web/6.2.7/spring-web-6.2.7.jar
2025-05-25 10:30:04,998 [BasicRepositoryConnector-repo.maven.apache.org-3-4] INFO  o.e.m.c.i.e.AbstractTransferListenerAdapter - Downloading https://repo.maven.apache.org/maven2/org/slf4j/slf4j-api/2.0.17/slf4j-api-2.0.17.jar
2025-05-25 10:30:05,015 [BasicRepositoryConnector-repo.maven.apache.org-3-4] INFO  o.e.m.c.i.e.AbstractTransferListenerAdapter - Downloaded https://repo.maven.apache.org/maven2/org/slf4j/slf4j-api/2.0.17/slf4j-api-2.0.17.jar
2025-05-25 10:30:05,022 [BasicRepositoryConnector-repo.maven.apache.org-3-3] INFO  o.e.m.c.i.e.AbstractTransferListenerAdapter - Downloaded https://repo.maven.apache.org/maven2/org/springframework/boot/spring-boot-test-autoconfigure/3.5.0/spring-boot-test-autoconfigure-3.5.0.jar
2025-05-25 10:30:05,031 [BasicRepositoryConnector-repo.maven.apache.org-3-4] INFO  o.e.m.c.i.e.AbstractTransferListenerAdapter - Downloading https://repo.maven.apache.org/maven2/net/minidev/json-smart/2.5.2/json-smart-2.5.2.jar
2025-05-25 10:30:05,041 [BasicRepositoryConnector-repo.maven.apache.org-3-3] INFO  o.e.m.c.i.e.AbstractTransferListenerAdapter - Downloading https://repo.maven.apache.org/maven2/net/minidev/accessors-smart/2.5.2/accessors-smart-2.5.2.jar
2025-05-25 10:30:05,049 [BasicRepositoryConnector-repo.maven.apache.org-3-3] INFO  o.e.m.c.i.e.AbstractTransferListenerAdapter - Downloaded https://repo.maven.apache.org/maven2/net/minidev/accessors-smart/2.5.2/accessors-smart-2.5.2.jar
2025-05-25 10:30:05,060 [BasicRepositoryConnector-repo.maven.apache.org-3-4] INFO  o.e.m.c.i.e.AbstractTransferListenerAdapter - Downloaded https://repo.maven.apache.org/maven2/net/minidev/json-smart/2.5.2/json-smart-2.5.2.jar
2025-05-25 10:30:05,064 [BasicRepositoryConnector-repo.maven.apache.org-3-3] INFO  o.e.m.c.i.e.AbstractTransferListenerAdapter - Downloading https://repo.maven.apache.org/maven2/org/assertj/assertj-core/3.27.3/assertj-core-3.27.3.jar
2025-05-25 10:30:05,076 [BasicRepositoryConnector-repo.maven.apache.org-3-4] INFO  o.e.m.c.i.e.AbstractTransferListenerAdapter - Downloading https://repo.maven.apache.org/maven2/net/bytebuddy/byte-buddy/1.17.5/byte-buddy-1.17.5.jar
2025-05-25 10:30:05,278 [BasicRepositoryConnector-repo.maven.apache.org-3-0] INFO  o.e.m.c.i.e.AbstractTransferListenerAdapter - Downloaded https://repo.maven.apache.org/maven2/org/springframework/boot/spring-boot-test/3.5.0/spring-boot-test-3.5.0.jar
2025-05-25 10:30:05,325 [BasicRepositoryConnector-repo.maven.apache.org-3-0] INFO  o.e.m.c.i.e.AbstractTransferListenerAdapter - Downloading https://repo.maven.apache.org/maven2/org/awaitility/awaitility/4.3.0/awaitility-4.3.0.jar
2025-05-25 10:30:05,453 [BasicRepositoryConnector-repo.maven.apache.org-3-0] INFO  o.e.m.c.i.e.AbstractTransferListenerAdapter - Downloaded https://repo.maven.apache.org/maven2/org/awaitility/awaitility/4.3.0/awaitility-4.3.0.jar
2025-05-25 10:30:05,478 [BasicRepositoryConnector-repo.maven.apache.org-3-3] INFO  o.e.m.c.i.e.AbstractTransferListenerAdapter - Downloaded https://repo.maven.apache.org/maven2/org/assertj/assertj-core/3.27.3/assertj-core-3.27.3.jar
2025-05-25 10:30:05,485 [BasicRepositoryConnector-repo.maven.apache.org-3-0] INFO  o.e.m.c.i.e.AbstractTransferListenerAdapter - Downloading https://repo.maven.apache.org/maven2/org/hamcrest/hamcrest/3.0/hamcrest-3.0.jar
2025-05-25 10:30:05,503 [BasicRepositoryConnector-repo.maven.apache.org-3-3] INFO  o.e.m.c.i.e.AbstractTransferListenerAdapter - Downloading https://repo.maven.apache.org/maven2/org/junit/jupiter/junit-jupiter/5.12.2/junit-jupiter-5.12.2.jar
2025-05-25 10:30:05,508 [BasicRepositoryConnector-repo.maven.apache.org-3-3] INFO  o.e.m.c.i.e.AbstractTransferListenerAdapter - Downloaded https://repo.maven.apache.org/maven2/org/junit/jupiter/junit-jupiter/5.12.2/junit-jupiter-5.12.2.jar
2025-05-25 10:30:05,511 [BasicRepositoryConnector-repo.maven.apache.org-3-1] INFO  o.e.m.c.i.e.AbstractTransferListenerAdapter - Downloaded https://repo.maven.apache.org/maven2/org/springframework/spring-webmvc/6.2.7/spring-webmvc-6.2.7.jar
2025-05-25 10:30:05,532 [BasicRepositoryConnector-repo.maven.apache.org-3-3] INFO  o.e.m.c.i.e.AbstractTransferListenerAdapter - Downloading https://repo.maven.apache.org/maven2/org/junit/jupiter/junit-jupiter-api/5.12.2/junit-jupiter-api-5.12.2.jar
2025-05-25 10:30:05,533 [BasicRepositoryConnector-repo.maven.apache.org-3-1] INFO  o.e.m.c.i.e.AbstractTransferListenerAdapter - Downloading https://repo.maven.apache.org/maven2/org/junit/platform/junit-platform-commons/1.12.2/junit-platform-commons-1.12.2.jar
2025-05-25 10:30:05,582 [BasicRepositoryConnector-repo.maven.apache.org-3-1] INFO  o.e.m.c.i.e.AbstractTransferListenerAdapter - Downloaded https://repo.maven.apache.org/maven2/org/junit/platform/junit-platform-commons/1.12.2/junit-platform-commons-1.12.2.jar
2025-05-25 10:30:05,585 [BasicRepositoryConnector-repo.maven.apache.org-3-2] INFO  o.e.m.c.i.e.AbstractTransferListenerAdapter - Downloaded https://repo.maven.apache.org/maven2/org/springframework/spring-context/6.2.7/spring-context-6.2.7.jar
2025-05-25 10:30:05,608 [BasicRepositoryConnector-repo.maven.apache.org-3-1] INFO  o.e.m.c.i.e.AbstractTransferListenerAdapter - Downloading https://repo.maven.apache.org/maven2/org/junit/jupiter/junit-jupiter-params/5.12.2/junit-jupiter-params-5.12.2.jar
2025-05-25 10:30:05,608 [BasicRepositoryConnector-repo.maven.apache.org-3-2] INFO  o.e.m.c.i.e.AbstractTransferListenerAdapter - Downloading https://repo.maven.apache.org/maven2/org/junit/jupiter/junit-jupiter-engine/5.12.2/junit-jupiter-engine-5.12.2.jar
2025-05-25 10:30:05,611 [BasicRepositoryConnector-repo.maven.apache.org-3-0] INFO  o.e.m.c.i.e.AbstractTransferListenerAdapter - Downloaded https://repo.maven.apache.org/maven2/org/hamcrest/hamcrest/3.0/hamcrest-3.0.jar
2025-05-25 10:30:05,646 [BasicRepositoryConnector-repo.maven.apache.org-3-0] INFO  o.e.m.c.i.e.AbstractTransferListenerAdapter - Downloading https://repo.maven.apache.org/maven2/org/junit/platform/junit-platform-engine/1.12.2/junit-platform-engine-1.12.2.jar
2025-05-25 10:30:05,718 [BasicRepositoryConnector-repo.maven.apache.org-3-2] INFO  o.e.m.c.i.e.AbstractTransferListenerAdapter - Downloaded https://repo.maven.apache.org/maven2/org/junit/jupiter/junit-jupiter-engine/5.12.2/junit-jupiter-engine-5.12.2.jar
2025-05-25 10:30:05,735 [BasicRepositoryConnector-repo.maven.apache.org-3-2] INFO  o.e.m.c.i.e.AbstractTransferListenerAdapter - Downloading https://repo.maven.apache.org/maven2/org/mockito/mockito-core/5.17.0/mockito-core-5.17.0.jar
2025-05-25 10:30:05,773 [BasicRepositoryConnector-repo.maven.apache.org-3-3] INFO  o.e.m.c.i.e.AbstractTransferListenerAdapter - Downloaded https://repo.maven.apache.org/maven2/org/junit/jupiter/junit-jupiter-api/5.12.2/junit-jupiter-api-5.12.2.jar
2025-05-25 10:30:05,806 [BasicRepositoryConnector-repo.maven.apache.org-3-3] INFO  o.e.m.c.i.e.AbstractTransferListenerAdapter - Downloading https://repo.maven.apache.org/maven2/net/bytebuddy/byte-buddy-agent/1.17.5/byte-buddy-agent-1.17.5.jar
2025-05-25 10:30:05,919 [BasicRepositoryConnector-repo.maven.apache.org-3-0] INFO  o.e.m.c.i.e.AbstractTransferListenerAdapter - Downloaded https://repo.maven.apache.org/maven2/org/junit/platform/junit-platform-engine/1.12.2/junit-platform-engine-1.12.2.jar
2025-05-25 10:30:05,961 [BasicRepositoryConnector-repo.maven.apache.org-3-0] INFO  o.e.m.c.i.e.AbstractTransferListenerAdapter - Downloading https://repo.maven.apache.org/maven2/org/mockito/mockito-junit-jupiter/5.17.0/mockito-junit-jupiter-5.17.0.jar
2025-05-25 10:30:05,966 [BasicRepositoryConnector-repo.maven.apache.org-3-0] INFO  o.e.m.c.i.e.AbstractTransferListenerAdapter - Downloaded https://repo.maven.apache.org/maven2/org/mockito/mockito-junit-jupiter/5.17.0/mockito-junit-jupiter-5.17.0.jar
2025-05-25 10:30:05,977 [BasicRepositoryConnector-repo.maven.apache.org-3-2] INFO  o.e.m.c.i.e.AbstractTransferListenerAdapter - Downloaded https://repo.maven.apache.org/maven2/org/mockito/mockito-core/5.17.0/mockito-core-5.17.0.jar
2025-05-25 10:30:05,985 [BasicRepositoryConnector-repo.maven.apache.org-3-1] INFO  o.e.m.c.i.e.AbstractTransferListenerAdapter - Downloaded https://repo.maven.apache.org/maven2/org/junit/jupiter/junit-jupiter-params/5.12.2/junit-jupiter-params-5.12.2.jar
2025-05-25 10:30:06,002 [BasicRepositoryConnector-repo.maven.apache.org-3-0] INFO  o.e.m.c.i.e.AbstractTransferListenerAdapter - Downloading https://repo.maven.apache.org/maven2/org/springframework/spring-core/6.2.7/spring-core-6.2.7.jar
2025-05-25 10:30:06,012 [BasicRepositoryConnector-repo.maven.apache.org-3-2] INFO  o.e.m.c.i.e.AbstractTransferListenerAdapter - Downloading https://repo.maven.apache.org/maven2/org/springframework/spring-jcl/6.2.7/spring-jcl-6.2.7.jar
2025-05-25 10:30:06,019 [BasicRepositoryConnector-repo.maven.apache.org-3-2] INFO  o.e.m.c.i.e.AbstractTransferListenerAdapter - Downloaded https://repo.maven.apache.org/maven2/org/springframework/spring-jcl/6.2.7/spring-jcl-6.2.7.jar
2025-05-25 10:30:06,022 [BasicRepositoryConnector-repo.maven.apache.org-3-1] INFO  o.e.m.c.i.e.AbstractTransferListenerAdapter - Downloading https://repo.maven.apache.org/maven2/org/springframework/spring-test/6.2.7/spring-test-6.2.7.jar
2025-05-25 10:30:06,053 [BasicRepositoryConnector-repo.maven.apache.org-3-2] INFO  o.e.m.c.i.e.AbstractTransferListenerAdapter - Downloading https://repo.maven.apache.org/maven2/org/xmlunit/xmlunit-core/2.10.1/xmlunit-core-2.10.1.jar
2025-05-25 10:30:06,117 [BasicRepositoryConnector-repo.maven.apache.org-3-2] INFO  o.e.m.c.i.e.AbstractTransferListenerAdapter - Downloaded https://repo.maven.apache.org/maven2/org/xmlunit/xmlunit-core/2.10.1/xmlunit-core-2.10.1.jar
2025-05-25 10:30:06,217 [BasicRepositoryConnector-repo.maven.apache.org-3-3] INFO  o.e.m.c.i.e.AbstractTransferListenerAdapter - Downloaded https://repo.maven.apache.org/maven2/net/bytebuddy/byte-buddy-agent/1.17.5/byte-buddy-agent-1.17.5.jar
2025-05-25 10:30:06,510 [BasicRepositoryConnector-repo.maven.apache.org-3-1] INFO  o.e.m.c.i.e.AbstractTransferListenerAdapter - Downloaded https://repo.maven.apache.org/maven2/org/springframework/spring-test/6.2.7/spring-test-6.2.7.jar
2025-05-25 10:30:06,861 [BasicRepositoryConnector-repo.maven.apache.org-3-0] INFO  o.e.m.c.i.e.AbstractTransferListenerAdapter - Downloaded https://repo.maven.apache.org/maven2/org/springframework/spring-core/6.2.7/spring-core-6.2.7.jar
2025-05-25 10:30:07,285 [BasicRepositoryConnector-repo.maven.apache.org-3-4] INFO  o.e.m.c.i.e.AbstractTransferListenerAdapter - Downloaded https://repo.maven.apache.org/maven2/net/bytebuddy/byte-buddy/1.17.5/byte-buddy-1.17.5.jar
2025-05-25 10:30:07,366 [Worker-37: Importing Maven projects] INFO  o.e.m.c.i.e.AbstractTransferListenerAdapter - Downloading https://repo.maven.apache.org/maven2/org/apache/maven/plugins/maven-surefire-plugin/3.5.3/maven-surefire-plugin-3.5.3.pom
2025-05-25 10:30:07,370 [Worker-37: Importing Maven projects] INFO  o.e.m.c.i.e.AbstractTransferListenerAdapter - Downloaded https://repo.maven.apache.org/maven2/org/apache/maven/plugins/maven-surefire-plugin/3.5.3/maven-surefire-plugin-3.5.3.pom
2025-05-25 10:30:07,378 [Worker-37: Importing Maven projects] INFO  o.e.m.c.i.e.AbstractTransferListenerAdapter - Downloading https://repo.maven.apache.org/maven2/org/apache/maven/surefire/surefire/3.5.3/surefire-3.5.3.pom
2025-05-25 10:30:07,383 [Worker-37: Importing Maven projects] INFO  o.e.m.c.i.e.AbstractTransferListenerAdapter - Downloaded https://repo.maven.apache.org/maven2/org/apache/maven/surefire/surefire/3.5.3/surefire-3.5.3.pom
2025-05-25 10:30:07,391 [Worker-37: Importing Maven projects] INFO  o.e.m.c.i.e.AbstractTransferListenerAdapter - Downloading https://repo.maven.apache.org/maven2/org/apache/maven/maven-parent/44/maven-parent-44.pom
2025-05-25 10:30:07,400 [Worker-37: Importing Maven projects] INFO  o.e.m.c.i.e.AbstractTransferListenerAdapter - Downloaded https://repo.maven.apache.org/maven2/org/apache/maven/maven-parent/44/maven-parent-44.pom
2025-05-25 10:30:07,408 [Worker-37: Importing Maven projects] INFO  o.e.m.c.i.e.AbstractTransferListenerAdapter - Downloading https://repo.maven.apache.org/maven2/org/apache/apache/34/apache-34.pom
2025-05-25 10:30:07,414 [Worker-37: Importing Maven projects] INFO  o.e.m.c.i.e.AbstractTransferListenerAdapter - Downloaded https://repo.maven.apache.org/maven2/org/apache/apache/34/apache-34.pom
2025-05-25 10:30:07,425 [Worker-37: Importing Maven projects] INFO  o.e.m.c.i.e.AbstractTransferListenerAdapter - Downloading https://repo.maven.apache.org/maven2/org/junit/junit-bom/5.12.1/junit-bom-5.12.1.pom
2025-05-25 10:30:07,428 [Worker-37: Importing Maven projects] INFO  o.e.m.c.i.e.AbstractTransferListenerAdapter - Downloaded https://repo.maven.apache.org/maven2/org/junit/junit-bom/5.12.1/junit-bom-5.12.1.pom
2025-05-25 10:30:07,801 [Worker-37: Importing Maven projects] INFO  o.e.m.j.i.AbstractJavaProjectConfigurator - Adding source folder /SimpleAppForPrac/src/main/java
2025-05-25 10:30:07,802 [Worker-37: Importing Maven projects] INFO  o.e.m.j.i.AbstractJavaProjectConfigurator - Adding resource folder /SimpleAppForPrac/src/main/resources
2025-05-25 10:30:07,804 [Worker-37: Importing Maven projects] INFO  o.e.m.j.i.AbstractJavaProjectConfigurator - Adding resource folder /SimpleAppForPrac/src/main/resources
2025-05-25 10:30:07,806 [Worker-37: Importing Maven projects] INFO  o.e.m.j.i.AbstractJavaProjectConfigurator - Adding source folder /SimpleAppForPrac/src/test/java
2025-05-25 10:30:07,807 [Worker-37: Importing Maven projects] INFO  o.e.m.j.i.AbstractJavaProjectConfigurator - Adding resource folder /SimpleAppForPrac/src/test/resources
2025-05-25 10:30:07,950 [Worker-37: Importing Maven projects] INFO  o.e.m.c.i.p.ProjectConfigurationManager - Imported and configured 1 project(s) in 6 sec
2025-05-25 10:30:08,371 [Worker-39: Building] INFO  o.a.m.s.f.DefaultMavenResourcesFiltering - Copying 1 resource from src\main\resources to target\classes
2025-05-25 10:30:08,381 [Worker-39: Building] INFO  o.a.m.s.f.DefaultMavenResourcesFiltering - Copying 0 resource from src\main\resources to target\classes
2025-05-25 10:30:08,384 [Worker-39: Building] INFO  o.a.m.s.f.DefaultMavenResourcesFiltering - skip non existing resourceDirectory C:\DevOps\dockerProj\SimpleAppForPrac\src\test\resources
2025-05-25 10:30:08,747 [Worker-39: Download sources and javadoc] INFO  o.e.m.c.i.e.AbstractTransferListenerAdapter - Downloading https://repo.maven.apache.org/maven2/org/springframework/boot/spring-boot-starter-web/3.5.0/spring-boot-starter-web-3.5.0-sources.jar
2025-05-25 10:30:08,750 [Worker-39: Download sources and javadoc] INFO  o.e.m.c.i.e.AbstractTransferListenerAdapter - Downloaded https://repo.maven.apache.org/maven2/org/springframework/boot/spring-boot-starter-web/3.5.0/spring-boot-starter-web-3.5.0-sources.jar
2025-05-25 10:30:08,752 [Worker-39: Download sources and javadoc] INFO  o.e.m.j.internal.DownloadSourcesJob - Downloaded sources for org.springframework.boot:spring-boot-starter-web:3.5.0
2025-05-25 10:30:08,777 [Worker-39: Download sources and javadoc] INFO  o.e.m.c.i.e.AbstractTransferListenerAdapter - Downloading https://repo.maven.apache.org/maven2/org/springframework/boot/spring-boot-starter/3.5.0/spring-boot-starter-3.5.0-sources.jar
2025-05-25 10:30:08,780 [Worker-39: Download sources and javadoc] INFO  o.e.m.c.i.e.AbstractTransferListenerAdapter - Downloaded https://repo.maven.apache.org/maven2/org/springframework/boot/spring-boot-starter/3.5.0/spring-boot-starter-3.5.0-sources.jar
2025-05-25 10:30:08,782 [Worker-39: Download sources and javadoc] INFO  o.e.m.j.internal.DownloadSourcesJob - Downloaded sources for org.springframework.boot:spring-boot-starter:3.5.0
2025-05-25 10:30:08,803 [Worker-39: Download sources and javadoc] INFO  o.e.m.c.i.e.AbstractTransferListenerAdapter - Downloading https://repo.maven.apache.org/maven2/org/springframework/boot/spring-boot/3.5.0/spring-boot-3.5.0-sources.jar
2025-05-25 10:30:09,023 [Worker-39: Download sources and javadoc] INFO  o.e.m.c.i.e.AbstractTransferListenerAdapter - Downloaded https://repo.maven.apache.org/maven2/org/springframework/boot/spring-boot/3.5.0/spring-boot-3.5.0-sources.jar
2025-05-25 10:30:09,026 [Worker-39: Download sources and javadoc] INFO  o.e.m.j.internal.DownloadSourcesJob - Downloaded sources for org.springframework.boot:spring-boot:3.5.0
2025-05-25 10:30:09,085 [Worker-39: Download sources and javadoc] INFO  o.e.m.c.i.e.AbstractTransferListenerAdapter - Downloading https://repo.maven.apache.org/maven2/org/springframework/boot/spring-boot-autoconfigure/3.5.0/spring-boot-autoconfigure-3.5.0-sources.jar
2025-05-25 10:30:09,249 [Worker-39: Download sources and javadoc] INFO  o.e.m.c.i.e.AbstractTransferListenerAdapter - Downloaded https://repo.maven.apache.org/maven2/org/springframework/boot/spring-boot-autoconfigure/3.5.0/spring-boot-autoconfigure-3.5.0-sources.jar
2025-05-25 10:30:09,251 [Worker-39: Download sources and javadoc] INFO  o.e.m.j.internal.DownloadSourcesJob - Downloaded sources for org.springframework.boot:spring-boot-autoconfigure:3.5.0
2025-05-25 10:30:09,269 [Worker-39: Download sources and javadoc] INFO  o.e.m.c.i.e.AbstractTransferListenerAdapter - Downloading https://repo.maven.apache.org/maven2/org/springframework/boot/spring-boot-starter-logging/3.5.0/spring-boot-starter-logging-3.5.0-sources.jar
2025-05-25 10:30:09,274 [Worker-39: Download sources and javadoc] INFO  o.e.m.c.i.e.AbstractTransferListenerAdapter - Downloaded https://repo.maven.apache.org/maven2/org/springframework/boot/spring-boot-starter-logging/3.5.0/spring-boot-starter-logging-3.5.0-sources.jar
2025-05-25 10:30:09,276 [Worker-39: Download sources and javadoc] INFO  o.e.m.j.internal.DownloadSourcesJob - Downloaded sources for org.springframework.boot:spring-boot-starter-logging:3.5.0
2025-05-25 10:30:09,294 [Worker-39: Download sources and javadoc] INFO  o.e.m.c.i.e.AbstractTransferListenerAdapter - Downloading https://repo.maven.apache.org/maven2/ch/qos/logback/logback-classic/1.5.18/logback-classic-1.5.18-sources.jar
2025-05-25 10:30:09,344 [Worker-39: Download sources and javadoc] INFO  o.e.m.c.i.e.AbstractTransferListenerAdapter - Downloaded https://repo.maven.apache.org/maven2/ch/qos/logback/logback-classic/1.5.18/logback-classic-1.5.18-sources.jar
2025-05-25 10:30:09,347 [Worker-39: Download sources and javadoc] INFO  o.e.m.j.internal.DownloadSourcesJob - Downloaded sources for ch.qos.logback:logback-classic:1.5.18
2025-05-25 10:30:09,367 [Worker-39: Download sources and javadoc] INFO  o.e.m.c.i.e.AbstractTransferListenerAdapter - Downloading https://repo.maven.apache.org/maven2/ch/qos/logback/logback-core/1.5.18/logback-core-1.5.18-sources.jar
2025-05-25 10:30:09,434 [Worker-39: Download sources and javadoc] INFO  o.e.m.c.i.e.AbstractTransferListenerAdapter - Downloaded https://repo.maven.apache.org/maven2/ch/qos/logback/logback-core/1.5.18/logback-core-1.5.18-sources.jar
2025-05-25 10:30:09,436 [Worker-39: Download sources and javadoc] INFO  o.e.m.j.internal.DownloadSourcesJob - Downloaded sources for ch.qos.logback:logback-core:1.5.18
2025-05-25 10:30:09,456 [Worker-39: Download sources and javadoc] INFO  o.e.m.c.i.e.AbstractTransferListenerAdapter - Downloading https://repo.maven.apache.org/maven2/org/slf4j/jul-to-slf4j/2.0.17/jul-to-slf4j-2.0.17-sources.jar
2025-05-25 10:30:09,458 [Worker-39: Download sources and javadoc] INFO  o.e.m.c.i.e.AbstractTransferListenerAdapter - Downloaded https://repo.maven.apache.org/maven2/org/slf4j/jul-to-slf4j/2.0.17/jul-to-slf4j-2.0.17-sources.jar
2025-05-25 10:30:09,460 [Worker-39: Download sources and javadoc] INFO  o.e.m.j.internal.DownloadSourcesJob - Downloaded sources for org.slf4j:jul-to-slf4j:2.0.17
2025-05-25 10:30:09,479 [Worker-39: Download sources and javadoc] INFO  o.e.m.c.i.e.AbstractTransferListenerAdapter - Downloading https://repo.maven.apache.org/maven2/org/yaml/snakeyaml/2.4/snakeyaml-2.4-sources.jar
2025-05-25 10:30:09,521 [Worker-39: Download sources and javadoc] INFO  o.e.m.c.i.e.AbstractTransferListenerAdapter - Downloaded https://repo.maven.apache.org/maven2/org/yaml/snakeyaml/2.4/snakeyaml-2.4-sources.jar
2025-05-25 10:30:09,523 [Worker-39: Download sources and javadoc] INFO  o.e.m.j.internal.DownloadSourcesJob - Downloaded sources for org.yaml:snakeyaml:2.4
2025-05-25 10:30:09,559 [Worker-39: Download sources and javadoc] INFO  o.e.m.c.i.e.AbstractTransferListenerAdapter - Downloading https://repo.maven.apache.org/maven2/org/springframework/boot/spring-boot-starter-json/3.5.0/spring-boot-starter-json-3.5.0-sources.jar
2025-05-25 10:30:09,562 [Worker-39: Download sources and javadoc] INFO  o.e.m.c.i.e.AbstractTransferListenerAdapter - Downloaded https://repo.maven.apache.org/maven2/org/springframework/boot/spring-boot-starter-json/3.5.0/spring-boot-starter-json-3.5.0-sources.jar
2025-05-25 10:30:09,565 [Worker-39: Download sources and javadoc] INFO  o.e.m.j.internal.DownloadSourcesJob - Downloaded sources for org.springframework.boot:spring-boot-starter-json:3.5.0
2025-05-25 10:30:09,583 [Worker-39: Download sources and javadoc] INFO  o.e.m.c.i.e.AbstractTransferListenerAdapter - Downloading https://repo.maven.apache.org/maven2/com/fasterxml/jackson/core/jackson-databind/2.19.0/jackson-databind-2.19.0-sources.jar
2025-05-25 10:30:09,753 [Worker-39: Download sources and javadoc] INFO  o.e.m.c.i.e.AbstractTransferListenerAdapter - Downloaded https://repo.maven.apache.org/maven2/com/fasterxml/jackson/core/jackson-databind/2.19.0/jackson-databind-2.19.0-sources.jar
2025-05-25 10:30:09,755 [Worker-39: Download sources and javadoc] INFO  o.e.m.j.internal.DownloadSourcesJob - Downloaded sources for com.fasterxml.jackson.core:jackson-databind:2.19.0
2025-05-25 10:30:09,773 [Worker-39: Download sources and javadoc] INFO  o.e.m.c.i.e.AbstractTransferListenerAdapter - Downloading https://repo.maven.apache.org/maven2/com/fasterxml/jackson/core/jackson-annotations/2.19.0/jackson-annotations-2.19.0-sources.jar
2025-05-25 10:30:09,791 [Worker-39: Download sources and javadoc] INFO  o.e.m.c.i.e.AbstractTransferListenerAdapter - Downloaded https://repo.maven.apache.org/maven2/com/fasterxml/jackson/core/jackson-annotations/2.19.0/jackson-annotations-2.19.0-sources.jar
2025-05-25 10:30:09,793 [Worker-39: Download sources and javadoc] INFO  o.e.m.j.internal.DownloadSourcesJob - Downloaded sources for com.fasterxml.jackson.core:jackson-annotations:2.19.0
2025-05-25 10:30:09,814 [Worker-39: Download sources and javadoc] INFO  o.e.m.c.i.e.AbstractTransferListenerAdapter - Downloading https://repo.maven.apache.org/maven2/com/fasterxml/jackson/core/jackson-core/2.19.0/jackson-core-2.19.0-sources.jar
2025-05-25 10:30:09,896 [Worker-39: Download sources and javadoc] INFO  o.e.m.c.i.e.AbstractTransferListenerAdapter - Downloaded https://repo.maven.apache.org/maven2/com/fasterxml/jackson/core/jackson-core/2.19.0/jackson-core-2.19.0-sources.jar
2025-05-25 10:30:09,898 [Worker-39: Download sources and javadoc] INFO  o.e.m.j.internal.DownloadSourcesJob - Downloaded sources for com.fasterxml.jackson.core:jackson-core:2.19.0
2025-05-25 10:30:09,938 [Worker-39: Download sources and javadoc] INFO  o.e.m.c.i.e.AbstractTransferListenerAdapter - Downloading https://repo.maven.apache.org/maven2/com/fasterxml/jackson/datatype/jackson-datatype-jdk8/2.19.0/jackson-datatype-jdk8-2.19.0-sources.jar
2025-05-25 10:30:09,941 [Worker-39: Download sources and javadoc] INFO  o.e.m.c.i.e.AbstractTransferListenerAdapter - Downloaded https://repo.maven.apache.org/maven2/com/fasterxml/jackson/datatype/jackson-datatype-jdk8/2.19.0/jackson-datatype-jdk8-2.19.0-sources.jar
2025-05-25 10:30:09,943 [Worker-39: Download sources and javadoc] INFO  o.e.m.j.internal.DownloadSourcesJob - Downloaded sources for com.fasterxml.jackson.datatype:jackson-datatype-jdk8:2.19.0
2025-05-25 10:30:09,965 [Worker-39: Download sources and javadoc] INFO  o.e.m.c.i.e.AbstractTransferListenerAdapter - Downloading https://repo.maven.apache.org/maven2/com/fasterxml/jackson/datatype/jackson-datatype-jsr310/2.19.0/jackson-datatype-jsr310-2.19.0-sources.jar
2025-05-25 10:30:09,981 [Worker-39: Download sources and javadoc] INFO  o.e.m.c.i.e.AbstractTransferListenerAdapter - Downloaded https://repo.maven.apache.org/maven2/com/fasterxml/jackson/datatype/jackson-datatype-jsr310/2.19.0/jackson-datatype-jsr310-2.19.0-sources.jar
2025-05-25 10:30:09,983 [Worker-39: Download sources and javadoc] INFO  o.e.m.j.internal.DownloadSourcesJob - Downloaded sources for com.fasterxml.jackson.datatype:jackson-datatype-jsr310:2.19.0
2025-05-25 10:30:10,069 [Worker-39: Download sources and javadoc] INFO  o.e.m.c.i.e.AbstractTransferListenerAdapter - Downloading https://repo.maven.apache.org/maven2/com/fasterxml/jackson/module/jackson-module-parameter-names/2.19.0/jackson-module-parameter-names-2.19.0-sources.jar
2025-05-25 10:30:10,073 [Worker-39: Download sources and javadoc] INFO  o.e.m.c.i.e.AbstractTransferListenerAdapter - Downloaded https://repo.maven.apache.org/maven2/com/fasterxml/jackson/module/jackson-module-parameter-names/2.19.0/jackson-module-parameter-names-2.19.0-sources.jar
2025-05-25 10:30:10,075 [Worker-39: Download sources and javadoc] INFO  o.e.m.j.internal.DownloadSourcesJob - Downloaded sources for com.fasterxml.jackson.module:jackson-module-parameter-names:2.19.0
2025-05-25 10:30:10,096 [Worker-39: Download sources and javadoc] INFO  o.e.m.c.i.e.AbstractTransferListenerAdapter - Downloading https://repo.maven.apache.org/maven2/org/springframework/boot/spring-boot-starter-tomcat/3.5.0/spring-boot-starter-tomcat-3.5.0-sources.jar
2025-05-25 10:30:10,098 [Worker-39: Download sources and javadoc] INFO  o.e.m.c.i.e.AbstractTransferListenerAdapter - Downloaded https://repo.maven.apache.org/maven2/org/springframework/boot/spring-boot-starter-tomcat/3.5.0/spring-boot-starter-tomcat-3.5.0-sources.jar
2025-05-25 10:30:10,100 [Worker-39: Download sources and javadoc] INFO  o.e.m.j.internal.DownloadSourcesJob - Downloaded sources for org.springframework.boot:spring-boot-starter-tomcat:3.5.0
2025-05-25 10:30:10,121 [Worker-39: Download sources and javadoc] INFO  o.e.m.c.i.e.AbstractTransferListenerAdapter - Downloading https://repo.maven.apache.org/maven2/org/apache/tomcat/embed/tomcat-embed-core/10.1.41/tomcat-embed-core-10.1.41-sources.jar
2025-05-25 10:30:10,604 [Worker-39: Download sources and javadoc] INFO  o.e.m.c.i.e.AbstractTransferListenerAdapter - Downloaded https://repo.maven.apache.org/maven2/org/apache/tomcat/embed/tomcat-embed-core/10.1.41/tomcat-embed-core-10.1.41-sources.jar
2025-05-25 10:30:10,606 [Worker-39: Download sources and javadoc] INFO  o.e.m.j.internal.DownloadSourcesJob - Downloaded sources for org.apache.tomcat.embed:tomcat-embed-core:10.1.41
2025-05-25 10:30:10,629 [Worker-39: Download sources and javadoc] INFO  o.e.m.c.i.e.AbstractTransferListenerAdapter - Downloading https://repo.maven.apache.org/maven2/org/apache/tomcat/embed/tomcat-embed-el/10.1.41/tomcat-embed-el-10.1.41-sources.jar
2025-05-25 10:30:10,668 [Worker-39: Download sources and javadoc] INFO  o.e.m.c.i.e.AbstractTransferListenerAdapter - Downloaded https://repo.maven.apache.org/maven2/org/apache/tomcat/embed/tomcat-embed-el/10.1.41/tomcat-embed-el-10.1.41-sources.jar
2025-05-25 10:30:10,671 [Worker-39: Download sources and javadoc] INFO  o.e.m.j.internal.DownloadSourcesJob - Downloaded sources for org.apache.tomcat.embed:tomcat-embed-el:10.1.41
2025-05-25 10:30:10,722 [Worker-39: Download sources and javadoc] INFO  o.e.m.c.i.e.AbstractTransferListenerAdapter - Downloading https://repo.maven.apache.org/maven2/org/apache/tomcat/embed/tomcat-embed-websocket/10.1.41/tomcat-embed-websocket-10.1.41-sources.jar
2025-05-25 10:30:10,766 [Worker-39: Download sources and javadoc] INFO  o.e.m.c.i.e.AbstractTransferListenerAdapter - Downloaded https://repo.maven.apache.org/maven2/org/apache/tomcat/embed/tomcat-embed-websocket/10.1.41/tomcat-embed-websocket-10.1.41-sources.jar
2025-05-25 10:30:10,768 [Worker-39: Download sources and javadoc] INFO  o.e.m.j.internal.DownloadSourcesJob - Downloaded sources for org.apache.tomcat.embed:tomcat-embed-websocket:10.1.41
2025-05-25 10:30:10,787 [Worker-39: Download sources and javadoc] INFO  o.e.m.c.i.e.AbstractTransferListenerAdapter - Downloading https://repo.maven.apache.org/maven2/org/springframework/spring-web/6.2.7/spring-web-6.2.7-sources.jar
2025-05-25 10:30:10,990 [Worker-39: Download sources and javadoc] INFO  o.e.m.c.i.e.AbstractTransferListenerAdapter - Downloaded https://repo.maven.apache.org/maven2/org/springframework/spring-web/6.2.7/spring-web-6.2.7-sources.jar
2025-05-25 10:30:10,992 [Worker-39: Download sources and javadoc] INFO  o.e.m.j.internal.DownloadSourcesJob - Downloaded sources for org.springframework:spring-web:6.2.7
2025-05-25 10:30:11,012 [Worker-39: Download sources and javadoc] INFO  o.e.m.c.i.e.AbstractTransferListenerAdapter - Downloading https://repo.maven.apache.org/maven2/org/springframework/spring-beans/6.2.7/spring-beans-6.2.7-sources.jar
2025-05-25 10:30:11,123 [Worker-39: Download sources and javadoc] INFO  o.e.m.c.i.e.AbstractTransferListenerAdapter - Downloaded https://repo.maven.apache.org/maven2/org/springframework/spring-beans/6.2.7/spring-beans-6.2.7-sources.jar
2025-05-25 10:30:11,125 [Worker-39: Download sources and javadoc] INFO  o.e.m.j.internal.DownloadSourcesJob - Downloaded sources for org.springframework:spring-beans:6.2.7
2025-05-25 10:30:11,147 [Worker-39: Download sources and javadoc] INFO  o.e.m.c.i.e.AbstractTransferListenerAdapter - Downloading https://repo.maven.apache.org/maven2/io/micrometer/micrometer-observation/1.15.0/micrometer-observation-1.15.0-sources.jar
2025-05-25 10:30:11,160 [Worker-39: Download sources and javadoc] INFO  o.e.m.c.i.e.AbstractTransferListenerAdapter - Downloaded https://repo.maven.apache.org/maven2/io/micrometer/micrometer-observation/1.15.0/micrometer-observation-1.15.0-sources.jar
2025-05-25 10:30:11,162 [Worker-39: Download sources and javadoc] INFO  o.e.m.j.internal.DownloadSourcesJob - Downloaded sources for io.micrometer:micrometer-observation:1.15.0
2025-05-25 10:30:11,272 [Worker-39: Download sources and javadoc] INFO  o.e.m.c.i.e.AbstractTransferListenerAdapter - Downloading https://repo.maven.apache.org/maven2/io/micrometer/micrometer-commons/1.15.0/micrometer-commons-1.15.0-sources.jar
2025-05-25 10:30:11,281 [Worker-39: Download sources and javadoc] INFO  o.e.m.c.i.e.AbstractTransferListenerAdapter - Downloaded https://repo.maven.apache.org/maven2/io/micrometer/micrometer-commons/1.15.0/micrometer-commons-1.15.0-sources.jar
2025-05-25 10:30:11,283 [Worker-39: Download sources and javadoc] INFO  o.e.m.j.internal.DownloadSourcesJob - Downloaded sources for io.micrometer:micrometer-commons:1.15.0
2025-05-25 10:30:11,306 [Worker-39: Download sources and javadoc] INFO  o.e.m.c.i.e.AbstractTransferListenerAdapter - Downloading https://repo.maven.apache.org/maven2/org/springframework/spring-webmvc/6.2.7/spring-webmvc-6.2.7-sources.jar
2025-05-25 10:30:11,401 [Worker-39: Download sources and javadoc] INFO  o.e.m.c.i.e.AbstractTransferListenerAdapter - Downloaded https://repo.maven.apache.org/maven2/org/springframework/spring-webmvc/6.2.7/spring-webmvc-6.2.7-sources.jar
2025-05-25 10:30:11,403 [Worker-39: Download sources and javadoc] INFO  o.e.m.j.internal.DownloadSourcesJob - Downloaded sources for org.springframework:spring-webmvc:6.2.7
2025-05-25 10:30:11,424 [Worker-39: Download sources and javadoc] INFO  o.e.m.c.i.e.AbstractTransferListenerAdapter - Downloading https://repo.maven.apache.org/maven2/org/springframework/spring-aop/6.2.7/spring-aop-6.2.7-sources.jar
2025-05-25 10:30:11,473 [Worker-39: Download sources and javadoc] INFO  o.e.m.c.i.e.AbstractTransferListenerAdapter - Downloaded https://repo.maven.apache.org/maven2/org/springframework/spring-aop/6.2.7/spring-aop-6.2.7-sources.jar
2025-05-25 10:30:11,475 [Worker-39: Download sources and javadoc] INFO  o.e.m.j.internal.DownloadSourcesJob - Downloaded sources for org.springframework:spring-aop:6.2.7
2025-05-25 10:30:11,500 [Worker-39: Download sources and javadoc] INFO  o.e.m.c.i.e.AbstractTransferListenerAdapter - Downloading https://repo.maven.apache.org/maven2/org/springframework/spring-context/6.2.7/spring-context-6.2.7-sources.jar
2025-05-25 10:30:11,621 [Worker-39: Download sources and javadoc] INFO  o.e.m.c.i.e.AbstractTransferListenerAdapter - Downloaded https://repo.maven.apache.org/maven2/org/springframework/spring-context/6.2.7/spring-context-6.2.7-sources.jar
2025-05-25 10:30:11,623 [Worker-39: Download sources and javadoc] INFO  o.e.m.j.internal.DownloadSourcesJob - Downloaded sources for org.springframework:spring-context:6.2.7
2025-05-25 10:30:11,644 [Worker-39: Download sources and javadoc] INFO  o.e.m.c.i.e.AbstractTransferListenerAdapter - Downloading https://repo.maven.apache.org/maven2/org/springframework/spring-expression/6.2.7/spring-expression-6.2.7-sources.jar
2025-05-25 10:30:11,674 [Worker-39: Download sources and javadoc] INFO  o.e.m.c.i.e.AbstractTransferListenerAdapter - Downloaded https://repo.maven.apache.org/maven2/org/springframework/spring-expression/6.2.7/spring-expression-6.2.7-sources.jar
2025-05-25 10:30:11,676 [Worker-39: Download sources and javadoc] INFO  o.e.m.j.internal.DownloadSourcesJob - Downloaded sources for org.springframework:spring-expression:6.2.7
2025-05-25 10:30:11,697 [Worker-39: Download sources and javadoc] INFO  o.e.m.c.i.e.AbstractTransferListenerAdapter - Downloading https://repo.maven.apache.org/maven2/org/springframework/boot/spring-boot-starter-test/3.5.0/spring-boot-starter-test-3.5.0-sources.jar
2025-05-25 10:30:11,699 [Worker-39: Download sources and javadoc] INFO  o.e.m.c.i.e.AbstractTransferListenerAdapter - Downloaded https://repo.maven.apache.org/maven2/org/springframework/boot/spring-boot-starter-test/3.5.0/spring-boot-starter-test-3.5.0-sources.jar
2025-05-25 10:30:11,701 [Worker-39: Download sources and javadoc] INFO  o.e.m.j.internal.DownloadSourcesJob - Downloaded sources for org.springframework.boot:spring-boot-starter-test:3.5.0
2025-05-25 10:30:11,726 [Worker-39: Download sources and javadoc] INFO  o.e.m.c.i.e.AbstractTransferListenerAdapter - Downloading https://repo.maven.apache.org/maven2/org/springframework/boot/spring-boot-test/3.5.0/spring-boot-test-3.5.0-sources.jar
2025-05-25 10:30:11,752 [Worker-39: Download sources and javadoc] INFO  o.e.m.c.i.e.AbstractTransferListenerAdapter - Downloaded https://repo.maven.apache.org/maven2/org/springframework/boot/spring-boot-test/3.5.0/spring-boot-test-3.5.0-sources.jar
2025-05-25 10:30:11,754 [Worker-39: Download sources and javadoc] INFO  o.e.m.j.internal.DownloadSourcesJob - Downloaded sources for org.springframework.boot:spring-boot-test:3.5.0
2025-05-25 10:30:11,779 [Worker-39: Download sources and javadoc] INFO  o.e.m.c.i.e.AbstractTransferListenerAdapter - Downloading https://repo.maven.apache.org/maven2/org/springframework/boot/spring-boot-test-autoconfigure/3.5.0/spring-boot-test-autoconfigure-3.5.0-sources.jar
2025-05-25 10:30:11,821 [Worker-39: Download sources and javadoc] INFO  o.e.m.c.i.e.AbstractTransferListenerAdapter - Downloaded https://repo.maven.apache.org/maven2/org/springframework/boot/spring-boot-test-autoconfigure/3.5.0/spring-boot-test-autoconfigure-3.5.0-sources.jar
2025-05-25 10:30:11,823 [Worker-39: Download sources and javadoc] INFO  o.e.m.j.internal.DownloadSourcesJob - Downloaded sources for org.springframework.boot:spring-boot-test-autoconfigure:3.5.0
2025-05-25 10:30:11,855 [Worker-39: Download sources and javadoc] INFO  o.e.m.c.i.e.AbstractTransferListenerAdapter - Downloading https://repo.maven.apache.org/maven2/org/slf4j/slf4j-api/2.0.17/slf4j-api-2.0.17-sources.jar
2025-05-25 10:30:11,864 [Worker-39: Download sources and javadoc] INFO  o.e.m.c.i.e.AbstractTransferListenerAdapter - Downloaded https://repo.maven.apache.org/maven2/org/slf4j/slf4j-api/2.0.17/slf4j-api-2.0.17-sources.jar
2025-05-25 10:30:11,866 [Worker-39: Download sources and javadoc] INFO  o.e.m.j.internal.DownloadSourcesJob - Downloaded sources for org.slf4j:slf4j-api:2.0.17
2025-05-25 10:30:11,885 [Worker-39: Download sources and javadoc] INFO  o.e.m.c.i.e.AbstractTransferListenerAdapter - Downloading https://repo.maven.apache.org/maven2/net/minidev/json-smart/2.5.2/json-smart-2.5.2-sources.jar
2025-05-25 10:30:11,895 [Worker-39: Download sources and javadoc] INFO  o.e.m.c.i.e.AbstractTransferListenerAdapter - Downloaded https://repo.maven.apache.org/maven2/net/minidev/json-smart/2.5.2/json-smart-2.5.2-sources.jar
2025-05-25 10:30:11,897 [Worker-39: Download sources and javadoc] INFO  o.e.m.j.internal.DownloadSourcesJob - Downloaded sources for net.minidev:json-smart:2.5.2
2025-05-25 10:30:11,917 [Worker-39: Download sources and javadoc] INFO  o.e.m.c.i.e.AbstractTransferListenerAdapter - Downloading https://repo.maven.apache.org/maven2/net/minidev/accessors-smart/2.5.2/accessors-smart-2.5.2-sources.jar
2025-05-25 10:30:11,923 [Worker-39: Download sources and javadoc] INFO  o.e.m.c.i.e.AbstractTransferListenerAdapter - Downloaded https://repo.maven.apache.org/maven2/net/minidev/accessors-smart/2.5.2/accessors-smart-2.5.2-sources.jar
2025-05-25 10:30:11,924 [Worker-39: Download sources and javadoc] INFO  o.e.m.j.internal.DownloadSourcesJob - Downloaded sources for net.minidev:accessors-smart:2.5.2
2025-05-25 10:30:11,943 [Worker-39: Download sources and javadoc] INFO  o.e.m.c.i.e.AbstractTransferListenerAdapter - Downloading https://repo.maven.apache.org/maven2/org/ow2/asm/asm/9.7.1/asm-9.7.1-sources.jar
2025-05-25 10:30:11,969 [Worker-39: Download sources and javadoc] INFO  o.e.m.c.i.e.AbstractTransferListenerAdapter - Downloaded https://repo.maven.apache.org/maven2/org/ow2/asm/asm/9.7.1/asm-9.7.1-sources.jar
2025-05-25 10:30:11,971 [Worker-39: Download sources and javadoc] INFO  o.e.m.j.internal.DownloadSourcesJob - Downloaded sources for org.ow2.asm:asm:9.7.1
2025-05-25 10:30:11,990 [Worker-39: Download sources and javadoc] INFO  o.e.m.c.i.e.AbstractTransferListenerAdapter - Downloading https://repo.maven.apache.org/maven2/org/assertj/assertj-core/3.27.3/assertj-core-3.27.3-sources.jar
2025-05-25 10:30:12,186 [Worker-39: Download sources and javadoc] INFO  o.e.m.c.i.e.AbstractTransferListenerAdapter - Downloaded https://repo.maven.apache.org/maven2/org/assertj/assertj-core/3.27.3/assertj-core-3.27.3-sources.jar
2025-05-25 10:30:12,188 [Worker-39: Download sources and javadoc] INFO  o.e.m.j.internal.DownloadSourcesJob - Downloaded sources for org.assertj:assertj-core:3.27.3
2025-05-25 10:30:12,217 [Worker-39: Download sources and javadoc] INFO  o.e.m.c.i.e.AbstractTransferListenerAdapter - Downloading https://repo.maven.apache.org/maven2/net/bytebuddy/byte-buddy/1.17.5/byte-buddy-1.17.5-sources.jar
2025-05-25 10:30:12,368 [Worker-39: Download sources and javadoc] INFO  o.e.m.c.i.e.AbstractTransferListenerAdapter - Downloaded https://repo.maven.apache.org/maven2/net/bytebuddy/byte-buddy/1.17.5/byte-buddy-1.17.5-sources.jar
2025-05-25 10:30:12,371 [Worker-39: Download sources and javadoc] INFO  o.e.m.j.internal.DownloadSourcesJob - Downloaded sources for net.bytebuddy:byte-buddy:1.17.5
2025-05-25 10:30:12,397 [Worker-39: Download sources and javadoc] INFO  o.e.m.c.i.e.AbstractTransferListenerAdapter - Downloading https://repo.maven.apache.org/maven2/org/awaitility/awaitility/4.3.0/awaitility-4.3.0-sources.jar
2025-05-25 10:30:12,409 [Worker-39: Download sources and javadoc] INFO  o.e.m.c.i.e.AbstractTransferListenerAdapter - Downloaded https://repo.maven.apache.org/maven2/org/awaitility/awaitility/4.3.0/awaitility-4.3.0-sources.jar
2025-05-25 10:30:12,411 [Worker-39: Download sources and javadoc] INFO  o.e.m.j.internal.DownloadSourcesJob - Downloaded sources for org.awaitility:awaitility:4.3.0
2025-05-25 10:30:12,473 [Worker-39: Download sources and javadoc] INFO  o.e.m.c.i.e.AbstractTransferListenerAdapter - Downloading https://repo.maven.apache.org/maven2/org/hamcrest/hamcrest/3.0/hamcrest-3.0-sources.jar
2025-05-25 10:30:12,501 [Worker-39: Download sources and javadoc] INFO  o.e.m.c.i.e.AbstractTransferListenerAdapter - Downloaded https://repo.maven.apache.org/maven2/org/hamcrest/hamcrest/3.0/hamcrest-3.0-sources.jar
2025-05-25 10:30:12,503 [Worker-39: Download sources and javadoc] INFO  o.e.m.j.internal.DownloadSourcesJob - Downloaded sources for org.hamcrest:hamcrest:3.0
2025-05-25 10:30:12,531 [Worker-39: Download sources and javadoc] INFO  o.e.m.c.i.e.AbstractTransferListenerAdapter - Downloading https://repo.maven.apache.org/maven2/org/junit/jupiter/junit-jupiter/5.12.2/junit-jupiter-5.12.2-sources.jar
2025-05-25 10:30:12,534 [Worker-39: Download sources and javadoc] INFO  o.e.m.c.i.e.AbstractTransferListenerAdapter - Downloaded https://repo.maven.apache.org/maven2/org/junit/jupiter/junit-jupiter/5.12.2/junit-jupiter-5.12.2-sources.jar
2025-05-25 10:30:12,537 [Worker-39: Download sources and javadoc] INFO  o.e.m.j.internal.DownloadSourcesJob - Downloaded sources for org.junit.jupiter:junit-jupiter:5.12.2
2025-05-25 10:30:12,566 [Worker-39: Download sources and javadoc] INFO  o.e.m.c.i.e.AbstractTransferListenerAdapter - Downloading https://repo.maven.apache.org/maven2/org/junit/jupiter/junit-jupiter-api/5.12.2/junit-jupiter-api-5.12.2-sources.jar
2025-05-25 10:30:12,595 [Worker-39: Download sources and javadoc] INFO  o.e.m.c.i.e.AbstractTransferListenerAdapter - Downloaded https://repo.maven.apache.org/maven2/org/junit/jupiter/junit-jupiter-api/5.12.2/junit-jupiter-api-5.12.2-sources.jar
2025-05-25 10:30:12,597 [Worker-39: Download sources and javadoc] INFO  o.e.m.j.internal.DownloadSourcesJob - Downloaded sources for org.junit.jupiter:junit-jupiter-api:5.12.2
2025-05-25 10:30:12,618 [Worker-39: Download sources and javadoc] INFO  o.e.m.c.i.e.AbstractTransferListenerAdapter - Downloading https://repo.maven.apache.org/maven2/org/junit/platform/junit-platform-commons/1.12.2/junit-platform-commons-1.12.2-sources.jar
2025-05-25 10:30:12,632 [Worker-39: Download sources and javadoc] INFO  o.e.m.c.i.e.AbstractTransferListenerAdapter - Downloaded https://repo.maven.apache.org/maven2/org/junit/platform/junit-platform-commons/1.12.2/junit-platform-commons-1.12.2-sources.jar
2025-05-25 10:30:12,634 [Worker-39: Download sources and javadoc] INFO  o.e.m.j.internal.DownloadSourcesJob - Downloaded sources for org.junit.platform:junit-platform-commons:1.12.2
2025-05-25 10:30:12,653 [Worker-39: Download sources and javadoc] INFO  o.e.m.c.i.e.AbstractTransferListenerAdapter - Downloading https://repo.maven.apache.org/maven2/org/junit/jupiter/junit-jupiter-params/5.12.2/junit-jupiter-params-5.12.2-sources.jar
2025-05-25 10:30:12,670 [Worker-39: Download sources and javadoc] INFO  o.e.m.c.i.e.AbstractTransferListenerAdapter - Downloaded https://repo.maven.apache.org/maven2/org/junit/jupiter/junit-jupiter-params/5.12.2/junit-jupiter-params-5.12.2-sources.jar
2025-05-25 10:30:12,672 [Worker-39: Download sources and javadoc] INFO  o.e.m.j.internal.DownloadSourcesJob - Downloaded sources for org.junit.jupiter:junit-jupiter-params:5.12.2
2025-05-25 10:30:12,693 [Worker-39: Download sources and javadoc] INFO  o.e.m.c.i.e.AbstractTransferListenerAdapter - Downloading https://repo.maven.apache.org/maven2/org/junit/jupiter/junit-jupiter-engine/5.12.2/junit-jupiter-engine-5.12.2-sources.jar
2025-05-25 10:30:12,718 [Worker-39: Download sources and javadoc] INFO  o.e.m.c.i.e.AbstractTransferListenerAdapter - Downloaded https://repo.maven.apache.org/maven2/org/junit/jupiter/junit-jupiter-engine/5.12.2/junit-jupiter-engine-5.12.2-sources.jar
2025-05-25 10:30:12,720 [Worker-39: Download sources and javadoc] INFO  o.e.m.j.internal.DownloadSourcesJob - Downloaded sources for org.junit.jupiter:junit-jupiter-engine:5.12.2
2025-05-25 10:30:12,741 [Worker-39: Download sources and javadoc] INFO  o.e.m.c.i.e.AbstractTransferListenerAdapter - Downloading https://repo.maven.apache.org/maven2/org/junit/platform/junit-platform-engine/1.12.2/junit-platform-engine-1.12.2-sources.jar
2025-05-25 10:30:12,765 [Worker-39: Download sources and javadoc] INFO  o.e.m.c.i.e.AbstractTransferListenerAdapter - Downloaded https://repo.maven.apache.org/maven2/org/junit/platform/junit-platform-engine/1.12.2/junit-platform-engine-1.12.2-sources.jar
2025-05-25 10:30:12,767 [Worker-39: Download sources and javadoc] INFO  o.e.m.j.internal.DownloadSourcesJob - Downloaded sources for org.junit.platform:junit-platform-engine:1.12.2
2025-05-25 10:30:12,788 [Worker-39: Download sources and javadoc] INFO  o.e.m.c.i.e.AbstractTransferListenerAdapter - Downloading https://repo.maven.apache.org/maven2/org/mockito/mockito-core/5.17.0/mockito-core-5.17.0-sources.jar
2025-05-25 10:30:12,852 [Worker-39: Download sources and javadoc] INFO  o.e.m.c.i.e.AbstractTransferListenerAdapter - Downloaded https://repo.maven.apache.org/maven2/org/mockito/mockito-core/5.17.0/mockito-core-5.17.0-sources.jar
2025-05-25 10:30:12,854 [Worker-39: Download sources and javadoc] INFO  o.e.m.j.internal.DownloadSourcesJob - Downloaded sources for org.mockito:mockito-core:5.17.0
2025-05-25 10:30:12,874 [Worker-39: Download sources and javadoc] INFO  o.e.m.c.i.e.AbstractTransferListenerAdapter - Downloading https://repo.maven.apache.org/maven2/net/bytebuddy/byte-buddy-agent/1.17.5/byte-buddy-agent-1.17.5-sources.jar
2025-05-25 10:30:12,900 [Worker-39: Download sources and javadoc] INFO  o.e.m.c.i.e.AbstractTransferListenerAdapter - Downloaded https://repo.maven.apache.org/maven2/net/bytebuddy/byte-buddy-agent/1.17.5/byte-buddy-agent-1.17.5-sources.jar
2025-05-25 10:30:12,902 [Worker-39: Download sources and javadoc] INFO  o.e.m.j.internal.DownloadSourcesJob - Downloaded sources for net.bytebuddy:byte-buddy-agent:1.17.5
2025-05-25 10:30:12,922 [Worker-39: Download sources and javadoc] INFO  o.e.m.c.i.e.AbstractTransferListenerAdapter - Downloading https://repo.maven.apache.org/maven2/org/mockito/mockito-junit-jupiter/5.17.0/mockito-junit-jupiter-5.17.0-sources.jar
2025-05-25 10:30:12,924 [Worker-39: Download sources and javadoc] INFO  o.e.m.c.i.e.AbstractTransferListenerAdapter - Downloaded https://repo.maven.apache.org/maven2/org/mockito/mockito-junit-jupiter/5.17.0/mockito-junit-jupiter-5.17.0-sources.jar
2025-05-25 10:30:12,926 [Worker-39: Download sources and javadoc] INFO  o.e.m.j.internal.DownloadSourcesJob - Downloaded sources for org.mockito:mockito-junit-jupiter:5.17.0
2025-05-25 10:30:12,947 [Worker-39: Download sources and javadoc] INFO  o.e.m.c.i.e.AbstractTransferListenerAdapter - Downloading https://repo.maven.apache.org/maven2/org/springframework/spring-core/6.2.7/spring-core-6.2.7-sources.jar
2025-05-25 10:30:13,115 [Worker-39: Download sources and javadoc] INFO  o.e.m.c.i.e.AbstractTransferListenerAdapter - Downloaded https://repo.maven.apache.org/maven2/org/springframework/spring-core/6.2.7/spring-core-6.2.7-sources.jar
2025-05-25 10:30:13,117 [Worker-39: Download sources and javadoc] INFO  o.e.m.j.internal.DownloadSourcesJob - Downloaded sources for org.springframework:spring-core:6.2.7
2025-05-25 10:30:13,142 [Worker-39: Download sources and javadoc] INFO  o.e.m.c.i.e.AbstractTransferListenerAdapter - Downloading https://repo.maven.apache.org/maven2/org/springframework/spring-jcl/6.2.7/spring-jcl-6.2.7-sources.jar
2025-05-25 10:30:13,146 [Worker-39: Download sources and javadoc] INFO  o.e.m.c.i.e.AbstractTransferListenerAdapter - Downloaded https://repo.maven.apache.org/maven2/org/springframework/spring-jcl/6.2.7/spring-jcl-6.2.7-sources.jar
2025-05-25 10:30:13,147 [Worker-39: Download sources and javadoc] INFO  o.e.m.j.internal.DownloadSourcesJob - Downloaded sources for org.springframework:spring-jcl:6.2.7
2025-05-25 10:30:13,167 [Worker-39: Download sources and javadoc] INFO  o.e.m.c.i.e.AbstractTransferListenerAdapter - Downloading https://repo.maven.apache.org/maven2/org/springframework/spring-test/6.2.7/spring-test-6.2.7-sources.jar
2025-05-25 10:30:13,288 [Worker-39: Download sources and javadoc] INFO  o.e.m.c.i.e.AbstractTransferListenerAdapter - Downloaded https://repo.maven.apache.org/maven2/org/springframework/spring-test/6.2.7/spring-test-6.2.7-sources.jar
2025-05-25 10:30:13,291 [Worker-39: Download sources and javadoc] INFO  o.e.m.j.internal.DownloadSourcesJob - Downloaded sources for org.springframework:spring-test:6.2.7
2025-05-25 10:30:13,326 [Worker-39: Download sources and javadoc] INFO  o.e.m.c.i.e.AbstractTransferListenerAdapter - Downloading https://repo.maven.apache.org/maven2/org/xmlunit/xmlunit-core/2.10.1/xmlunit-core-2.10.1-sources.jar
2025-05-25 10:30:13,342 [Worker-39: Download sources and javadoc] INFO  o.e.m.c.i.e.AbstractTransferListenerAdapter - Downloaded https://repo.maven.apache.org/maven2/org/xmlunit/xmlunit-core/2.10.1/xmlunit-core-2.10.1-sources.jar
2025-05-25 10:30:13,345 [Worker-39: Download sources and javadoc] INFO  o.e.m.j.internal.DownloadSourcesJob - Downloaded sources for org.xmlunit:xmlunit-core:2.10.1
2025-05-25 10:31:15,615 [Worker-35: Building] INFO  o.a.m.s.f.DefaultMavenResourcesFiltering - Copying 1 resource from src\main\resources to target\classes
2025-05-25 10:31:15,618 [Worker-35: Building] INFO  o.a.m.s.f.DefaultMavenResourcesFiltering - Copying 0 resource from src\main\resources to target\classes
2025-05-25 10:31:15,620 [Worker-35: Building] INFO  o.a.m.s.f.DefaultMavenResourcesFiltering - skip non existing resourceDirectory C:\DevOps\dockerProj\SimpleAppForPrac\src\test\resources
2025-05-25 10:31:33,214 [Worker-39: Building] INFO  o.a.m.s.f.DefaultMavenResourcesFiltering - Copying 1 resource from src\main\resources to target\classes
2025-05-25 10:31:33,217 [Worker-39: Building] INFO  o.a.m.s.f.DefaultMavenResourcesFiltering - Copying 0 resource from src\main\resources to target\classes
2025-05-25 10:31:33,220 [Worker-39: Building] INFO  o.a.m.s.f.DefaultMavenResourcesFiltering - skip non existing resourceDirectory C:\DevOps\dockerProj\SimpleAppForPrac\src\test\resources
2025-05-25 10:32:20,785 [Worker-38: Building] INFO  o.a.m.s.f.DefaultMavenResourcesFiltering - Copying 1 resource from src\main\resources to target\classes
2025-05-25 10:32:20,788 [Worker-38: Building] INFO  o.a.m.s.f.DefaultMavenResourcesFiltering - Copying 0 resource from src\main\resources to target\classes
2025-05-25 10:32:20,791 [Worker-38: Building] INFO  o.a.m.s.f.DefaultMavenResourcesFiltering - skip non existing resourceDirectory C:\DevOps\dockerProj\SimpleAppForPrac\src\test\resources
2025-05-25 10:32:49,343 [Worker-38: Building] INFO  o.a.m.s.f.DefaultMavenResourcesFiltering - Copying 1 resource from src\main\resources to target\classes
2025-05-25 10:32:49,345 [Worker-38: Building] INFO  o.a.m.s.f.DefaultMavenResourcesFiltering - Copying 0 resource from src\main\resources to target\classes
2025-05-25 10:32:49,346 [Worker-38: Building] INFO  o.a.m.s.f.DefaultMavenResourcesFiltering - skip non existing resourceDirectory C:\DevOps\dockerProj\SimpleAppForPrac\src\test\resources
2025-05-25 10:33:35,689 [Worker-35: Building] INFO  o.a.m.s.f.DefaultMavenResourcesFiltering - Copying 1 resource from src\main\resources to target\classes
2025-05-25 10:33:35,690 [Worker-35: Building] INFO  o.a.m.s.f.DefaultMavenResourcesFiltering - Copying 0 resource from src\main\resources to target\classes
2025-05-25 10:33:35,692 [Worker-35: Building] INFO  o.a.m.s.f.DefaultMavenResourcesFiltering - skip non existing resourceDirectory C:\DevOps\dockerProj\SimpleAppForPrac\src\test\resources
2025-05-25 10:34:17,659 [Worker-40: Building] INFO  o.a.m.s.f.DefaultMavenResourcesFiltering - Copying 1 resource from src\main\resources to target\classes
2025-05-25 10:34:17,662 [Worker-40: Building] INFO  o.a.m.s.f.DefaultMavenResourcesFiltering - Copying 0 resource from src\main\resources to target\classes
2025-05-25 10:34:17,664 [Worker-40: Building] INFO  o.a.m.s.f.DefaultMavenResourcesFiltering - skip non existing resourceDirectory C:\DevOps\dockerProj\SimpleAppForPrac\src\test\resources
